solid OpenSCAD_Model
  facet normal 1 -0 0
    outer loop
      vertex -32 -5.6 8
      vertex -32 5.6 -8
      vertex -32 5.6 8
    endloop
  endfacet
  facet normal 1 0 0
    outer loop
      vertex -32 5.6 -8
      vertex -32 -5.6 8
      vertex -32 -5.6 -8
    endloop
  endfacet
  facet normal 0 0 1
    outer loop
      vertex -32 5.6 8
      vertex -38.9 0 8
      vertex -32 -5.6 8
    endloop
  endfacet
  facet normal 0 0 1
    outer loop
      vertex -32 5.6 8
      vertex -38.9053 0.107819 8
      vertex -38.9 0 8
    endloop
  endfacet
  facet normal 0 0 1
    outer loop
      vertex -32 5.6 8
      vertex -38.9211 0.214599 8
      vertex -38.9053 0.107819 8
    endloop
  endfacet
  facet normal 0 0 1
    outer loop
      vertex -32 5.6 8
      vertex -38.9474 0.319313 8
      vertex -38.9211 0.214599 8
    endloop
  endfacet
  facet normal 0 0 1
    outer loop
      vertex -32 5.6 8
      vertex -38.9837 0.420951 8
      vertex -38.9474 0.319313 8
    endloop
  endfacet
  facet normal 0 0 1
    outer loop
      vertex -32 5.6 8
      vertex -39.0299 0.518536 8
      vertex -38.9837 0.420951 8
    endloop
  endfacet
  facet normal 0 0 1
    outer loop
      vertex -32 5.6 8
      vertex -39.0854 0.611127 8
      vertex -39.0299 0.518536 8
    endloop
  endfacet
  facet normal 0 0 1
    outer loop
      vertex -32 5.6 8
      vertex -39.1497 0.697832 8
      vertex -39.0854 0.611127 8
    endloop
  endfacet
  facet normal 0 0 1
    outer loop
      vertex -32 5.6 8
      vertex -39.2222 0.777817 8
      vertex -39.1497 0.697832 8
    endloop
  endfacet
  facet normal 0 0 1
    outer loop
      vertex -32 5.6 8
      vertex -39.3022 0.850311 8
      vertex -39.2222 0.777817 8
    endloop
  endfacet
  facet normal 0 0 1
    outer loop
      vertex -32 5.6 8
      vertex -39.3889 0.914616 8
      vertex -39.3022 0.850311 8
    endloop
  endfacet
  facet normal 0 0 1
    outer loop
      vertex -32 5.6 8
      vertex -39.4815 0.970113 8
      vertex -39.3889 0.914616 8
    endloop
  endfacet
  facet normal 0 0 1
    outer loop
      vertex -32 5.6 8
      vertex -39.579 1.01627 8
      vertex -39.4815 0.970113 8
    endloop
  endfacet
  facet normal 0 0 1
    outer loop
      vertex -32 5.6 8
      vertex -39.6807 1.05263 8
      vertex -39.579 1.01627 8
    endloop
  endfacet
  facet normal 0 0 1
    outer loop
      vertex -32 5.6 8
      vertex -39.7854 1.07886 8
      vertex -39.6807 1.05263 8
    endloop
  endfacet
  facet normal 0 0 1
    outer loop
      vertex -32 5.6 8
      vertex -39.8922 1.0947 8
      vertex -39.7854 1.07886 8
    endloop
  endfacet
  facet normal 0 0 1
    outer loop
      vertex -32 5.6 8
      vertex -40 1.1 8
      vertex -39.8922 1.0947 8
    endloop
  endfacet
  facet normal -0 0 1
    outer loop
      vertex -48 5.6 8
      vertex -40 1.1 8
      vertex -32 5.6 8
    endloop
  endfacet
  facet normal 0 0 1
    outer loop
      vertex -40 1.1 8
      vertex -48 5.6 8
      vertex -40.1078 1.0947 8
    endloop
  endfacet
  facet normal 0 0 1
    outer loop
      vertex -40.1078 1.0947 8
      vertex -48 5.6 8
      vertex -40.2146 1.07886 8
    endloop
  endfacet
  facet normal 0 0 1
    outer loop
      vertex -40.2146 1.07886 8
      vertex -48 5.6 8
      vertex -40.3193 1.05263 8
    endloop
  endfacet
  facet normal 0 0 1
    outer loop
      vertex -40.3193 1.05263 8
      vertex -48 5.6 8
      vertex -40.421 1.01627 8
    endloop
  endfacet
  facet normal 0 0 1
    outer loop
      vertex -41.0947 0.107819 8
      vertex -48 5.6 8
      vertex -41.1 0 8
    endloop
  endfacet
  facet normal 0 0 1
    outer loop
      vertex -41.0789 0.214599 8
      vertex -48 5.6 8
      vertex -41.0947 0.107819 8
    endloop
  endfacet
  facet normal 0 0 1
    outer loop
      vertex -41.0526 0.319313 8
      vertex -48 5.6 8
      vertex -41.0789 0.214599 8
    endloop
  endfacet
  facet normal 0 0 1
    outer loop
      vertex -41.0163 0.420951 8
      vertex -48 5.6 8
      vertex -41.0526 0.319313 8
    endloop
  endfacet
  facet normal 0 0 1
    outer loop
      vertex -40.9701 0.518536 8
      vertex -48 5.6 8
      vertex -41.0163 0.420951 8
    endloop
  endfacet
  facet normal 0 0 1
    outer loop
      vertex -40.9146 0.611127 8
      vertex -48 5.6 8
      vertex -40.9701 0.518536 8
    endloop
  endfacet
  facet normal 0 0 1
    outer loop
      vertex -40.8503 0.697832 8
      vertex -48 5.6 8
      vertex -40.9146 0.611127 8
    endloop
  endfacet
  facet normal 0 0 1
    outer loop
      vertex -40.7778 0.777817 8
      vertex -48 5.6 8
      vertex -40.8503 0.697832 8
    endloop
  endfacet
  facet normal 0 0 1
    outer loop
      vertex -40.6978 0.850311 8
      vertex -48 5.6 8
      vertex -40.7778 0.777817 8
    endloop
  endfacet
  facet normal 0 0 1
    outer loop
      vertex -40.6111 0.914616 8
      vertex -48 5.6 8
      vertex -40.6978 0.850311 8
    endloop
  endfacet
  facet normal 0 0 1
    outer loop
      vertex -40.5185 0.970113 8
      vertex -48 5.6 8
      vertex -40.6111 0.914616 8
    endloop
  endfacet
  facet normal 0 0 1
    outer loop
      vertex -40.421 1.01627 8
      vertex -48 5.6 8
      vertex -40.5185 0.970113 8
    endloop
  endfacet
  facet normal -0 0 1
    outer loop
      vertex -38.9053 -0.107819 8
      vertex -32 -5.6 8
      vertex -38.9 0 8
    endloop
  endfacet
  facet normal -0 0 1
    outer loop
      vertex -38.9211 -0.214599 8
      vertex -32 -5.6 8
      vertex -38.9053 -0.107819 8
    endloop
  endfacet
  facet normal -0 0 1
    outer loop
      vertex -38.9474 -0.319313 8
      vertex -32 -5.6 8
      vertex -38.9211 -0.214599 8
    endloop
  endfacet
  facet normal -0 0 1
    outer loop
      vertex -38.9837 -0.420951 8
      vertex -32 -5.6 8
      vertex -38.9474 -0.319313 8
    endloop
  endfacet
  facet normal -0 0 1
    outer loop
      vertex -39.0299 -0.518536 8
      vertex -32 -5.6 8
      vertex -38.9837 -0.420951 8
    endloop
  endfacet
  facet normal -0 0 1
    outer loop
      vertex -39.0854 -0.611127 8
      vertex -32 -5.6 8
      vertex -39.0299 -0.518536 8
    endloop
  endfacet
  facet normal -0 0 1
    outer loop
      vertex -39.1497 -0.697832 8
      vertex -32 -5.6 8
      vertex -39.0854 -0.611127 8
    endloop
  endfacet
  facet normal -0 0 1
    outer loop
      vertex -39.2222 -0.777817 8
      vertex -32 -5.6 8
      vertex -39.1497 -0.697832 8
    endloop
  endfacet
  facet normal -0 0 1
    outer loop
      vertex -39.3022 -0.850311 8
      vertex -32 -5.6 8
      vertex -39.2222 -0.777817 8
    endloop
  endfacet
  facet normal -0 0 1
    outer loop
      vertex -39.3889 -0.914616 8
      vertex -32 -5.6 8
      vertex -39.3022 -0.850311 8
    endloop
  endfacet
  facet normal -0 0 1
    outer loop
      vertex -39.4815 -0.970113 8
      vertex -32 -5.6 8
      vertex -39.3889 -0.914616 8
    endloop
  endfacet
  facet normal -0 0 1
    outer loop
      vertex -39.579 -1.01627 8
      vertex -32 -5.6 8
      vertex -39.4815 -0.970113 8
    endloop
  endfacet
  facet normal -0 0 1
    outer loop
      vertex -39.6807 -1.05263 8
      vertex -32 -5.6 8
      vertex -39.579 -1.01627 8
    endloop
  endfacet
  facet normal -0 0 1
    outer loop
      vertex -39.7854 -1.07886 8
      vertex -32 -5.6 8
      vertex -39.6807 -1.05263 8
    endloop
  endfacet
  facet normal -0 0 1
    outer loop
      vertex -39.8922 -1.0947 8
      vertex -32 -5.6 8
      vertex -39.7854 -1.07886 8
    endloop
  endfacet
  facet normal -0 0 1
    outer loop
      vertex -40 -1.1 8
      vertex -32 -5.6 8
      vertex -39.8922 -1.0947 8
    endloop
  endfacet
  facet normal 0 0 1
    outer loop
      vertex -48 -5.6 8
      vertex -40 -1.1 8
      vertex -40.1078 -1.0947 8
    endloop
  endfacet
  facet normal 0 0 1
    outer loop
      vertex -48 -5.6 8
      vertex -40.1078 -1.0947 8
      vertex -40.2146 -1.07886 8
    endloop
  endfacet
  facet normal 0 0 1
    outer loop
      vertex -48 -5.6 8
      vertex -40.2146 -1.07886 8
      vertex -40.3193 -1.05263 8
    endloop
  endfacet
  facet normal 0 0 1
    outer loop
      vertex -48 -5.6 8
      vertex -40.3193 -1.05263 8
      vertex -40.421 -1.01627 8
    endloop
  endfacet
  facet normal 0 0 1
    outer loop
      vertex -48 -5.6 8
      vertex -40.421 -1.01627 8
      vertex -40.5185 -0.970113 8
    endloop
  endfacet
  facet normal 0 0 1
    outer loop
      vertex -48 -5.6 8
      vertex -41.1 0 8
      vertex -48 5.6 8
    endloop
  endfacet
  facet normal 0 0 1
    outer loop
      vertex -41.1 0 8
      vertex -48 -5.6 8
      vertex -41.0947 -0.107819 8
    endloop
  endfacet
  facet normal 0 0 1
    outer loop
      vertex -41.0947 -0.107819 8
      vertex -48 -5.6 8
      vertex -41.0789 -0.214599 8
    endloop
  endfacet
  facet normal 0 0 1
    outer loop
      vertex -41.0789 -0.214599 8
      vertex -48 -5.6 8
      vertex -41.0526 -0.319313 8
    endloop
  endfacet
  facet normal 0 0 1
    outer loop
      vertex -41.0526 -0.319313 8
      vertex -48 -5.6 8
      vertex -41.0163 -0.420951 8
    endloop
  endfacet
  facet normal 0 0 1
    outer loop
      vertex -41.0163 -0.420951 8
      vertex -48 -5.6 8
      vertex -40.9701 -0.518536 8
    endloop
  endfacet
  facet normal 0 0 1
    outer loop
      vertex -40.9701 -0.518536 8
      vertex -48 -5.6 8
      vertex -40.9146 -0.611127 8
    endloop
  endfacet
  facet normal 0 0 1
    outer loop
      vertex -40.9146 -0.611127 8
      vertex -48 -5.6 8
      vertex -40.8503 -0.697832 8
    endloop
  endfacet
  facet normal 0 0 1
    outer loop
      vertex -40.8503 -0.697832 8
      vertex -48 -5.6 8
      vertex -40.7778 -0.777817 8
    endloop
  endfacet
  facet normal 0 0 1
    outer loop
      vertex -40 -1.1 8
      vertex -48 -5.6 8
      vertex -32 -5.6 8
    endloop
  endfacet
  facet normal 0 0 1
    outer loop
      vertex -40.6111 -0.914616 8
      vertex -48 -5.6 8
      vertex -40.5185 -0.970113 8
    endloop
  endfacet
  facet normal 0 0 1
    outer loop
      vertex -40.6978 -0.850311 8
      vertex -48 -5.6 8
      vertex -40.6111 -0.914616 8
    endloop
  endfacet
  facet normal 0 0 1
    outer loop
      vertex -40.7778 -0.777817 8
      vertex -48 -5.6 8
      vertex -40.6978 -0.850311 8
    endloop
  endfacet
  facet normal 0 0 -1
    outer loop
      vertex -48 -5.6 -8
      vertex -32 5.6 -8
      vertex -32 -5.6 -8
    endloop
  endfacet
  facet normal -0 0 -1
    outer loop
      vertex -32 5.6 -8
      vertex -48 -5.6 -8
      vertex -48 5.6 -8
    endloop
  endfacet
  facet normal -1 0 0
    outer loop
      vertex -48 -5.6 -8
      vertex -48 5.6 8
      vertex -48 5.6 -8
    endloop
  endfacet
  facet normal -1 -0 0
    outer loop
      vertex -48 5.6 8
      vertex -48 -5.6 -8
      vertex -48 -5.6 8
    endloop
  endfacet
  facet normal 0 1 0
    outer loop
      vertex -32 5.6 8
      vertex -35.8 5.6 0.799999
      vertex -48 5.6 8
    endloop
  endfacet
  facet normal 0 1 0
    outer loop
      vertex -32 5.6 8
      vertex -35.8 5.6 -0.799999
      vertex -35.8 5.6 0.799999
    endloop
  endfacet
  facet normal 0 1 0
    outer loop
      vertex -35.8 5.6 -0.799999
      vertex -32 5.6 -8
      vertex -44.2 5.6 -0.799999
    endloop
  endfacet
  facet normal 0 1 -0
    outer loop
      vertex -32 5.6 -8
      vertex -35.8 5.6 -0.799999
      vertex -32 5.6 8
    endloop
  endfacet
  facet normal 0 1 -0
    outer loop
      vertex -44.2 5.6 0.799999
      vertex -48 5.6 8
      vertex -35.8 5.6 0.799999
    endloop
  endfacet
  facet normal 0 1 -0
    outer loop
      vertex -44.2 5.6 -0.799999
      vertex -48 5.6 8
      vertex -44.2 5.6 0.799999
    endloop
  endfacet
  facet normal 0 1 0
    outer loop
      vertex -44.2 5.6 -0.799999
      vertex -48 5.6 -8
      vertex -48 5.6 8
    endloop
  endfacet
  facet normal 0 1 0
    outer loop
      vertex -48 5.6 -8
      vertex -44.2 5.6 -0.799999
      vertex -32 5.6 -8
    endloop
  endfacet
  facet normal 0 -1 0
    outer loop
      vertex -48 -5.6 -8
      vertex -32 -5.6 8
      vertex -48 -5.6 8
    endloop
  endfacet
  facet normal 0 -1 -0
    outer loop
      vertex -32 -5.6 8
      vertex -48 -5.6 -8
      vertex -32 -5.6 -8
    endloop
  endfacet
  facet normal -1 0 0
    outer loop
      vertex -33.825 -2.775 -6.175
      vertex -33.825 2.775 6.175
      vertex -33.825 2.775 -6.175
    endloop
  endfacet
  facet normal -1 -0 0
    outer loop
      vertex -33.825 2.775 6.175
      vertex -33.825 -2.775 -6.175
      vertex -33.825 -2.775 6.175
    endloop
  endfacet
  facet normal 0 0 -1
    outer loop
      vertex -33.825 -2.775 6.175
      vertex -38.9 0 6.175
      vertex -33.825 2.775 6.175
    endloop
  endfacet
  facet normal 0 0 -1
    outer loop
      vertex -33.825 -2.775 6.175
      vertex -38.9053 -0.107819 6.175
      vertex -38.9 0 6.175
    endloop
  endfacet
  facet normal 0 0 -1
    outer loop
      vertex -33.825 -2.775 6.175
      vertex -38.9211 -0.214599 6.175
      vertex -38.9053 -0.107819 6.175
    endloop
  endfacet
  facet normal 0 0 -1
    outer loop
      vertex -33.825 -2.775 6.175
      vertex -38.9474 -0.319313 6.175
      vertex -38.9211 -0.214599 6.175
    endloop
  endfacet
  facet normal 0 0 -1
    outer loop
      vertex -33.825 -2.775 6.175
      vertex -38.9837 -0.420951 6.175
      vertex -38.9474 -0.319313 6.175
    endloop
  endfacet
  facet normal 0 0 -1
    outer loop
      vertex -33.825 -2.775 6.175
      vertex -39.0299 -0.518536 6.175
      vertex -38.9837 -0.420951 6.175
    endloop
  endfacet
  facet normal 0 0 -1
    outer loop
      vertex -33.825 -2.775 6.175
      vertex -39.0854 -0.611127 6.175
      vertex -39.0299 -0.518536 6.175
    endloop
  endfacet
  facet normal 0 0 -1
    outer loop
      vertex -33.825 -2.775 6.175
      vertex -39.1497 -0.697832 6.175
      vertex -39.0854 -0.611127 6.175
    endloop
  endfacet
  facet normal 0 0 -1
    outer loop
      vertex -33.825 -2.775 6.175
      vertex -39.2222 -0.777817 6.175
      vertex -39.1497 -0.697832 6.175
    endloop
  endfacet
  facet normal 0 0 -1
    outer loop
      vertex -33.825 -2.775 6.175
      vertex -39.3022 -0.850311 6.175
      vertex -39.2222 -0.777817 6.175
    endloop
  endfacet
  facet normal 0 0 -1
    outer loop
      vertex -33.825 -2.775 6.175
      vertex -39.3889 -0.914616 6.175
      vertex -39.3022 -0.850311 6.175
    endloop
  endfacet
  facet normal 0 0 -1
    outer loop
      vertex -33.825 -2.775 6.175
      vertex -39.4815 -0.970113 6.175
      vertex -39.3889 -0.914616 6.175
    endloop
  endfacet
  facet normal 0 0 -1
    outer loop
      vertex -33.825 -2.775 6.175
      vertex -39.579 -1.01627 6.175
      vertex -39.4815 -0.970113 6.175
    endloop
  endfacet
  facet normal 0 0 -1
    outer loop
      vertex -33.825 -2.775 6.175
      vertex -39.6807 -1.05263 6.175
      vertex -39.579 -1.01627 6.175
    endloop
  endfacet
  facet normal 0 0 -1
    outer loop
      vertex -33.825 -2.775 6.175
      vertex -39.7854 -1.07886 6.175
      vertex -39.6807 -1.05263 6.175
    endloop
  endfacet
  facet normal 0 0 -1
    outer loop
      vertex -33.825 -2.775 6.175
      vertex -39.8922 -1.0947 6.175
      vertex -39.7854 -1.07886 6.175
    endloop
  endfacet
  facet normal 0 0 -1
    outer loop
      vertex -33.825 -2.775 6.175
      vertex -40 -1.1 6.175
      vertex -39.8922 -1.0947 6.175
    endloop
  endfacet
  facet normal 0 0 -1
    outer loop
      vertex -46.175 -2.775 6.175
      vertex -40 -1.1 6.175
      vertex -33.825 -2.775 6.175
    endloop
  endfacet
  facet normal -0 0 -1
    outer loop
      vertex -40 -1.1 6.175
      vertex -46.175 -2.775 6.175
      vertex -40.1078 -1.0947 6.175
    endloop
  endfacet
  facet normal -0 0 -1
    outer loop
      vertex -40.1078 -1.0947 6.175
      vertex -46.175 -2.775 6.175
      vertex -40.2146 -1.07886 6.175
    endloop
  endfacet
  facet normal -0 0 -1
    outer loop
      vertex -41.0947 -0.107819 6.175
      vertex -46.175 -2.775 6.175
      vertex -41.1 0 6.175
    endloop
  endfacet
  facet normal -0 0 -1
    outer loop
      vertex -41.0789 -0.214599 6.175
      vertex -46.175 -2.775 6.175
      vertex -41.0947 -0.107819 6.175
    endloop
  endfacet
  facet normal -0 0 -1
    outer loop
      vertex -41.0526 -0.319313 6.175
      vertex -46.175 -2.775 6.175
      vertex -41.0789 -0.214599 6.175
    endloop
  endfacet
  facet normal -0 0 -1
    outer loop
      vertex -41.0163 -0.420951 6.175
      vertex -46.175 -2.775 6.175
      vertex -41.0526 -0.319313 6.175
    endloop
  endfacet
  facet normal -0 0 -1
    outer loop
      vertex -40.9701 -0.518536 6.175
      vertex -46.175 -2.775 6.175
      vertex -41.0163 -0.420951 6.175
    endloop
  endfacet
  facet normal -0 0 -1
    outer loop
      vertex -40.9146 -0.611127 6.175
      vertex -46.175 -2.775 6.175
      vertex -40.9701 -0.518536 6.175
    endloop
  endfacet
  facet normal -0 0 -1
    outer loop
      vertex -40.8503 -0.697832 6.175
      vertex -46.175 -2.775 6.175
      vertex -40.9146 -0.611127 6.175
    endloop
  endfacet
  facet normal -0 0 -1
    outer loop
      vertex -40.7778 -0.777817 6.175
      vertex -46.175 -2.775 6.175
      vertex -40.8503 -0.697832 6.175
    endloop
  endfacet
  facet normal -0 0 -1
    outer loop
      vertex -40.6978 -0.850311 6.175
      vertex -46.175 -2.775 6.175
      vertex -40.7778 -0.777817 6.175
    endloop
  endfacet
  facet normal -0 0 -1
    outer loop
      vertex -40.6111 -0.914616 6.175
      vertex -46.175 -2.775 6.175
      vertex -40.6978 -0.850311 6.175
    endloop
  endfacet
  facet normal -0 0 -1
    outer loop
      vertex -40.5185 -0.970113 6.175
      vertex -46.175 -2.775 6.175
      vertex -40.6111 -0.914616 6.175
    endloop
  endfacet
  facet normal -0 0 -1
    outer loop
      vertex -40.421 -1.01627 6.175
      vertex -46.175 -2.775 6.175
      vertex -40.5185 -0.970113 6.175
    endloop
  endfacet
  facet normal -0 0 -1
    outer loop
      vertex -40.3193 -1.05263 6.175
      vertex -46.175 -2.775 6.175
      vertex -40.421 -1.01627 6.175
    endloop
  endfacet
  facet normal -0 0 -1
    outer loop
      vertex -40.2146 -1.07886 6.175
      vertex -46.175 -2.775 6.175
      vertex -40.3193 -1.05263 6.175
    endloop
  endfacet
  facet normal 0 0 -1
    outer loop
      vertex -38.9053 0.107819 6.175
      vertex -33.825 2.775 6.175
      vertex -38.9 0 6.175
    endloop
  endfacet
  facet normal 0 0 -1
    outer loop
      vertex -38.9211 0.214599 6.175
      vertex -33.825 2.775 6.175
      vertex -38.9053 0.107819 6.175
    endloop
  endfacet
  facet normal 0 0 -1
    outer loop
      vertex -38.9474 0.319313 6.175
      vertex -33.825 2.775 6.175
      vertex -38.9211 0.214599 6.175
    endloop
  endfacet
  facet normal 0 0 -1
    outer loop
      vertex -38.9837 0.420951 6.175
      vertex -33.825 2.775 6.175
      vertex -38.9474 0.319313 6.175
    endloop
  endfacet
  facet normal 0 0 -1
    outer loop
      vertex -39.0299 0.518536 6.175
      vertex -33.825 2.775 6.175
      vertex -38.9837 0.420951 6.175
    endloop
  endfacet
  facet normal 0 0 -1
    outer loop
      vertex -39.0854 0.611127 6.175
      vertex -33.825 2.775 6.175
      vertex -39.0299 0.518536 6.175
    endloop
  endfacet
  facet normal 0 0 -1
    outer loop
      vertex -39.1497 0.697832 6.175
      vertex -33.825 2.775 6.175
      vertex -39.0854 0.611127 6.175
    endloop
  endfacet
  facet normal 0 0 -1
    outer loop
      vertex -39.2222 0.777817 6.175
      vertex -33.825 2.775 6.175
      vertex -39.1497 0.697832 6.175
    endloop
  endfacet
  facet normal 0 0 -1
    outer loop
      vertex -39.3022 0.850311 6.175
      vertex -33.825 2.775 6.175
      vertex -39.2222 0.777817 6.175
    endloop
  endfacet
  facet normal 0 0 -1
    outer loop
      vertex -39.3889 0.914616 6.175
      vertex -33.825 2.775 6.175
      vertex -39.3022 0.850311 6.175
    endloop
  endfacet
  facet normal 0 0 -1
    outer loop
      vertex -39.4815 0.970113 6.175
      vertex -33.825 2.775 6.175
      vertex -39.3889 0.914616 6.175
    endloop
  endfacet
  facet normal 0 0 -1
    outer loop
      vertex -39.579 1.01627 6.175
      vertex -33.825 2.775 6.175
      vertex -39.4815 0.970113 6.175
    endloop
  endfacet
  facet normal 0 0 -1
    outer loop
      vertex -39.6807 1.05263 6.175
      vertex -33.825 2.775 6.175
      vertex -39.579 1.01627 6.175
    endloop
  endfacet
  facet normal 0 0 -1
    outer loop
      vertex -39.7854 1.07886 6.175
      vertex -33.825 2.775 6.175
      vertex -39.6807 1.05263 6.175
    endloop
  endfacet
  facet normal 0 0 -1
    outer loop
      vertex -39.8922 1.0947 6.175
      vertex -33.825 2.775 6.175
      vertex -39.7854 1.07886 6.175
    endloop
  endfacet
  facet normal 0 0 -1
    outer loop
      vertex -40 1.1 6.175
      vertex -33.825 2.775 6.175
      vertex -39.8922 1.0947 6.175
    endloop
  endfacet
  facet normal 0 0 -1
    outer loop
      vertex -46.175 2.775 6.175
      vertex -40 1.1 6.175
      vertex -40.1078 1.0947 6.175
    endloop
  endfacet
  facet normal 0 0 -1
    outer loop
      vertex -46.175 2.775 6.175
      vertex -40.1078 1.0947 6.175
      vertex -40.2146 1.07886 6.175
    endloop
  endfacet
  facet normal 0 0 -1
    outer loop
      vertex -46.175 2.775 6.175
      vertex -40.2146 1.07886 6.175
      vertex -40.3193 1.05263 6.175
    endloop
  endfacet
  facet normal 0 0 -1
    outer loop
      vertex -46.175 2.775 6.175
      vertex -41.1 0 6.175
      vertex -46.175 -2.775 6.175
    endloop
  endfacet
  facet normal 0 0 -1
    outer loop
      vertex -41.1 0 6.175
      vertex -46.175 2.775 6.175
      vertex -41.0947 0.107819 6.175
    endloop
  endfacet
  facet normal 0 0 -1
    outer loop
      vertex -41.0947 0.107819 6.175
      vertex -46.175 2.775 6.175
      vertex -41.0789 0.214599 6.175
    endloop
  endfacet
  facet normal 0 0 -1
    outer loop
      vertex -41.0789 0.214599 6.175
      vertex -46.175 2.775 6.175
      vertex -41.0526 0.319313 6.175
    endloop
  endfacet
  facet normal 0 0 -1
    outer loop
      vertex -41.0526 0.319313 6.175
      vertex -46.175 2.775 6.175
      vertex -41.0163 0.420951 6.175
    endloop
  endfacet
  facet normal 0 0 -1
    outer loop
      vertex -41.0163 0.420951 6.175
      vertex -46.175 2.775 6.175
      vertex -40.9701 0.518536 6.175
    endloop
  endfacet
  facet normal 0 0 -1
    outer loop
      vertex -40.9701 0.518536 6.175
      vertex -46.175 2.775 6.175
      vertex -40.9146 0.611127 6.175
    endloop
  endfacet
  facet normal 0 0 -1
    outer loop
      vertex -40.9146 0.611127 6.175
      vertex -46.175 2.775 6.175
      vertex -40.8503 0.697832 6.175
    endloop
  endfacet
  facet normal 0 0 -1
    outer loop
      vertex -40.8503 0.697832 6.175
      vertex -46.175 2.775 6.175
      vertex -40.7778 0.777817 6.175
    endloop
  endfacet
  facet normal 0 0 -1
    outer loop
      vertex -40.7778 0.777817 6.175
      vertex -46.175 2.775 6.175
      vertex -40.6978 0.850311 6.175
    endloop
  endfacet
  facet normal 0 0 -1
    outer loop
      vertex -40 1.1 6.175
      vertex -46.175 2.775 6.175
      vertex -33.825 2.775 6.175
    endloop
  endfacet
  facet normal 0 0 -1
    outer loop
      vertex -40.421 1.01627 6.175
      vertex -46.175 2.775 6.175
      vertex -40.3193 1.05263 6.175
    endloop
  endfacet
  facet normal 0 0 -1
    outer loop
      vertex -40.5185 0.970113 6.175
      vertex -46.175 2.775 6.175
      vertex -40.421 1.01627 6.175
    endloop
  endfacet
  facet normal 0 0 -1
    outer loop
      vertex -40.6111 0.914616 6.175
      vertex -46.175 2.775 6.175
      vertex -40.5185 0.970113 6.175
    endloop
  endfacet
  facet normal 0 0 -1
    outer loop
      vertex -40.6978 0.850311 6.175
      vertex -46.175 2.775 6.175
      vertex -40.6111 0.914616 6.175
    endloop
  endfacet
  facet normal -0 0 1
    outer loop
      vertex -46.175 2.775 -6.175
      vertex -33.825 -2.775 -6.175
      vertex -33.825 2.775 -6.175
    endloop
  endfacet
  facet normal 0 0 1
    outer loop
      vertex -33.825 -2.775 -6.175
      vertex -46.175 2.775 -6.175
      vertex -46.175 -2.775 -6.175
    endloop
  endfacet
  facet normal 1 -0 0
    outer loop
      vertex -46.175 -2.775 6.175
      vertex -46.175 2.775 -6.175
      vertex -46.175 2.775 6.175
    endloop
  endfacet
  facet normal 1 0 0
    outer loop
      vertex -46.175 2.775 -6.175
      vertex -46.175 -2.775 6.175
      vertex -46.175 -2.775 -6.175
    endloop
  endfacet
  facet normal 0 -1 0
    outer loop
      vertex -46.175 2.775 6.175
      vertex -44.2 2.775 0.799999
      vertex -33.825 2.775 6.175
    endloop
  endfacet
  facet normal 0 -1 0
    outer loop
      vertex -46.175 2.775 6.175
      vertex -44.2 2.775 -0.799999
      vertex -44.2 2.775 0.799999
    endloop
  endfacet
  facet normal 0 -1 -0
    outer loop
      vertex -44.2 2.775 -0.799999
      vertex -46.175 2.775 -6.175
      vertex -35.8 2.775 -0.799999
    endloop
  endfacet
  facet normal 0 -1 0
    outer loop
      vertex -46.175 2.775 -6.175
      vertex -44.2 2.775 -0.799999
      vertex -46.175 2.775 6.175
    endloop
  endfacet
  facet normal 0 -1 0
    outer loop
      vertex -35.8 2.775 0.799999
      vertex -33.825 2.775 6.175
      vertex -44.2 2.775 0.799999
    endloop
  endfacet
  facet normal 0 -1 0
    outer loop
      vertex -35.8 2.775 -0.799999
      vertex -33.825 2.775 6.175
      vertex -35.8 2.775 0.799999
    endloop
  endfacet
  facet normal 0 -1 0
    outer loop
      vertex -35.8 2.775 -0.799999
      vertex -33.825 2.775 -6.175
      vertex -33.825 2.775 6.175
    endloop
  endfacet
  facet normal 0 -1 0
    outer loop
      vertex -33.825 2.775 -6.175
      vertex -35.8 2.775 -0.799999
      vertex -46.175 2.775 -6.175
    endloop
  endfacet
  facet normal 0 1 -0
    outer loop
      vertex -33.825 -2.775 -6.175
      vertex -46.175 -2.775 6.175
      vertex -33.825 -2.775 6.175
    endloop
  endfacet
  facet normal 0 1 0
    outer loop
      vertex -46.175 -2.775 6.175
      vertex -33.825 -2.775 -6.175
      vertex -46.175 -2.775 -6.175
    endloop
  endfacet
  facet normal -1 0 0
    outer loop
      vertex -35.8 2.775 -0.799999
      vertex -35.8 5.6 0.799999
      vertex -35.8 5.6 -0.799999
    endloop
  endfacet
  facet normal -1 -0 0
    outer loop
      vertex -35.8 5.6 0.799999
      vertex -35.8 2.775 -0.799999
      vertex -35.8 2.775 0.799999
    endloop
  endfacet
  facet normal 0 0 -1
    outer loop
      vertex -44.2 2.775 0.799999
      vertex -35.8 5.6 0.799999
      vertex -35.8 2.775 0.799999
    endloop
  endfacet
  facet normal -0 0 -1
    outer loop
      vertex -35.8 5.6 0.799999
      vertex -44.2 2.775 0.799999
      vertex -44.2 5.6 0.799999
    endloop
  endfacet
  facet normal -0 0 1
    outer loop
      vertex -44.2 5.6 -0.799999
      vertex -35.8 2.775 -0.799999
      vertex -35.8 5.6 -0.799999
    endloop
  endfacet
  facet normal 0 0 1
    outer loop
      vertex -35.8 2.775 -0.799999
      vertex -44.2 5.6 -0.799999
      vertex -44.2 2.775 -0.799999
    endloop
  endfacet
  facet normal 1 -0 0
    outer loop
      vertex -44.2 2.775 0.799999
      vertex -44.2 5.6 -0.799999
      vertex -44.2 5.6 0.799999
    endloop
  endfacet
  facet normal 1 0 0
    outer loop
      vertex -44.2 5.6 -0.799999
      vertex -44.2 2.775 0.799999
      vertex -44.2 2.775 -0.799999
    endloop
  endfacet
  facet normal -0.989229 -0.146374 0
    outer loop
      vertex -38.9053 0.107819 6.175
      vertex -38.9211 0.214599 8
      vertex -38.9211 0.214599 6.175
    endloop
  endfacet
  facet normal -0.989229 -0.146374 0
    outer loop
      vertex -38.9211 0.214599 8
      vertex -38.9053 0.107819 6.175
      vertex -38.9053 0.107819 8
    endloop
  endfacet
  facet normal -0.998794 -0.0490972 0
    outer loop
      vertex -38.9 0 6.175
      vertex -38.9053 0.107819 8
      vertex -38.9053 0.107819 6.175
    endloop
  endfacet
  facet normal -0.998794 -0.0490972 0
    outer loop
      vertex -38.9053 0.107819 8
      vertex -38.9 0 6.175
      vertex -38.9 0 8
    endloop
  endfacet
  facet normal -0.969877 -0.243595 0
    outer loop
      vertex -38.9211 0.214599 6.175
      vertex -38.9474 0.319313 8
      vertex -38.9474 0.319313 6.175
    endloop
  endfacet
  facet normal -0.969877 -0.243595 0
    outer loop
      vertex -38.9474 0.319313 8
      vertex -38.9211 0.214599 6.175
      vertex -38.9211 0.214599 8
    endloop
  endfacet
  facet normal 0.42788 -0.903835 0
    outer loop
      vertex -40.5185 0.970113 6.175
      vertex -40.421 1.01627 8
      vertex -40.5185 0.970113 8
    endloop
  endfacet
  facet normal 0.42788 -0.903835 0
    outer loop
      vertex -40.421 1.01627 8
      vertex -40.5185 0.970113 6.175
      vertex -40.421 1.01627 6.175
    endloop
  endfacet
  facet normal -0.336653 -0.941629 0
    outer loop
      vertex -39.6807 1.05263 6.175
      vertex -39.579 1.01627 8
      vertex -39.6807 1.05263 8
    endloop
  endfacet
  facet normal -0.336653 -0.941629 -0
    outer loop
      vertex -39.579 1.01627 8
      vertex -39.6807 1.05263 6.175
      vertex -39.579 1.01627 6.175
    endloop
  endfacet
  facet normal -0.14671 -0.98918 0
    outer loop
      vertex -39.8922 1.0947 6.175
      vertex -39.7854 1.07886 8
      vertex -39.8922 1.0947 8
    endloop
  endfacet
  facet normal -0.14671 -0.98918 -0
    outer loop
      vertex -39.7854 1.07886 8
      vertex -39.8922 1.0947 6.175
      vertex -39.7854 1.07886 6.175
    endloop
  endfacet
  facet normal -0.998794 0.0490972 0
    outer loop
      vertex -38.9053 -0.107819 6.175
      vertex -38.9 0 8
      vertex -38.9 0 6.175
    endloop
  endfacet
  facet normal -0.998794 0.0490972 0
    outer loop
      vertex -38.9 0 8
      vertex -38.9053 -0.107819 6.175
      vertex -38.9053 -0.107819 8
    endloop
  endfacet
  facet normal 0.336653 -0.941629 0
    outer loop
      vertex -40.421 1.01627 6.175
      vertex -40.3193 1.05263 8
      vertex -40.421 1.01627 8
    endloop
  endfacet
  facet normal 0.336653 -0.941629 0
    outer loop
      vertex -40.3193 1.05263 8
      vertex -40.421 1.01627 6.175
      vertex -40.3193 1.05263 6.175
    endloop
  endfacet
  facet normal -0.243015 0.970022 0
    outer loop
      vertex -39.6807 -1.05263 6.175
      vertex -39.7854 -1.07886 8
      vertex -39.6807 -1.05263 8
    endloop
  endfacet
  facet normal -0.243015 0.970022 0
    outer loop
      vertex -39.7854 -1.07886 8
      vertex -39.6807 -1.05263 6.175
      vertex -39.7854 -1.07886 6.175
    endloop
  endfacet
  facet normal -0.803229 0.595671 0
    outer loop
      vertex -39.1497 -0.697832 6.175
      vertex -39.0854 -0.611127 8
      vertex -39.0854 -0.611127 6.175
    endloop
  endfacet
  facet normal -0.803229 0.595671 0
    outer loop
      vertex -39.0854 -0.611127 8
      vertex -39.1497 -0.697832 6.175
      vertex -39.1497 -0.697832 8
    endloop
  endfacet
  facet normal 0.514067 -0.85775 0
    outer loop
      vertex -40.6111 0.914616 6.175
      vertex -40.5185 0.970113 8
      vertex -40.6111 0.914616 8
    endloop
  endfacet
  facet normal 0.514067 -0.85775 0
    outer loop
      vertex -40.5185 0.970113 8
      vertex -40.6111 0.914616 6.175
      vertex -40.5185 0.970113 6.175
    endloop
  endfacet
  facet normal 0.989229 0.146374 0
    outer loop
      vertex -41.0789 -0.214599 8
      vertex -41.0947 -0.107819 6.175
      vertex -41.0947 -0.107819 8
    endloop
  endfacet
  facet normal 0.989229 0.146374 0
    outer loop
      vertex -41.0947 -0.107819 6.175
      vertex -41.0789 -0.214599 8
      vertex -41.0789 -0.214599 6.175
    endloop
  endfacet
  facet normal 0.740924 -0.671589 0
    outer loop
      vertex -40.8503 0.697832 8
      vertex -40.7778 0.777817 6.175
      vertex -40.7778 0.777817 8
    endloop
  endfacet
  facet normal 0.740924 -0.671589 0
    outer loop
      vertex -40.7778 0.777817 6.175
      vertex -40.8503 0.697832 8
      vertex -40.8503 0.697832 6.175
    endloop
  endfacet
  facet normal 0.969877 -0.243595 0
    outer loop
      vertex -41.0789 0.214599 8
      vertex -41.0526 0.319313 6.175
      vertex -41.0526 0.319313 8
    endloop
  endfacet
  facet normal 0.969877 -0.243595 0
    outer loop
      vertex -41.0526 0.319313 6.175
      vertex -41.0789 0.214599 8
      vertex -41.0789 0.214599 6.175
    endloop
  endfacet
  facet normal -0.42788 0.903835 0
    outer loop
      vertex -39.4815 -0.970113 6.175
      vertex -39.579 -1.01627 8
      vertex -39.4815 -0.970113 8
    endloop
  endfacet
  facet normal -0.42788 0.903835 0
    outer loop
      vertex -39.579 -1.01627 8
      vertex -39.4815 -0.970113 6.175
      vertex -39.579 -1.01627 6.175
    endloop
  endfacet
  facet normal 0.0491058 -0.998794 0
    outer loop
      vertex -40.1078 1.0947 6.175
      vertex -40 1.1 8
      vertex -40.1078 1.0947 8
    endloop
  endfacet
  facet normal 0.0491058 -0.998794 0
    outer loop
      vertex -40 1.1 8
      vertex -40.1078 1.0947 6.175
      vertex -40 1.1 6.175
    endloop
  endfacet
  facet normal 0.595723 0.80319 -0
    outer loop
      vertex -40.6111 -0.914616 6.175
      vertex -40.6978 -0.850311 8
      vertex -40.6111 -0.914616 8
    endloop
  endfacet
  facet normal 0.595723 0.80319 0
    outer loop
      vertex -40.6978 -0.850311 8
      vertex -40.6111 -0.914616 6.175
      vertex -40.6978 -0.850311 6.175
    endloop
  endfacet
  facet normal -0.14671 0.98918 0
    outer loop
      vertex -39.7854 -1.07886 6.175
      vertex -39.8922 -1.0947 8
      vertex -39.7854 -1.07886 8
    endloop
  endfacet
  facet normal -0.14671 0.98918 0
    outer loop
      vertex -39.8922 -1.0947 8
      vertex -39.7854 -1.07886 6.175
      vertex -39.8922 -1.0947 6.175
    endloop
  endfacet
  facet normal 0.14671 -0.98918 0
    outer loop
      vertex -40.2146 1.07886 6.175
      vertex -40.1078 1.0947 8
      vertex -40.2146 1.07886 8
    endloop
  endfacet
  facet normal 0.14671 -0.98918 0
    outer loop
      vertex -40.1078 1.0947 8
      vertex -40.2146 1.07886 6.175
      vertex -40.1078 1.0947 6.175
    endloop
  endfacet
  facet normal 0.989229 -0.146374 0
    outer loop
      vertex -41.0947 0.107819 8
      vertex -41.0789 0.214599 6.175
      vertex -41.0789 0.214599 8
    endloop
  endfacet
  facet normal 0.989229 -0.146374 0
    outer loop
      vertex -41.0789 0.214599 6.175
      vertex -41.0947 0.107819 8
      vertex -41.0947 0.107819 6.175
    endloop
  endfacet
  facet normal 0.803229 0.595671 0
    outer loop
      vertex -40.8503 -0.697832 8
      vertex -40.9146 -0.611127 6.175
      vertex -40.9146 -0.611127 8
    endloop
  endfacet
  facet normal 0.803229 0.595671 0
    outer loop
      vertex -40.9146 -0.611127 6.175
      vertex -40.8503 -0.697832 8
      vertex -40.8503 -0.697832 6.175
    endloop
  endfacet
  facet normal -0.903826 0.427901 0
    outer loop
      vertex -39.0299 -0.518536 6.175
      vertex -38.9837 -0.420951 8
      vertex -38.9837 -0.420951 6.175
    endloop
  endfacet
  facet normal -0.903826 0.427901 0
    outer loop
      vertex -38.9837 -0.420951 8
      vertex -39.0299 -0.518536 6.175
      vertex -39.0299 -0.518536 8
    endloop
  endfacet
  facet normal -0.671489 -0.741015 0
    outer loop
      vertex -39.3022 0.850311 6.175
      vertex -39.2222 0.777817 8
      vertex -39.3022 0.850311 8
    endloop
  endfacet
  facet normal -0.671489 -0.741015 -0
    outer loop
      vertex -39.2222 0.777817 8
      vertex -39.3022 0.850311 6.175
      vertex -39.2222 0.777817 6.175
    endloop
  endfacet
  facet normal 0.243015 -0.970022 0
    outer loop
      vertex -40.3193 1.05263 6.175
      vertex -40.2146 1.07886 8
      vertex -40.3193 1.05263 8
    endloop
  endfacet
  facet normal 0.243015 -0.970022 0
    outer loop
      vertex -40.2146 1.07886 8
      vertex -40.3193 1.05263 6.175
      vertex -40.2146 1.07886 6.175
    endloop
  endfacet
  facet normal -0.42788 -0.903835 0
    outer loop
      vertex -39.579 1.01627 6.175
      vertex -39.4815 0.970113 8
      vertex -39.579 1.01627 8
    endloop
  endfacet
  facet normal -0.42788 -0.903835 -0
    outer loop
      vertex -39.4815 0.970113 8
      vertex -39.579 1.01627 6.175
      vertex -39.4815 0.970113 6.175
    endloop
  endfacet
  facet normal -0.0491058 0.998794 0
    outer loop
      vertex -39.8922 -1.0947 6.175
      vertex -40 -1.1 8
      vertex -39.8922 -1.0947 8
    endloop
  endfacet
  facet normal -0.0491058 0.998794 0
    outer loop
      vertex -40 -1.1 8
      vertex -39.8922 -1.0947 6.175
      vertex -40 -1.1 6.175
    endloop
  endfacet
  facet normal -0.803229 -0.595671 0
    outer loop
      vertex -39.0854 0.611127 6.175
      vertex -39.1497 0.697832 8
      vertex -39.1497 0.697832 6.175
    endloop
  endfacet
  facet normal -0.803229 -0.595671 0
    outer loop
      vertex -39.1497 0.697832 8
      vertex -39.0854 0.611127 6.175
      vertex -39.0854 0.611127 8
    endloop
  endfacet
  facet normal 0.903826 0.427901 0
    outer loop
      vertex -40.9701 -0.518536 8
      vertex -41.0163 -0.420951 6.175
      vertex -41.0163 -0.420951 8
    endloop
  endfacet
  facet normal 0.903826 0.427901 0
    outer loop
      vertex -41.0163 -0.420951 6.175
      vertex -40.9701 -0.518536 8
      vertex -40.9701 -0.518536 6.175
    endloop
  endfacet
  facet normal 0.740924 0.671589 0
    outer loop
      vertex -40.7778 -0.777817 8
      vertex -40.8503 -0.697832 6.175
      vertex -40.8503 -0.697832 8
    endloop
  endfacet
  facet normal 0.740924 0.671589 0
    outer loop
      vertex -40.8503 -0.697832 6.175
      vertex -40.7778 -0.777817 8
      vertex -40.7778 -0.777817 6.175
    endloop
  endfacet
  facet normal 0.336653 0.941629 -0
    outer loop
      vertex -40.3193 -1.05263 6.175
      vertex -40.421 -1.01627 8
      vertex -40.3193 -1.05263 8
    endloop
  endfacet
  facet normal 0.336653 0.941629 0
    outer loop
      vertex -40.421 -1.01627 8
      vertex -40.3193 -1.05263 6.175
      vertex -40.421 -1.01627 6.175
    endloop
  endfacet
  facet normal 0.0491058 0.998794 -0
    outer loop
      vertex -40 -1.1 6.175
      vertex -40.1078 -1.0947 8
      vertex -40 -1.1 8
    endloop
  endfacet
  facet normal 0.0491058 0.998794 0
    outer loop
      vertex -40.1078 -1.0947 8
      vertex -40 -1.1 6.175
      vertex -40.1078 -1.0947 6.175
    endloop
  endfacet
  facet normal 0.998794 -0.0490972 0
    outer loop
      vertex -41.1 0 8
      vertex -41.0947 0.107819 6.175
      vertex -41.0947 0.107819 8
    endloop
  endfacet
  facet normal 0.998794 -0.0490972 0
    outer loop
      vertex -41.0947 0.107819 6.175
      vertex -41.1 0 8
      vertex -41.1 0 6.175
    endloop
  endfacet
  facet normal -0.336653 0.941629 0
    outer loop
      vertex -39.579 -1.01627 6.175
      vertex -39.6807 -1.05263 8
      vertex -39.579 -1.01627 8
    endloop
  endfacet
  facet normal -0.336653 0.941629 0
    outer loop
      vertex -39.6807 -1.05263 8
      vertex -39.579 -1.01627 6.175
      vertex -39.6807 -1.05263 6.175
    endloop
  endfacet
  facet normal -0.969877 0.243595 0
    outer loop
      vertex -38.9474 -0.319313 6.175
      vertex -38.9211 -0.214599 8
      vertex -38.9211 -0.214599 6.175
    endloop
  endfacet
  facet normal -0.969877 0.243595 0
    outer loop
      vertex -38.9211 -0.214599 8
      vertex -38.9474 -0.319313 6.175
      vertex -38.9474 -0.319313 8
    endloop
  endfacet
  facet normal -0.94174 0.336342 0
    outer loop
      vertex -38.9837 -0.420951 6.175
      vertex -38.9474 -0.319313 8
      vertex -38.9474 -0.319313 6.175
    endloop
  endfacet
  facet normal -0.94174 0.336342 0
    outer loop
      vertex -38.9474 -0.319313 8
      vertex -38.9837 -0.420951 6.175
      vertex -38.9837 -0.420951 8
    endloop
  endfacet
  facet normal -0.740924 0.671589 0
    outer loop
      vertex -39.2222 -0.777817 6.175
      vertex -39.1497 -0.697832 8
      vertex -39.1497 -0.697832 6.175
    endloop
  endfacet
  facet normal -0.740924 0.671589 0
    outer loop
      vertex -39.1497 -0.697832 8
      vertex -39.2222 -0.777817 6.175
      vertex -39.2222 -0.777817 8
    endloop
  endfacet
  facet normal -0.514067 -0.85775 0
    outer loop
      vertex -39.4815 0.970113 6.175
      vertex -39.3889 0.914616 8
      vertex -39.4815 0.970113 8
    endloop
  endfacet
  facet normal -0.514067 -0.85775 -0
    outer loop
      vertex -39.3889 0.914616 8
      vertex -39.4815 0.970113 6.175
      vertex -39.3889 0.914616 6.175
    endloop
  endfacet
  facet normal -0.243015 -0.970022 0
    outer loop
      vertex -39.7854 1.07886 6.175
      vertex -39.6807 1.05263 8
      vertex -39.7854 1.07886 8
    endloop
  endfacet
  facet normal -0.243015 -0.970022 -0
    outer loop
      vertex -39.6807 1.05263 8
      vertex -39.7854 1.07886 6.175
      vertex -39.6807 1.05263 6.175
    endloop
  endfacet
  facet normal -0.94174 -0.336342 0
    outer loop
      vertex -38.9474 0.319313 6.175
      vertex -38.9837 0.420951 8
      vertex -38.9837 0.420951 6.175
    endloop
  endfacet
  facet normal -0.94174 -0.336342 0
    outer loop
      vertex -38.9837 0.420951 8
      vertex -38.9474 0.319313 6.175
      vertex -38.9474 0.319313 8
    endloop
  endfacet
  facet normal -0.595723 -0.80319 0
    outer loop
      vertex -39.3889 0.914616 6.175
      vertex -39.3022 0.850311 8
      vertex -39.3889 0.914616 8
    endloop
  endfacet
  facet normal -0.595723 -0.80319 -0
    outer loop
      vertex -39.3022 0.850311 8
      vertex -39.3889 0.914616 6.175
      vertex -39.3022 0.850311 6.175
    endloop
  endfacet
  facet normal 0.969877 0.243595 0
    outer loop
      vertex -41.0526 -0.319313 8
      vertex -41.0789 -0.214599 6.175
      vertex -41.0789 -0.214599 8
    endloop
  endfacet
  facet normal 0.969877 0.243595 0
    outer loop
      vertex -41.0789 -0.214599 6.175
      vertex -41.0526 -0.319313 8
      vertex -41.0526 -0.319313 6.175
    endloop
  endfacet
  facet normal -0.903826 -0.427901 0
    outer loop
      vertex -38.9837 0.420951 6.175
      vertex -39.0299 0.518536 8
      vertex -39.0299 0.518536 6.175
    endloop
  endfacet
  facet normal -0.903826 -0.427901 0
    outer loop
      vertex -39.0299 0.518536 8
      vertex -38.9837 0.420951 6.175
      vertex -38.9837 0.420951 8
    endloop
  endfacet
  facet normal -0.0491058 -0.998794 0
    outer loop
      vertex -40 1.1 6.175
      vertex -39.8922 1.0947 8
      vertex -40 1.1 8
    endloop
  endfacet
  facet normal -0.0491058 -0.998794 -0
    outer loop
      vertex -39.8922 1.0947 8
      vertex -40 1.1 6.175
      vertex -39.8922 1.0947 6.175
    endloop
  endfacet
  facet normal -0.989229 0.146374 0
    outer loop
      vertex -38.9211 -0.214599 6.175
      vertex -38.9053 -0.107819 8
      vertex -38.9053 -0.107819 6.175
    endloop
  endfacet
  facet normal -0.989229 0.146374 0
    outer loop
      vertex -38.9053 -0.107819 8
      vertex -38.9211 -0.214599 6.175
      vertex -38.9211 -0.214599 8
    endloop
  endfacet
  facet normal -0.857716 -0.514124 0
    outer loop
      vertex -39.0299 0.518536 6.175
      vertex -39.0854 0.611127 8
      vertex -39.0854 0.611127 6.175
    endloop
  endfacet
  facet normal -0.857716 -0.514124 0
    outer loop
      vertex -39.0854 0.611127 8
      vertex -39.0299 0.518536 6.175
      vertex -39.0299 0.518536 8
    endloop
  endfacet
  facet normal 0.671489 0.741015 -0
    outer loop
      vertex -40.6978 -0.850311 6.175
      vertex -40.7778 -0.777817 8
      vertex -40.6978 -0.850311 8
    endloop
  endfacet
  facet normal 0.671489 0.741015 0
    outer loop
      vertex -40.7778 -0.777817 8
      vertex -40.6978 -0.850311 6.175
      vertex -40.7778 -0.777817 6.175
    endloop
  endfacet
  facet normal 0.671489 -0.741015 0
    outer loop
      vertex -40.7778 0.777817 6.175
      vertex -40.6978 0.850311 8
      vertex -40.7778 0.777817 8
    endloop
  endfacet
  facet normal 0.671489 -0.741015 0
    outer loop
      vertex -40.6978 0.850311 8
      vertex -40.7778 0.777817 6.175
      vertex -40.6978 0.850311 6.175
    endloop
  endfacet
  facet normal 0.857716 0.514124 0
    outer loop
      vertex -40.9146 -0.611127 8
      vertex -40.9701 -0.518536 6.175
      vertex -40.9701 -0.518536 8
    endloop
  endfacet
  facet normal 0.857716 0.514124 0
    outer loop
      vertex -40.9701 -0.518536 6.175
      vertex -40.9146 -0.611127 8
      vertex -40.9146 -0.611127 6.175
    endloop
  endfacet
  facet normal -0.671489 0.741015 0
    outer loop
      vertex -39.2222 -0.777817 6.175
      vertex -39.3022 -0.850311 8
      vertex -39.2222 -0.777817 8
    endloop
  endfacet
  facet normal -0.671489 0.741015 0
    outer loop
      vertex -39.3022 -0.850311 8
      vertex -39.2222 -0.777817 6.175
      vertex -39.3022 -0.850311 6.175
    endloop
  endfacet
  facet normal -0.595723 0.80319 0
    outer loop
      vertex -39.3022 -0.850311 6.175
      vertex -39.3889 -0.914616 8
      vertex -39.3022 -0.850311 8
    endloop
  endfacet
  facet normal -0.595723 0.80319 0
    outer loop
      vertex -39.3889 -0.914616 8
      vertex -39.3022 -0.850311 6.175
      vertex -39.3889 -0.914616 6.175
    endloop
  endfacet
  facet normal 0.857716 -0.514124 0
    outer loop
      vertex -40.9701 0.518536 8
      vertex -40.9146 0.611127 6.175
      vertex -40.9146 0.611127 8
    endloop
  endfacet
  facet normal 0.857716 -0.514124 0
    outer loop
      vertex -40.9146 0.611127 6.175
      vertex -40.9701 0.518536 8
      vertex -40.9701 0.518536 6.175
    endloop
  endfacet
  facet normal 0.14671 0.98918 -0
    outer loop
      vertex -40.1078 -1.0947 6.175
      vertex -40.2146 -1.07886 8
      vertex -40.1078 -1.0947 8
    endloop
  endfacet
  facet normal 0.14671 0.98918 0
    outer loop
      vertex -40.2146 -1.07886 8
      vertex -40.1078 -1.0947 6.175
      vertex -40.2146 -1.07886 6.175
    endloop
  endfacet
  facet normal 0.94174 0.336342 0
    outer loop
      vertex -41.0163 -0.420951 8
      vertex -41.0526 -0.319313 6.175
      vertex -41.0526 -0.319313 8
    endloop
  endfacet
  facet normal 0.94174 0.336342 0
    outer loop
      vertex -41.0526 -0.319313 6.175
      vertex -41.0163 -0.420951 8
      vertex -41.0163 -0.420951 6.175
    endloop
  endfacet
  facet normal -0.857716 0.514124 0
    outer loop
      vertex -39.0854 -0.611127 6.175
      vertex -39.0299 -0.518536 8
      vertex -39.0299 -0.518536 6.175
    endloop
  endfacet
  facet normal -0.857716 0.514124 0
    outer loop
      vertex -39.0299 -0.518536 8
      vertex -39.0854 -0.611127 6.175
      vertex -39.0854 -0.611127 8
    endloop
  endfacet
  facet normal -0.740924 -0.671589 0
    outer loop
      vertex -39.1497 0.697832 6.175
      vertex -39.2222 0.777817 8
      vertex -39.2222 0.777817 6.175
    endloop
  endfacet
  facet normal -0.740924 -0.671589 0
    outer loop
      vertex -39.2222 0.777817 8
      vertex -39.1497 0.697832 6.175
      vertex -39.1497 0.697832 8
    endloop
  endfacet
  facet normal 0.903826 -0.427901 0
    outer loop
      vertex -41.0163 0.420951 8
      vertex -40.9701 0.518536 6.175
      vertex -40.9701 0.518536 8
    endloop
  endfacet
  facet normal 0.903826 -0.427901 0
    outer loop
      vertex -40.9701 0.518536 6.175
      vertex -41.0163 0.420951 8
      vertex -41.0163 0.420951 6.175
    endloop
  endfacet
  facet normal 0.998794 0.0490972 0
    outer loop
      vertex -41.0947 -0.107819 8
      vertex -41.1 0 6.175
      vertex -41.1 0 8
    endloop
  endfacet
  facet normal 0.998794 0.0490972 0
    outer loop
      vertex -41.1 0 6.175
      vertex -41.0947 -0.107819 8
      vertex -41.0947 -0.107819 6.175
    endloop
  endfacet
  facet normal -0.514067 0.85775 0
    outer loop
      vertex -39.3889 -0.914616 6.175
      vertex -39.4815 -0.970113 8
      vertex -39.3889 -0.914616 8
    endloop
  endfacet
  facet normal -0.514067 0.85775 0
    outer loop
      vertex -39.4815 -0.970113 8
      vertex -39.3889 -0.914616 6.175
      vertex -39.4815 -0.970113 6.175
    endloop
  endfacet
  facet normal 0.595723 -0.80319 0
    outer loop
      vertex -40.6978 0.850311 6.175
      vertex -40.6111 0.914616 8
      vertex -40.6978 0.850311 8
    endloop
  endfacet
  facet normal 0.595723 -0.80319 0
    outer loop
      vertex -40.6111 0.914616 8
      vertex -40.6978 0.850311 6.175
      vertex -40.6111 0.914616 6.175
    endloop
  endfacet
  facet normal 0.243015 0.970022 -0
    outer loop
      vertex -40.2146 -1.07886 6.175
      vertex -40.3193 -1.05263 8
      vertex -40.2146 -1.07886 8
    endloop
  endfacet
  facet normal 0.243015 0.970022 0
    outer loop
      vertex -40.3193 -1.05263 8
      vertex -40.2146 -1.07886 6.175
      vertex -40.3193 -1.05263 6.175
    endloop
  endfacet
  facet normal 0.514067 0.85775 -0
    outer loop
      vertex -40.5185 -0.970113 6.175
      vertex -40.6111 -0.914616 8
      vertex -40.5185 -0.970113 8
    endloop
  endfacet
  facet normal 0.514067 0.85775 0
    outer loop
      vertex -40.6111 -0.914616 8
      vertex -40.5185 -0.970113 6.175
      vertex -40.6111 -0.914616 6.175
    endloop
  endfacet
  facet normal 0.803229 -0.595671 0
    outer loop
      vertex -40.9146 0.611127 8
      vertex -40.8503 0.697832 6.175
      vertex -40.8503 0.697832 8
    endloop
  endfacet
  facet normal 0.803229 -0.595671 0
    outer loop
      vertex -40.8503 0.697832 6.175
      vertex -40.9146 0.611127 8
      vertex -40.9146 0.611127 6.175
    endloop
  endfacet
  facet normal 0.42788 0.903835 -0
    outer loop
      vertex -40.421 -1.01627 6.175
      vertex -40.5185 -0.970113 8
      vertex -40.421 -1.01627 8
    endloop
  endfacet
  facet normal 0.42788 0.903835 0
    outer loop
      vertex -40.5185 -0.970113 8
      vertex -40.421 -1.01627 6.175
      vertex -40.5185 -0.970113 6.175
    endloop
  endfacet
  facet normal 0.94174 -0.336342 0
    outer loop
      vertex -41.0526 0.319313 8
      vertex -41.0163 0.420951 6.175
      vertex -41.0163 0.420951 8
    endloop
  endfacet
  facet normal 0.94174 -0.336342 0
    outer loop
      vertex -41.0163 0.420951 6.175
      vertex -41.0526 0.319313 8
      vertex -41.0526 0.319313 6.175
    endloop
  endfacet
  facet normal 1 -0 0
    outer loop
      vertex 14 -6 14
      vertex 14 6 -14
      vertex 14 6 14
    endloop
  endfacet
  facet normal 1 0 0
    outer loop
      vertex 14 6 -14
      vertex 14 -6 14
      vertex 14 -6 -14
    endloop
  endfacet
  facet normal -0 0 1
    outer loop
      vertex -14 6 14
      vertex 14 -6 14
      vertex 14 6 14
    endloop
  endfacet
  facet normal 0 0 1
    outer loop
      vertex 14 -6 14
      vertex -14 6 14
      vertex -14 -6 14
    endloop
  endfacet
  facet normal 0 0 -1
    outer loop
      vertex -14 -6 -14
      vertex 14 6 -14
      vertex 14 -6 -14
    endloop
  endfacet
  facet normal -0 0 -1
    outer loop
      vertex 14 6 -14
      vertex -14 -6 -14
      vertex -14 6 -14
    endloop
  endfacet
  facet normal -1 0 0
    outer loop
      vertex -14 -6 -14
      vertex -14 6 14
      vertex -14 6 -14
    endloop
  endfacet
  facet normal -1 -0 0
    outer loop
      vertex -14 6 14
      vertex -14 -6 -14
      vertex -14 -6 14
    endloop
  endfacet
  facet normal 0 1 0
    outer loop
      vertex 2.82843 6 -2.82843
      vertex 7.14969 6 -7.30217
      vertex 2.53757 6 -3.09204
    endloop
  endfacet
  facet normal 0 1 0
    outer loop
      vertex 0 6 -4
      vertex -7.89218 6 -6.9053
      vertex -8 6 -6.9
    endloop
  endfacet
  facet normal 0 1 -0
    outer loop
      vertex 7.08538 6 -7.38887
      vertex 2.53757 6 -3.09204
      vertex 7.14969 6 -7.30217
    endloop
  endfacet
  facet normal 0 1 0
    outer loop
      vertex 0 6 -4
      vertex -7.7854 6 -6.92114
      vertex -7.89218 6 -6.9053
    endloop
  endfacet
  facet normal 0 1 0
    outer loop
      vertex 2.53757 6 -3.09204
      vertex 7.08538 6 -7.38887
      vertex 2.22228 6 -3.32588
    endloop
  endfacet
  facet normal 0 1 0
    outer loop
      vertex 0 6 -4
      vertex -7.68069 6 -6.94736
      vertex -7.7854 6 -6.92114
    endloop
  endfacet
  facet normal 0 1 -0
    outer loop
      vertex 7.02989 6 -7.48146
      vertex 2.22228 6 -3.32588
      vertex 7.08538 6 -7.38887
    endloop
  endfacet
  facet normal 0 1 0
    outer loop
      vertex 0 6 -4
      vertex -7.57905 6 -6.98373
      vertex -7.68069 6 -6.94736
    endloop
  endfacet
  facet normal 0 1 -0
    outer loop
      vertex 6.98373 6 -7.57905
      vertex 2.22228 6 -3.32588
      vertex 7.02989 6 -7.48146
    endloop
  endfacet
  facet normal 0 1 0
    outer loop
      vertex 0 6 -4
      vertex -7.48146 6 -7.02989
      vertex -7.57905 6 -6.98373
    endloop
  endfacet
  facet normal 0 1 0
    outer loop
      vertex 2.22228 6 -3.32588
      vertex 6.98373 6 -7.57905
      vertex 1.88559 6 -3.52768
    endloop
  endfacet
  facet normal 0 1 0
    outer loop
      vertex 0 6 -4
      vertex -7.38887 6 -7.08538
      vertex -7.48146 6 -7.02989
    endloop
  endfacet
  facet normal 0 1 -0
    outer loop
      vertex 6.94736 6 -7.68069
      vertex 1.88559 6 -3.52768
      vertex 6.98373 6 -7.57905
    endloop
  endfacet
  facet normal 0 1 0
    outer loop
      vertex 0 6 -4
      vertex -7.30217 6 -7.14969
      vertex -7.38887 6 -7.08538
    endloop
  endfacet
  facet normal 0 1 -0
    outer loop
      vertex 6.92114 6 -7.7854
      vertex 1.88559 6 -3.52768
      vertex 6.94736 6 -7.68069
    endloop
  endfacet
  facet normal 0 1 0
    outer loop
      vertex 0 6 -4
      vertex -7.22218 6 -7.22218
      vertex -7.30217 6 -7.14969
    endloop
  endfacet
  facet normal 0 1 0
    outer loop
      vertex 1.88559 6 -3.52768
      vertex 6.92114 6 -7.7854
      vertex 1.53073 6 -3.69552
    endloop
  endfacet
  facet normal 0 1 0
    outer loop
      vertex 0 6 -4
      vertex -7.14969 6 -7.30217
      vertex -7.22218 6 -7.22218
    endloop
  endfacet
  facet normal 0 1 -0
    outer loop
      vertex 6.9053 6 -7.89218
      vertex 1.53073 6 -3.69552
      vertex 6.92114 6 -7.7854
    endloop
  endfacet
  facet normal 0 1 0
    outer loop
      vertex 0 6 -4
      vertex -7.08538 6 -7.38887
      vertex -7.14969 6 -7.30217
    endloop
  endfacet
  facet normal 0 1 0
    outer loop
      vertex 1.53073 6 -3.69552
      vertex 6.9053 6 -7.89218
      vertex 1.16114 6 -3.82776
    endloop
  endfacet
  facet normal 0 1 0
    outer loop
      vertex 0 6 -4
      vertex -7.02989 6 -7.48146
      vertex -7.08538 6 -7.38887
    endloop
  endfacet
  facet normal 0 1 -0
    outer loop
      vertex 6.9 6 -8
      vertex 1.16114 6 -3.82776
      vertex 6.9053 6 -7.89218
    endloop
  endfacet
  facet normal 0 1 0
    outer loop
      vertex 0 6 -4
      vertex -6.98373 6 -7.57905
      vertex -7.02989 6 -7.48146
    endloop
  endfacet
  facet normal 0 1 0
    outer loop
      vertex 6.9053 6 -8.10782
      vertex 1.16114 6 -3.82776
      vertex 6.9 6 -8
    endloop
  endfacet
  facet normal 0 1 0
    outer loop
      vertex 0 6 -4
      vertex -6.94736 6 -7.68069
      vertex -6.98373 6 -7.57905
    endloop
  endfacet
  facet normal 0 1 0
    outer loop
      vertex 1.16114 6 -3.82776
      vertex 6.9053 6 -8.10782
      vertex 0.780361 6 -3.92314
    endloop
  endfacet
  facet normal 0 1 0
    outer loop
      vertex 0 6 -4
      vertex -6.92114 6 -7.7854
      vertex -6.94736 6 -7.68069
    endloop
  endfacet
  facet normal 0 1 0
    outer loop
      vertex 6.92114 6 -8.2146
      vertex 0.780361 6 -3.92314
      vertex 6.9053 6 -8.10782
    endloop
  endfacet
  facet normal 0 1 0
    outer loop
      vertex 0 6 -4
      vertex -6.9053 6 -7.89218
      vertex -6.92114 6 -7.7854
    endloop
  endfacet
  facet normal 0 1 0
    outer loop
      vertex 0.780361 6 -3.92314
      vertex 6.92114 6 -8.2146
      vertex 0.392068 6 -3.98074
    endloop
  endfacet
  facet normal 0 1 0
    outer loop
      vertex 0 6 -4
      vertex -6.9 6 -8
      vertex -6.9053 6 -7.89218
    endloop
  endfacet
  facet normal 0 1 0
    outer loop
      vertex 6.94736 6 -8.31931
      vertex 0.392068 6 -3.98074
      vertex 6.92114 6 -8.2146
    endloop
  endfacet
  facet normal 0 1 0
    outer loop
      vertex 0 6 -4
      vertex -6.9053 6 -8.10782
      vertex -6.9 6 -8
    endloop
  endfacet
  facet normal 0 1 0
    outer loop
      vertex 6.98373 6 -8.42095
      vertex 0.392068 6 -3.98074
      vertex 6.94736 6 -8.31931
    endloop
  endfacet
  facet normal 0 1 0
    outer loop
      vertex 0 6 -4
      vertex -6.92114 6 -8.2146
      vertex -6.9053 6 -8.10782
    endloop
  endfacet
  facet normal 0 1 0
    outer loop
      vertex 0.392068 6 -3.98074
      vertex 6.98373 6 -8.42095
      vertex 0 6 -4
    endloop
  endfacet
  facet normal 0 1 0
    outer loop
      vertex 0 6 -4
      vertex -6.94736 6 -8.31931
      vertex -6.92114 6 -8.2146
    endloop
  endfacet
  facet normal 0 1 0
    outer loop
      vertex -6.98373 6 -8.42095
      vertex 0 6 -4
      vertex 6.98373 6 -8.42095
    endloop
  endfacet
  facet normal 0 1 0
    outer loop
      vertex 0 6 -4
      vertex -6.98373 6 -8.42095
      vertex -6.94736 6 -8.31931
    endloop
  endfacet
  facet normal 0 1 0
    outer loop
      vertex 7.02989 6 -8.51854
      vertex -6.98373 6 -8.42095
      vertex 6.98373 6 -8.42095
    endloop
  endfacet
  facet normal 0 1 0
    outer loop
      vertex 7.02989 6 -8.51854
      vertex -7.02989 6 -8.51854
      vertex -6.98373 6 -8.42095
    endloop
  endfacet
  facet normal 0 1 0
    outer loop
      vertex 7.08538 6 -8.61113
      vertex -7.02989 6 -8.51854
      vertex 7.02989 6 -8.51854
    endloop
  endfacet
  facet normal 0 1 0
    outer loop
      vertex 7.08538 6 -8.61113
      vertex -7.08538 6 -8.61113
      vertex -7.02989 6 -8.51854
    endloop
  endfacet
  facet normal 0 1 0
    outer loop
      vertex 7.14969 6 -8.69783
      vertex -7.08538 6 -8.61113
      vertex 7.08538 6 -8.61113
    endloop
  endfacet
  facet normal 0 1 0
    outer loop
      vertex 7.14969 6 -8.69783
      vertex -7.14969 6 -8.69783
      vertex -7.08538 6 -8.61113
    endloop
  endfacet
  facet normal 0 1 0
    outer loop
      vertex 7.22218 6 -8.77782
      vertex -7.14969 6 -8.69783
      vertex 7.14969 6 -8.69783
    endloop
  endfacet
  facet normal 0 1 0
    outer loop
      vertex 7.22218 6 -8.77782
      vertex -7.22218 6 -8.77782
      vertex -7.14969 6 -8.69783
    endloop
  endfacet
  facet normal 0 1 0
    outer loop
      vertex 7.30217 6 -8.85031
      vertex -7.22218 6 -8.77782
      vertex 7.22218 6 -8.77782
    endloop
  endfacet
  facet normal 0 1 0
    outer loop
      vertex 7.30217 6 -8.85031
      vertex -7.30217 6 -8.85031
      vertex -7.22218 6 -8.77782
    endloop
  endfacet
  facet normal 0 1 0
    outer loop
      vertex 7.38887 6 -8.91462
      vertex -7.30217 6 -8.85031
      vertex 7.30217 6 -8.85031
    endloop
  endfacet
  facet normal 0 1 0
    outer loop
      vertex 7.38887 6 -8.91462
      vertex -7.38887 6 -8.91462
      vertex -7.30217 6 -8.85031
    endloop
  endfacet
  facet normal 0 1 0
    outer loop
      vertex 7.48146 6 -8.97011
      vertex -7.38887 6 -8.91462
      vertex 7.38887 6 -8.91462
    endloop
  endfacet
  facet normal 0 1 0
    outer loop
      vertex 7.48146 6 -8.97011
      vertex -7.48146 6 -8.97011
      vertex -7.38887 6 -8.91462
    endloop
  endfacet
  facet normal 0 1 0
    outer loop
      vertex 7.57905 6 -9.01627
      vertex -7.48146 6 -8.97011
      vertex 7.48146 6 -8.97011
    endloop
  endfacet
  facet normal 0 1 0
    outer loop
      vertex 7.57905 6 -9.01627
      vertex -7.57905 6 -9.01627
      vertex -7.48146 6 -8.97011
    endloop
  endfacet
  facet normal 0 1 0
    outer loop
      vertex 14 6 -14
      vertex 7.57905 6 -9.01627
      vertex 7.68069 6 -9.05263
    endloop
  endfacet
  facet normal 0 1 0
    outer loop
      vertex 7.57905 6 -9.01627
      vertex 14 6 -14
      vertex -7.57905 6 -9.01627
    endloop
  endfacet
  facet normal 0 1 0
    outer loop
      vertex 14 6 -14
      vertex 7.68069 6 -9.05263
      vertex 7.7854 6 -9.07886
    endloop
  endfacet
  facet normal 0 1 0
    outer loop
      vertex -14 6 -14
      vertex -7.57905 6 -9.01627
      vertex 14 6 -14
    endloop
  endfacet
  facet normal 0 1 0
    outer loop
      vertex 14 6 -14
      vertex 7.7854 6 -9.07886
      vertex 7.89218 6 -9.0947
    endloop
  endfacet
  facet normal 0 1 0
    outer loop
      vertex -7.57905 6 -9.01627
      vertex -14 6 -14
      vertex -7.68069 6 -9.05263
    endloop
  endfacet
  facet normal 0 1 0
    outer loop
      vertex 14 6 -14
      vertex 7.89218 6 -9.0947
      vertex 8 6 -9.1
    endloop
  endfacet
  facet normal 0 1 0
    outer loop
      vertex -7.68069 6 -9.05263
      vertex -14 6 -14
      vertex -7.7854 6 -9.07886
    endloop
  endfacet
  facet normal 0 1 0
    outer loop
      vertex 7.68069 6 9.05263
      vertex 14 6 14
      vertex 7.7854 6 9.07886
    endloop
  endfacet
  facet normal 0 1 0
    outer loop
      vertex -14 6 14
      vertex -7.89218 6 9.0947
      vertex -8 6 9.1
    endloop
  endfacet
  facet normal 0 1 0
    outer loop
      vertex 7.57905 6 9.01627
      vertex 14 6 14
      vertex 7.68069 6 9.05263
    endloop
  endfacet
  facet normal 0 1 0
    outer loop
      vertex -14 6 14
      vertex -7.7854 6 9.07886
      vertex -7.89218 6 9.0947
    endloop
  endfacet
  facet normal 0 1 0
    outer loop
      vertex 14 6 14
      vertex 7.57905 6 9.01627
      vertex -14 6 14
    endloop
  endfacet
  facet normal 0 1 0
    outer loop
      vertex -14 6 14
      vertex -7.68069 6 9.05263
      vertex -7.7854 6 9.07886
    endloop
  endfacet
  facet normal 0 1 -0
    outer loop
      vertex -7.57905 6 9.01627
      vertex -14 6 14
      vertex 7.57905 6 9.01627
    endloop
  endfacet
  facet normal 0 1 0
    outer loop
      vertex -14 6 14
      vertex -7.57905 6 9.01627
      vertex -7.68069 6 9.05263
    endloop
  endfacet
  facet normal 0 1 -0
    outer loop
      vertex 7.48146 6 8.97011
      vertex -7.57905 6 9.01627
      vertex 7.57905 6 9.01627
    endloop
  endfacet
  facet normal 0 1 0
    outer loop
      vertex 7.48146 6 8.97011
      vertex -7.48146 6 8.97011
      vertex -7.57905 6 9.01627
    endloop
  endfacet
  facet normal 0 1 -0
    outer loop
      vertex 7.38887 6 8.91462
      vertex -7.48146 6 8.97011
      vertex 7.48146 6 8.97011
    endloop
  endfacet
  facet normal 0 1 0
    outer loop
      vertex 7.38887 6 8.91462
      vertex -7.38887 6 8.91462
      vertex -7.48146 6 8.97011
    endloop
  endfacet
  facet normal 0 1 -0
    outer loop
      vertex 7.30217 6 8.85031
      vertex -7.38887 6 8.91462
      vertex 7.38887 6 8.91462
    endloop
  endfacet
  facet normal 0 1 0
    outer loop
      vertex 7.30217 6 8.85031
      vertex -7.30217 6 8.85031
      vertex -7.38887 6 8.91462
    endloop
  endfacet
  facet normal 0 1 -0
    outer loop
      vertex 7.22218 6 8.77782
      vertex -7.30217 6 8.85031
      vertex 7.30217 6 8.85031
    endloop
  endfacet
  facet normal 0 1 0
    outer loop
      vertex 7.22218 6 8.77782
      vertex -7.22218 6 8.77782
      vertex -7.30217 6 8.85031
    endloop
  endfacet
  facet normal 0 1 -0
    outer loop
      vertex 7.14969 6 8.69783
      vertex -7.22218 6 8.77782
      vertex 7.22218 6 8.77782
    endloop
  endfacet
  facet normal 0 1 0
    outer loop
      vertex 7.14969 6 8.69783
      vertex -7.14969 6 8.69783
      vertex -7.22218 6 8.77782
    endloop
  endfacet
  facet normal 0 1 -0
    outer loop
      vertex 7.08538 6 8.61113
      vertex -7.14969 6 8.69783
      vertex 7.14969 6 8.69783
    endloop
  endfacet
  facet normal 0 1 0
    outer loop
      vertex 7.08538 6 8.61113
      vertex -7.08538 6 8.61113
      vertex -7.14969 6 8.69783
    endloop
  endfacet
  facet normal 0 1 -0
    outer loop
      vertex 7.02989 6 8.51854
      vertex -7.08538 6 8.61113
      vertex 7.08538 6 8.61113
    endloop
  endfacet
  facet normal 0 1 0
    outer loop
      vertex 7.02989 6 8.51854
      vertex -7.02989 6 8.51854
      vertex -7.08538 6 8.61113
    endloop
  endfacet
  facet normal 0 1 -0
    outer loop
      vertex 6.98373 6 8.42095
      vertex -7.02989 6 8.51854
      vertex 7.02989 6 8.51854
    endloop
  endfacet
  facet normal 0 1 0
    outer loop
      vertex 6.98373 6 8.42095
      vertex -6.98373 6 8.42095
      vertex -7.02989 6 8.51854
    endloop
  endfacet
  facet normal 0 1 0
    outer loop
      vertex 0.392068 6 3.98074
      vertex 6.98373 6 8.42095
      vertex 6.94736 6 8.31931
    endloop
  endfacet
  facet normal 0 1 0
    outer loop
      vertex 6.98373 6 8.42095
      vertex 0 6 4
      vertex -6.98373 6 8.42095
    endloop
  endfacet
  facet normal 0 1 0
    outer loop
      vertex 0.392068 6 3.98074
      vertex 6.94736 6 8.31931
      vertex 6.92114 6 8.2146
    endloop
  endfacet
  facet normal 0 1 -0
    outer loop
      vertex -0.392068 6 3.98074
      vertex -6.98373 6 8.42095
      vertex 0 6 4
    endloop
  endfacet
  facet normal 0 1 0
    outer loop
      vertex 0.780361 6 3.92314
      vertex 6.92114 6 8.2146
      vertex 6.9053 6 8.10782
    endloop
  endfacet
  facet normal 0 1 0
    outer loop
      vertex -6.98373 6 8.42095
      vertex -0.392068 6 3.98074
      vertex -6.94736 6 8.31931
    endloop
  endfacet
  facet normal 0 1 0
    outer loop
      vertex 1.16114 6 3.82776
      vertex 6.9053 6 8.10782
      vertex 6.9 6 8
    endloop
  endfacet
  facet normal 0 1 0
    outer loop
      vertex -6.94736 6 8.31931
      vertex -0.392068 6 3.98074
      vertex -6.92114 6 8.2146
    endloop
  endfacet
  facet normal 0 1 0
    outer loop
      vertex 1.16114 6 3.82776
      vertex 6.9 6 8
      vertex 6.9053 6 7.89218
    endloop
  endfacet
  facet normal 0 1 -0
    outer loop
      vertex -0.780361 6 3.92314
      vertex -6.92114 6 8.2146
      vertex -0.392068 6 3.98074
    endloop
  endfacet
  facet normal 0 1 0
    outer loop
      vertex 1.53073 6 3.69552
      vertex 6.9053 6 7.89218
      vertex 6.92114 6 7.7854
    endloop
  endfacet
  facet normal 0 1 0
    outer loop
      vertex -6.92114 6 8.2146
      vertex -0.780361 6 3.92314
      vertex -6.9053 6 8.10782
    endloop
  endfacet
  facet normal 0 1 0
    outer loop
      vertex 1.88559 6 3.52768
      vertex 6.92114 6 7.7854
      vertex 6.94736 6 7.68069
    endloop
  endfacet
  facet normal 0 1 -0
    outer loop
      vertex -1.16114 6 3.82776
      vertex -6.9053 6 8.10782
      vertex -0.780361 6 3.92314
    endloop
  endfacet
  facet normal 0 1 0
    outer loop
      vertex 1.88559 6 3.52768
      vertex 6.94736 6 7.68069
      vertex 6.98373 6 7.57905
    endloop
  endfacet
  facet normal 0 1 0
    outer loop
      vertex -6.9053 6 8.10782
      vertex -1.16114 6 3.82776
      vertex -6.9 6 8
    endloop
  endfacet
  facet normal 0 1 0
    outer loop
      vertex 2.22228 6 3.32588
      vertex 6.98373 6 7.57905
      vertex 7.02989 6 7.48146
    endloop
  endfacet
  facet normal 0 1 0
    outer loop
      vertex -6.9 6 8
      vertex -1.16114 6 3.82776
      vertex -6.9053 6 7.89218
    endloop
  endfacet
  facet normal 0 1 0
    outer loop
      vertex 2.22228 6 3.32588
      vertex 7.02989 6 7.48146
      vertex 7.08538 6 7.38887
    endloop
  endfacet
  facet normal 0 1 -0
    outer loop
      vertex -1.53073 6 3.69552
      vertex -6.9053 6 7.89218
      vertex -1.16114 6 3.82776
    endloop
  endfacet
  facet normal 0 1 0
    outer loop
      vertex 2.53757 6 3.09204
      vertex 7.08538 6 7.38887
      vertex 7.14969 6 7.30217
    endloop
  endfacet
  facet normal 0 1 0
    outer loop
      vertex -6.9053 6 7.89218
      vertex -1.53073 6 3.69552
      vertex -6.92114 6 7.7854
    endloop
  endfacet
  facet normal 0 1 0
    outer loop
      vertex 2.82843 6 2.82843
      vertex 7.14969 6 7.30217
      vertex 7.22218 6 7.22218
    endloop
  endfacet
  facet normal 0 1 -0
    outer loop
      vertex -1.88559 6 3.52768
      vertex -6.92114 6 7.7854
      vertex -1.53073 6 3.69552
    endloop
  endfacet
  facet normal 0 1 0
    outer loop
      vertex 2.82843 6 2.82843
      vertex 7.22218 6 7.22218
      vertex 7.30217 6 7.14969
    endloop
  endfacet
  facet normal 0 1 0
    outer loop
      vertex -6.92114 6 7.7854
      vertex -1.88559 6 3.52768
      vertex -6.94736 6 7.68069
    endloop
  endfacet
  facet normal 0 1 0
    outer loop
      vertex 3.09204 6 2.53757
      vertex 7.30217 6 7.14969
      vertex 7.38887 6 7.08538
    endloop
  endfacet
  facet normal 0 1 0
    outer loop
      vertex -6.94736 6 7.68069
      vertex -1.88559 6 3.52768
      vertex -6.98373 6 7.57905
    endloop
  endfacet
  facet normal 0 1 0
    outer loop
      vertex 3.09204 6 2.53757
      vertex 7.38887 6 7.08538
      vertex 7.48146 6 7.02989
    endloop
  endfacet
  facet normal 0 1 -0
    outer loop
      vertex -2.22228 6 3.32588
      vertex -6.98373 6 7.57905
      vertex -1.88559 6 3.52768
    endloop
  endfacet
  facet normal 0 1 0
    outer loop
      vertex 3.32588 6 2.22228
      vertex 7.48146 6 7.02989
      vertex 7.57905 6 6.98373
    endloop
  endfacet
  facet normal 0 1 0
    outer loop
      vertex -6.98373 6 7.57905
      vertex -2.22228 6 3.32588
      vertex -7.02989 6 7.48146
    endloop
  endfacet
  facet normal 0 1 0
    outer loop
      vertex 3.52768 6 1.88559
      vertex 7.57905 6 6.98373
      vertex 7.68069 6 6.94736
    endloop
  endfacet
  facet normal 0 1 0
    outer loop
      vertex -7.02989 6 7.48146
      vertex -2.22228 6 3.32588
      vertex -7.08538 6 7.38887
    endloop
  endfacet
  facet normal 0 1 0
    outer loop
      vertex 3.52768 6 1.88559
      vertex 7.68069 6 6.94736
      vertex 7.7854 6 6.92114
    endloop
  endfacet
  facet normal 0 1 -0
    outer loop
      vertex -2.53757 6 3.09204
      vertex -7.08538 6 7.38887
      vertex -2.22228 6 3.32588
    endloop
  endfacet
  facet normal 0 1 0
    outer loop
      vertex 3.69552 6 1.53073
      vertex 7.7854 6 6.92114
      vertex 7.89218 6 6.9053
    endloop
  endfacet
  facet normal 0 1 0
    outer loop
      vertex -7.08538 6 7.38887
      vertex -2.53757 6 3.09204
      vertex -7.14969 6 7.30217
    endloop
  endfacet
  facet normal 0 1 0
    outer loop
      vertex 3.82776 6 1.16114
      vertex 7.89218 6 6.9053
      vertex 8 6 6.9
    endloop
  endfacet
  facet normal 0 1 -0
    outer loop
      vertex -2.82843 6 2.82843
      vertex -7.14969 6 7.30217
      vertex -2.53757 6 3.09204
    endloop
  endfacet
  facet normal 0 1 0
    outer loop
      vertex 7.89218 6 9.0947
      vertex 14 6 14
      vertex 8 6 9.1
    endloop
  endfacet
  facet normal 0 1 0
    outer loop
      vertex 14 6 14
      vertex 8.10782 6 9.0947
      vertex 8 6 9.1
    endloop
  endfacet
  facet normal 0 1 0
    outer loop
      vertex 14 6 14
      vertex 8.2146 6 9.07886
      vertex 8.10782 6 9.0947
    endloop
  endfacet
  facet normal 0 1 0
    outer loop
      vertex 14 6 14
      vertex 8.31931 6 9.05263
      vertex 8.2146 6 9.07886
    endloop
  endfacet
  facet normal 0 1 0
    outer loop
      vertex 14 6 14
      vertex 8.42095 6 9.01627
      vertex 8.31931 6 9.05263
    endloop
  endfacet
  facet normal 0 1 0
    outer loop
      vertex 14 6 14
      vertex 8.51854 6 8.97011
      vertex 8.42095 6 9.01627
    endloop
  endfacet
  facet normal 0 1 0
    outer loop
      vertex 14 6 14
      vertex 8.61113 6 8.91462
      vertex 8.51854 6 8.97011
    endloop
  endfacet
  facet normal 0 1 0
    outer loop
      vertex 14 6 14
      vertex 8.69783 6 8.85031
      vertex 8.61113 6 8.91462
    endloop
  endfacet
  facet normal 0 1 0
    outer loop
      vertex 14 6 14
      vertex 8.77782 6 8.77782
      vertex 8.69783 6 8.85031
    endloop
  endfacet
  facet normal 0 1 0
    outer loop
      vertex 14 6 14
      vertex 8.85031 6 8.69783
      vertex 8.77782 6 8.77782
    endloop
  endfacet
  facet normal 0 1 0
    outer loop
      vertex 14 6 14
      vertex 8.91462 6 8.61113
      vertex 8.85031 6 8.69783
    endloop
  endfacet
  facet normal 0 1 0
    outer loop
      vertex 14 6 14
      vertex 8.97011 6 8.51854
      vertex 8.91462 6 8.61113
    endloop
  endfacet
  facet normal 0 1 0
    outer loop
      vertex 14 6 14
      vertex 9.01627 6 8.42095
      vertex 8.97011 6 8.51854
    endloop
  endfacet
  facet normal 0 1 0
    outer loop
      vertex 14 6 14
      vertex 9.05263 6 8.31931
      vertex 9.01627 6 8.42095
    endloop
  endfacet
  facet normal 0 1 0
    outer loop
      vertex 14 6 14
      vertex 9.07886 6 8.2146
      vertex 9.05263 6 8.31931
    endloop
  endfacet
  facet normal 0 1 0
    outer loop
      vertex 14 6 14
      vertex 9.0947 6 8.10782
      vertex 9.07886 6 8.2146
    endloop
  endfacet
  facet normal 0 1 0
    outer loop
      vertex 14 6 14
      vertex 9.1 6 8
      vertex 9.0947 6 8.10782
    endloop
  endfacet
  facet normal 0 1 0
    outer loop
      vertex 14 6 14
      vertex 9.0947 6 7.89218
      vertex 9.1 6 8
    endloop
  endfacet
  facet normal 0 1 0
    outer loop
      vertex 14 6 14
      vertex 9.07886 6 7.7854
      vertex 9.0947 6 7.89218
    endloop
  endfacet
  facet normal 0 1 0
    outer loop
      vertex 14 6 14
      vertex 9.05263 6 7.68069
      vertex 9.07886 6 7.7854
    endloop
  endfacet
  facet normal 0 1 0
    outer loop
      vertex 14 6 14
      vertex 9.01627 6 7.57905
      vertex 9.05263 6 7.68069
    endloop
  endfacet
  facet normal 0 1 0
    outer loop
      vertex 9.01627 6 -7.57905
      vertex 9.01627 6 7.57905
      vertex 14 6 14
    endloop
  endfacet
  facet normal 0 1 0
    outer loop
      vertex 9.01627 6 7.57905
      vertex 9.01627 6 -7.57905
      vertex 8.97011 6 7.48146
    endloop
  endfacet
  facet normal 0 1 0
    outer loop
      vertex 8.97011 6 7.48146
      vertex 8.97011 6 -7.48146
      vertex 8.91462 6 7.38887
    endloop
  endfacet
  facet normal 0 1 0
    outer loop
      vertex -7.14969 6 7.30217
      vertex -2.82843 6 2.82843
      vertex -7.22218 6 7.22218
    endloop
  endfacet
  facet normal 0 1 0
    outer loop
      vertex 3.82776 6 1.16114
      vertex 8 6 6.9
      vertex 8.10782 6 6.9053
    endloop
  endfacet
  facet normal 0 1 0
    outer loop
      vertex 3.92314 6 0.780361
      vertex 8.10782 6 6.9053
      vertex 8.2146 6 6.92114
    endloop
  endfacet
  facet normal 0 1 0
    outer loop
      vertex 3.98074 6 0.392068
      vertex 8.2146 6 6.92114
      vertex 8.31931 6 6.94736
    endloop
  endfacet
  facet normal 0 1 0
    outer loop
      vertex 6.98373 6 8.42095
      vertex 0.392068 6 3.98074
      vertex 0 6 4
    endloop
  endfacet
  facet normal 0 1 0
    outer loop
      vertex 3.98074 6 0.392068
      vertex 8.31931 6 6.94736
      vertex 8.42095 6 6.98373
    endloop
  endfacet
  facet normal 0 1 0
    outer loop
      vertex 6.92114 6 8.2146
      vertex 0.780361 6 3.92314
      vertex 0.392068 6 3.98074
    endloop
  endfacet
  facet normal 0 1 0
    outer loop
      vertex 6.9053 6 8.10782
      vertex 1.16114 6 3.82776
      vertex 0.780361 6 3.92314
    endloop
  endfacet
  facet normal 0 1 0
    outer loop
      vertex 6.9053 6 7.89218
      vertex 1.53073 6 3.69552
      vertex 1.16114 6 3.82776
    endloop
  endfacet
  facet normal 0 1 0
    outer loop
      vertex 4 6 0
      vertex 8.42095 6 6.98373
      vertex 8.51854 6 7.02989
    endloop
  endfacet
  facet normal 0 1 0
    outer loop
      vertex 6.92114 6 7.7854
      vertex 1.88559 6 3.52768
      vertex 1.53073 6 3.69552
    endloop
  endfacet
  facet normal 0 1 0
    outer loop
      vertex 6.98373 6 7.57905
      vertex 2.22228 6 3.32588
      vertex 1.88559 6 3.52768
    endloop
  endfacet
  facet normal 0 1 0
    outer loop
      vertex 7.08538 6 7.38887
      vertex 2.53757 6 3.09204
      vertex 2.22228 6 3.32588
    endloop
  endfacet
  facet normal 0 1 0
    outer loop
      vertex 8.51854 6 -7.02989
      vertex 8.51854 6 7.02989
      vertex 8.61113 6 7.08538
    endloop
  endfacet
  facet normal 0 1 0
    outer loop
      vertex 7.14969 6 7.30217
      vertex 2.82843 6 2.82843
      vertex 2.53757 6 3.09204
    endloop
  endfacet
  facet normal 0 1 0
    outer loop
      vertex 7.30217 6 7.14969
      vertex 3.09204 6 2.53757
      vertex 2.82843 6 2.82843
    endloop
  endfacet
  facet normal 0 1 0
    outer loop
      vertex 8.61113 6 -7.08538
      vertex 8.61113 6 7.08538
      vertex 8.69783 6 7.14969
    endloop
  endfacet
  facet normal 0 1 0
    outer loop
      vertex 7.48146 6 7.02989
      vertex 3.32588 6 2.22228
      vertex 3.09204 6 2.53757
    endloop
  endfacet
  facet normal 0 1 0
    outer loop
      vertex 8.69783 6 -7.14969
      vertex 8.69783 6 7.14969
      vertex 8.77782 6 7.22218
    endloop
  endfacet
  facet normal 0 1 0
    outer loop
      vertex 7.57905 6 6.98373
      vertex 3.52768 6 1.88559
      vertex 3.32588 6 2.22228
    endloop
  endfacet
  facet normal 0 1 0
    outer loop
      vertex 7.7854 6 6.92114
      vertex 3.69552 6 1.53073
      vertex 3.52768 6 1.88559
    endloop
  endfacet
  facet normal 0 1 0
    outer loop
      vertex 8.77782 6 -7.22218
      vertex 8.77782 6 7.22218
      vertex 8.85031 6 7.30217
    endloop
  endfacet
  facet normal 0 1 0
    outer loop
      vertex 7.89218 6 6.9053
      vertex 3.82776 6 1.16114
      vertex 3.69552 6 1.53073
    endloop
  endfacet
  facet normal 0 1 0
    outer loop
      vertex 8.10782 6 6.9053
      vertex 3.92314 6 0.780361
      vertex 3.82776 6 1.16114
    endloop
  endfacet
  facet normal -0 1 0
    outer loop
      vertex 8.91462 6 -7.38887
      vertex 8.91462 6 7.38887
      vertex 8.97011 6 -7.48146
    endloop
  endfacet
  facet normal 0 1 0
    outer loop
      vertex 8.2146 6 6.92114
      vertex 3.98074 6 0.392068
      vertex 3.92314 6 0.780361
    endloop
  endfacet
  facet normal 0 1 0
    outer loop
      vertex 8.61113 6 7.08538
      vertex 8.61113 6 -7.08538
      vertex 8.51854 6 -7.02989
    endloop
  endfacet
  facet normal 0 1 0
    outer loop
      vertex 8.51854 6 7.02989
      vertex 8.51854 6 -7.02989
      vertex 4 6 0
    endloop
  endfacet
  facet normal 0 1 0
    outer loop
      vertex 8.42095 6 6.98373
      vertex 4 6 0
      vertex 3.98074 6 0.392068
    endloop
  endfacet
  facet normal -0 1 -0
    outer loop
      vertex 8.42095 6 -6.98373
      vertex 4 6 0
      vertex 8.51854 6 -7.02989
    endloop
  endfacet
  facet normal 0 1 0
    outer loop
      vertex 4 6 0
      vertex 8.42095 6 -6.98373
      vertex 3.98074 6 -0.392068
    endloop
  endfacet
  facet normal -0 1 -0
    outer loop
      vertex 8.2146 6 -6.92114
      vertex 3.98074 6 -0.392068
      vertex 8.31931 6 -6.94736
    endloop
  endfacet
  facet normal 0 1 0
    outer loop
      vertex 3.98074 6 -0.392068
      vertex 8.2146 6 -6.92114
      vertex 3.92314 6 -0.780361
    endloop
  endfacet
  facet normal 0 1 -0
    outer loop
      vertex 7.22218 6 -7.22218
      vertex 2.82843 6 -2.82843
      vertex 7.30217 6 -7.14969
    endloop
  endfacet
  facet normal 0 1 0
    outer loop
      vertex 3.09204 6 -2.53757
      vertex 7.30217 6 -7.14969
      vertex 2.82843 6 -2.82843
    endloop
  endfacet
  facet normal 0 1 -0
    outer loop
      vertex 7.30217 6 -7.14969
      vertex 3.09204 6 -2.53757
      vertex 7.38887 6 -7.08538
    endloop
  endfacet
  facet normal 0 1 -0
    outer loop
      vertex 7.38887 6 -7.08538
      vertex 3.09204 6 -2.53757
      vertex 7.48146 6 -7.02989
    endloop
  endfacet
  facet normal 0 1 0
    outer loop
      vertex 3.32588 6 -2.22228
      vertex 7.48146 6 -7.02989
      vertex 3.09204 6 -2.53757
    endloop
  endfacet
  facet normal 0 1 -0
    outer loop
      vertex 7.48146 6 -7.02989
      vertex 3.32588 6 -2.22228
      vertex 7.57905 6 -6.98373
    endloop
  endfacet
  facet normal 0 1 0
    outer loop
      vertex 3.52768 6 -1.88559
      vertex 7.57905 6 -6.98373
      vertex 3.32588 6 -2.22228
    endloop
  endfacet
  facet normal 0 1 -0
    outer loop
      vertex 7.57905 6 -6.98373
      vertex 3.52768 6 -1.88559
      vertex 7.68069 6 -6.94736
    endloop
  endfacet
  facet normal 0 1 -0
    outer loop
      vertex 7.68069 6 -6.94736
      vertex 3.52768 6 -1.88559
      vertex 7.7854 6 -6.92114
    endloop
  endfacet
  facet normal 0 1 0
    outer loop
      vertex 3.69552 6 -1.53073
      vertex 7.7854 6 -6.92114
      vertex 3.52768 6 -1.88559
    endloop
  endfacet
  facet normal 0 1 0
    outer loop
      vertex 3.92314 6 -0.780361
      vertex 8.10782 6 -6.9053
      vertex 3.82776 6 -1.16114
    endloop
  endfacet
  facet normal 0 1 -0
    outer loop
      vertex 7.7854 6 -6.92114
      vertex 3.69552 6 -1.53073
      vertex 7.89218 6 -6.9053
    endloop
  endfacet
  facet normal 0 1 0
    outer loop
      vertex 3.82776 6 -1.16114
      vertex 7.89218 6 -6.9053
      vertex 3.69552 6 -1.53073
    endloop
  endfacet
  facet normal 0 1 -0
    outer loop
      vertex 7.89218 6 -6.9053
      vertex 3.82776 6 -1.16114
      vertex 8 6 -6.9
    endloop
  endfacet
  facet normal -0 1 -0
    outer loop
      vertex 8 6 -6.9
      vertex 3.82776 6 -1.16114
      vertex 8.10782 6 -6.9053
    endloop
  endfacet
  facet normal -0 1 -0
    outer loop
      vertex 8.10782 6 -6.9053
      vertex 3.92314 6 -0.780361
      vertex 8.2146 6 -6.92114
    endloop
  endfacet
  facet normal -0 1 -0
    outer loop
      vertex 8.31931 6 -6.94736
      vertex 3.98074 6 -0.392068
      vertex 8.42095 6 -6.98373
    endloop
  endfacet
  facet normal 0 1 0
    outer loop
      vertex 8.69783 6 7.14969
      vertex 8.69783 6 -7.14969
      vertex 8.61113 6 -7.08538
    endloop
  endfacet
  facet normal 0 1 0
    outer loop
      vertex 8.77782 6 7.22218
      vertex 8.77782 6 -7.22218
      vertex 8.69783 6 -7.14969
    endloop
  endfacet
  facet normal 0 1 0
    outer loop
      vertex 8.85031 6 7.30217
      vertex 8.85031 6 -7.30217
      vertex 8.77782 6 -7.22218
    endloop
  endfacet
  facet normal 0 1 0
    outer loop
      vertex 8.85031 6 7.30217
      vertex 8.91462 6 -7.38887
      vertex 8.85031 6 -7.30217
    endloop
  endfacet
  facet normal 0 1 0
    outer loop
      vertex 8.91462 6 7.38887
      vertex 8.91462 6 -7.38887
      vertex 8.85031 6 7.30217
    endloop
  endfacet
  facet normal 0 1 0
    outer loop
      vertex 8.97011 6 7.48146
      vertex 9.01627 6 -7.57905
      vertex 8.97011 6 -7.48146
    endloop
  endfacet
  facet normal 0 1 -0
    outer loop
      vertex 14 6 -14
      vertex 9.01627 6 -7.57905
      vertex 14 6 14
    endloop
  endfacet
  facet normal 0 1 0
    outer loop
      vertex 9.01627 6 -7.57905
      vertex 14 6 -14
      vertex 9.05263 6 -7.68069
    endloop
  endfacet
  facet normal 0 1 0
    outer loop
      vertex 9.05263 6 -7.68069
      vertex 14 6 -14
      vertex 9.07886 6 -7.7854
    endloop
  endfacet
  facet normal 0 1 0
    outer loop
      vertex 9.07886 6 -7.7854
      vertex 14 6 -14
      vertex 9.0947 6 -7.89218
    endloop
  endfacet
  facet normal 0 1 0
    outer loop
      vertex 9.0947 6 -7.89218
      vertex 14 6 -14
      vertex 9.1 6 -8
    endloop
  endfacet
  facet normal 0 1 0
    outer loop
      vertex 9.1 6 -8
      vertex 14 6 -14
      vertex 9.0947 6 -8.10782
    endloop
  endfacet
  facet normal 0 1 0
    outer loop
      vertex -7.7854 6 -9.07886
      vertex -14 6 -14
      vertex -7.89218 6 -9.0947
    endloop
  endfacet
  facet normal 0 1 0
    outer loop
      vertex 8.10782 6 -9.0947
      vertex 14 6 -14
      vertex 8 6 -9.1
    endloop
  endfacet
  facet normal 0 1 0
    outer loop
      vertex 8.2146 6 -9.07886
      vertex 14 6 -14
      vertex 8.10782 6 -9.0947
    endloop
  endfacet
  facet normal 0 1 0
    outer loop
      vertex 8.31931 6 -9.05263
      vertex 14 6 -14
      vertex 8.2146 6 -9.07886
    endloop
  endfacet
  facet normal 0 1 0
    outer loop
      vertex 8.42095 6 -9.01627
      vertex 14 6 -14
      vertex 8.31931 6 -9.05263
    endloop
  endfacet
  facet normal 0 1 0
    outer loop
      vertex 8.51854 6 -8.97011
      vertex 14 6 -14
      vertex 8.42095 6 -9.01627
    endloop
  endfacet
  facet normal 0 1 0
    outer loop
      vertex 8.61113 6 -8.91462
      vertex 14 6 -14
      vertex 8.51854 6 -8.97011
    endloop
  endfacet
  facet normal 0 1 0
    outer loop
      vertex 8.69783 6 -8.85031
      vertex 14 6 -14
      vertex 8.61113 6 -8.91462
    endloop
  endfacet
  facet normal 0 1 0
    outer loop
      vertex 8.77782 6 -8.77782
      vertex 14 6 -14
      vertex 8.69783 6 -8.85031
    endloop
  endfacet
  facet normal 0 1 0
    outer loop
      vertex 8.85031 6 -8.69783
      vertex 14 6 -14
      vertex 8.77782 6 -8.77782
    endloop
  endfacet
  facet normal 0 1 0
    outer loop
      vertex 8.91462 6 -8.61113
      vertex 14 6 -14
      vertex 8.85031 6 -8.69783
    endloop
  endfacet
  facet normal 0 1 0
    outer loop
      vertex 8.97011 6 -8.51854
      vertex 14 6 -14
      vertex 8.91462 6 -8.61113
    endloop
  endfacet
  facet normal 0 1 0
    outer loop
      vertex 9.01627 6 -8.42095
      vertex 14 6 -14
      vertex 8.97011 6 -8.51854
    endloop
  endfacet
  facet normal 0 1 0
    outer loop
      vertex 9.05263 6 -8.31931
      vertex 14 6 -14
      vertex 9.01627 6 -8.42095
    endloop
  endfacet
  facet normal 0 1 0
    outer loop
      vertex 9.07886 6 -8.2146
      vertex 14 6 -14
      vertex 9.05263 6 -8.31931
    endloop
  endfacet
  facet normal 0 1 0
    outer loop
      vertex 9.0947 6 -8.10782
      vertex 14 6 -14
      vertex 9.07886 6 -8.2146
    endloop
  endfacet
  facet normal 0 1 0
    outer loop
      vertex 7.7854 6 9.07886
      vertex 14 6 14
      vertex 7.89218 6 9.0947
    endloop
  endfacet
  facet normal 0 1 -0
    outer loop
      vertex -8.10782 6 9.0947
      vertex -14 6 14
      vertex -8 6 9.1
    endloop
  endfacet
  facet normal 0 1 -0
    outer loop
      vertex -8.2146 6 9.07886
      vertex -14 6 14
      vertex -8.10782 6 9.0947
    endloop
  endfacet
  facet normal 0 1 -0
    outer loop
      vertex -8.31931 6 9.05263
      vertex -14 6 14
      vertex -8.2146 6 9.07886
    endloop
  endfacet
  facet normal 0 1 -0
    outer loop
      vertex -8.42095 6 9.01627
      vertex -14 6 14
      vertex -8.31931 6 9.05263
    endloop
  endfacet
  facet normal 0 1 -0
    outer loop
      vertex -8.51854 6 8.97011
      vertex -14 6 14
      vertex -8.42095 6 9.01627
    endloop
  endfacet
  facet normal 0 1 -0
    outer loop
      vertex -8.61113 6 8.91462
      vertex -14 6 14
      vertex -8.51854 6 8.97011
    endloop
  endfacet
  facet normal 0 1 -0
    outer loop
      vertex -8.69783 6 8.85031
      vertex -14 6 14
      vertex -8.61113 6 8.91462
    endloop
  endfacet
  facet normal 0 1 -0
    outer loop
      vertex -8.77782 6 8.77782
      vertex -14 6 14
      vertex -8.69783 6 8.85031
    endloop
  endfacet
  facet normal 0 1 -0
    outer loop
      vertex -8.85031 6 8.69783
      vertex -14 6 14
      vertex -8.77782 6 8.77782
    endloop
  endfacet
  facet normal 0 1 -0
    outer loop
      vertex -8.91462 6 8.61113
      vertex -14 6 14
      vertex -8.85031 6 8.69783
    endloop
  endfacet
  facet normal 0 1 -0
    outer loop
      vertex -8.97011 6 8.51854
      vertex -14 6 14
      vertex -8.91462 6 8.61113
    endloop
  endfacet
  facet normal 0 1 -0
    outer loop
      vertex -9.01627 6 8.42095
      vertex -14 6 14
      vertex -8.97011 6 8.51854
    endloop
  endfacet
  facet normal 0 1 -0
    outer loop
      vertex -9.05263 6 8.31931
      vertex -14 6 14
      vertex -9.01627 6 8.42095
    endloop
  endfacet
  facet normal 0 1 -0
    outer loop
      vertex -9.07886 6 8.2146
      vertex -14 6 14
      vertex -9.05263 6 8.31931
    endloop
  endfacet
  facet normal 0 1 -0
    outer loop
      vertex -9.0947 6 8.10782
      vertex -14 6 14
      vertex -9.07886 6 8.2146
    endloop
  endfacet
  facet normal 0 1 -0
    outer loop
      vertex -9.1 6 8
      vertex -14 6 14
      vertex -9.0947 6 8.10782
    endloop
  endfacet
  facet normal 0 1 0
    outer loop
      vertex -9.0947 6 7.89218
      vertex -14 6 14
      vertex -9.1 6 8
    endloop
  endfacet
  facet normal 0 1 0
    outer loop
      vertex -9.07886 6 7.7854
      vertex -14 6 14
      vertex -9.0947 6 7.89218
    endloop
  endfacet
  facet normal 0 1 0
    outer loop
      vertex -9.05263 6 7.68069
      vertex -14 6 14
      vertex -9.07886 6 7.7854
    endloop
  endfacet
  facet normal 0 1 0
    outer loop
      vertex -9.01627 6 7.57905
      vertex -14 6 14
      vertex -9.05263 6 7.68069
    endloop
  endfacet
  facet normal 0 1 0
    outer loop
      vertex -9.01627 6 -7.57905
      vertex -9.01627 6 7.57905
      vertex -8.97011 6 7.48146
    endloop
  endfacet
  facet normal 0 1 0
    outer loop
      vertex -8.97011 6 -7.48146
      vertex -8.97011 6 7.48146
      vertex -8.91462 6 7.38887
    endloop
  endfacet
  facet normal 0 1 0
    outer loop
      vertex -8.91462 6 -7.38887
      vertex -8.91462 6 7.38887
      vertex -8.85031 6 7.30217
    endloop
  endfacet
  facet normal 0 1 0
    outer loop
      vertex -7.22218 6 7.22218
      vertex -2.82843 6 2.82843
      vertex -7.30217 6 7.14969
    endloop
  endfacet
  facet normal 0 1 -0
    outer loop
      vertex -3.09204 6 2.53757
      vertex -7.30217 6 7.14969
      vertex -2.82843 6 2.82843
    endloop
  endfacet
  facet normal 0 1 0
    outer loop
      vertex -7.30217 6 7.14969
      vertex -3.09204 6 2.53757
      vertex -7.38887 6 7.08538
    endloop
  endfacet
  facet normal 0 1 0
    outer loop
      vertex -7.38887 6 7.08538
      vertex -3.09204 6 2.53757
      vertex -7.48146 6 7.02989
    endloop
  endfacet
  facet normal 0 1 -0
    outer loop
      vertex -3.32588 6 2.22228
      vertex -7.48146 6 7.02989
      vertex -3.09204 6 2.53757
    endloop
  endfacet
  facet normal 0 1 0
    outer loop
      vertex -7.48146 6 7.02989
      vertex -3.32588 6 2.22228
      vertex -7.57905 6 6.98373
    endloop
  endfacet
  facet normal 0 1 -0
    outer loop
      vertex -3.52768 6 1.88559
      vertex -7.57905 6 6.98373
      vertex -3.32588 6 2.22228
    endloop
  endfacet
  facet normal 0 1 0
    outer loop
      vertex -7.57905 6 6.98373
      vertex -3.52768 6 1.88559
      vertex -7.68069 6 6.94736
    endloop
  endfacet
  facet normal 0 1 0
    outer loop
      vertex -7.68069 6 6.94736
      vertex -3.52768 6 1.88559
      vertex -7.7854 6 6.92114
    endloop
  endfacet
  facet normal 0 1 -0
    outer loop
      vertex -3.69552 6 1.53073
      vertex -7.7854 6 6.92114
      vertex -3.52768 6 1.88559
    endloop
  endfacet
  facet normal 0 1 0
    outer loop
      vertex -7.7854 6 6.92114
      vertex -3.69552 6 1.53073
      vertex -7.89218 6 6.9053
    endloop
  endfacet
  facet normal 0 1 -0
    outer loop
      vertex -3.82776 6 1.16114
      vertex -7.89218 6 6.9053
      vertex -3.69552 6 1.53073
    endloop
  endfacet
  facet normal 0 1 0
    outer loop
      vertex -7.89218 6 6.9053
      vertex -3.82776 6 1.16114
      vertex -8 6 6.9
    endloop
  endfacet
  facet normal 0 1 0
    outer loop
      vertex -8 6 6.9
      vertex -3.82776 6 1.16114
      vertex -8.10782 6 6.9053
    endloop
  endfacet
  facet normal 0 1 -0
    outer loop
      vertex -3.92314 6 0.780361
      vertex -8.10782 6 6.9053
      vertex -3.82776 6 1.16114
    endloop
  endfacet
  facet normal 0 1 0
    outer loop
      vertex -8.10782 6 6.9053
      vertex -3.92314 6 0.780361
      vertex -8.2146 6 6.92114
    endloop
  endfacet
  facet normal 0 1 -0
    outer loop
      vertex -3.98074 6 0.392068
      vertex -8.2146 6 6.92114
      vertex -3.92314 6 0.780361
    endloop
  endfacet
  facet normal 0 1 0
    outer loop
      vertex -8.2146 6 6.92114
      vertex -3.98074 6 0.392068
      vertex -8.31931 6 6.94736
    endloop
  endfacet
  facet normal 0 1 0
    outer loop
      vertex -8.31931 6 6.94736
      vertex -3.98074 6 0.392068
      vertex -8.42095 6 6.98373
    endloop
  endfacet
  facet normal 0 1 -0
    outer loop
      vertex -4 6 0
      vertex -8.42095 6 6.98373
      vertex -3.98074 6 0.392068
    endloop
  endfacet
  facet normal 0 1 0
    outer loop
      vertex -8.42095 6 6.98373
      vertex -4 6 0
      vertex -8.51854 6 7.02989
    endloop
  endfacet
  facet normal 0 1 0
    outer loop
      vertex -8.51854 6 -7.02989
      vertex -8.51854 6 7.02989
      vertex -4 6 0
    endloop
  endfacet
  facet normal 0 1 0
    outer loop
      vertex -8.51854 6 7.02989
      vertex -8.51854 6 -7.02989
      vertex -8.61113 6 7.08538
    endloop
  endfacet
  facet normal 0 1 0
    outer loop
      vertex -8.61113 6 -7.08538
      vertex -8.61113 6 7.08538
      vertex -8.51854 6 -7.02989
    endloop
  endfacet
  facet normal 0 1 0
    outer loop
      vertex -8.61113 6 7.08538
      vertex -8.61113 6 -7.08538
      vertex -8.69783 6 7.14969
    endloop
  endfacet
  facet normal 0 1 0
    outer loop
      vertex -8.69783 6 -7.14969
      vertex -8.69783 6 7.14969
      vertex -8.61113 6 -7.08538
    endloop
  endfacet
  facet normal 0 1 0
    outer loop
      vertex -8.42095 6 -6.98373
      vertex -4 6 0
      vertex -3.98074 6 -0.392068
    endloop
  endfacet
  facet normal 0 1 0
    outer loop
      vertex -8.2146 6 -6.92114
      vertex -3.98074 6 -0.392068
      vertex -3.92314 6 -0.780361
    endloop
  endfacet
  facet normal 0 1 0
    outer loop
      vertex -8.10782 6 -6.9053
      vertex -3.92314 6 -0.780361
      vertex -3.82776 6 -1.16114
    endloop
  endfacet
  facet normal 0 1 0
    outer loop
      vertex -8 6 -6.9
      vertex -3.82776 6 -1.16114
      vertex -3.69552 6 -1.53073
    endloop
  endfacet
  facet normal 0 1 0
    outer loop
      vertex -8 6 -6.9
      vertex -3.69552 6 -1.53073
      vertex -3.52768 6 -1.88559
    endloop
  endfacet
  facet normal 0 1 0
    outer loop
      vertex -8 6 -6.9
      vertex -3.52768 6 -1.88559
      vertex -3.32588 6 -2.22228
    endloop
  endfacet
  facet normal 0 1 -0
    outer loop
      vertex 7.14969 6 -7.30217
      vertex 2.82843 6 -2.82843
      vertex 7.22218 6 -7.22218
    endloop
  endfacet
  facet normal 0 1 0
    outer loop
      vertex 0 6 -4
      vertex -8 6 -6.9
      vertex -0.392068 6 -3.98074
    endloop
  endfacet
  facet normal 0 1 0
    outer loop
      vertex -0.392068 6 -3.98074
      vertex -8 6 -6.9
      vertex -0.780361 6 -3.92314
    endloop
  endfacet
  facet normal 0 1 0
    outer loop
      vertex -0.780361 6 -3.92314
      vertex -8 6 -6.9
      vertex -1.16114 6 -3.82776
    endloop
  endfacet
  facet normal 0 1 0
    outer loop
      vertex -8 6 -6.9
      vertex -1.53073 6 -3.69552
      vertex -1.16114 6 -3.82776
    endloop
  endfacet
  facet normal 0 1 0
    outer loop
      vertex -8 6 -6.9
      vertex -1.88559 6 -3.52768
      vertex -1.53073 6 -3.69552
    endloop
  endfacet
  facet normal 0 1 0
    outer loop
      vertex -8 6 -6.9
      vertex -2.22228 6 -3.32588
      vertex -1.88559 6 -3.52768
    endloop
  endfacet
  facet normal 0 1 0
    outer loop
      vertex -8 6 -6.9
      vertex -2.53757 6 -3.09204
      vertex -2.22228 6 -3.32588
    endloop
  endfacet
  facet normal 0 1 0
    outer loop
      vertex -8 6 -6.9
      vertex -2.82843 6 -2.82843
      vertex -2.53757 6 -3.09204
    endloop
  endfacet
  facet normal 0 1 0
    outer loop
      vertex -8 6 -6.9
      vertex -3.09204 6 -2.53757
      vertex -2.82843 6 -2.82843
    endloop
  endfacet
  facet normal 0 1 0
    outer loop
      vertex -8 6 -6.9
      vertex -3.32588 6 -2.22228
      vertex -3.09204 6 -2.53757
    endloop
  endfacet
  facet normal 0 1 0
    outer loop
      vertex -3.82776 6 -1.16114
      vertex -8 6 -6.9
      vertex -8.10782 6 -6.9053
    endloop
  endfacet
  facet normal 0 1 0
    outer loop
      vertex -3.92314 6 -0.780361
      vertex -8.10782 6 -6.9053
      vertex -8.2146 6 -6.92114
    endloop
  endfacet
  facet normal 0 1 0
    outer loop
      vertex -3.98074 6 -0.392068
      vertex -8.2146 6 -6.92114
      vertex -8.31931 6 -6.94736
    endloop
  endfacet
  facet normal 0 1 0
    outer loop
      vertex -3.98074 6 -0.392068
      vertex -8.31931 6 -6.94736
      vertex -8.42095 6 -6.98373
    endloop
  endfacet
  facet normal 0 1 0
    outer loop
      vertex -4 6 0
      vertex -8.42095 6 -6.98373
      vertex -8.51854 6 -7.02989
    endloop
  endfacet
  facet normal 0 1 0
    outer loop
      vertex -8.69783 6 7.14969
      vertex -8.69783 6 -7.14969
      vertex -8.77782 6 7.22218
    endloop
  endfacet
  facet normal 0 1 0
    outer loop
      vertex -8.77782 6 -7.22218
      vertex -8.77782 6 7.22218
      vertex -8.69783 6 -7.14969
    endloop
  endfacet
  facet normal 0 1 0
    outer loop
      vertex -8.77782 6 7.22218
      vertex -8.77782 6 -7.22218
      vertex -8.85031 6 7.30217
    endloop
  endfacet
  facet normal 0 1 0
    outer loop
      vertex -8.85031 6 -7.30217
      vertex -8.85031 6 7.30217
      vertex -8.77782 6 -7.22218
    endloop
  endfacet
  facet normal 0 1 0
    outer loop
      vertex -8.91462 6 -7.38887
      vertex -8.85031 6 7.30217
      vertex -8.85031 6 -7.30217
    endloop
  endfacet
  facet normal 0 1 0
    outer loop
      vertex -8.91462 6 7.38887
      vertex -8.91462 6 -7.38887
      vertex -8.97011 6 -7.48146
    endloop
  endfacet
  facet normal 0 1 0
    outer loop
      vertex -9.01627 6 -7.57905
      vertex -8.97011 6 7.48146
      vertex -8.97011 6 -7.48146
    endloop
  endfacet
  facet normal 0 1 0
    outer loop
      vertex -9.01627 6 7.57905
      vertex -9.01627 6 -7.57905
      vertex -14 6 14
    endloop
  endfacet
  facet normal 0 1 0
    outer loop
      vertex -14 6 -14
      vertex -9.01627 6 -7.57905
      vertex -9.05263 6 -7.68069
    endloop
  endfacet
  facet normal 0 1 0
    outer loop
      vertex -14 6 -14
      vertex -9.05263 6 -7.68069
      vertex -9.07886 6 -7.7854
    endloop
  endfacet
  facet normal 0 1 0
    outer loop
      vertex -14 6 -14
      vertex -9.07886 6 -7.7854
      vertex -9.0947 6 -7.89218
    endloop
  endfacet
  facet normal 0 1 0
    outer loop
      vertex -14 6 -14
      vertex -9.0947 6 -7.89218
      vertex -9.1 6 -8
    endloop
  endfacet
  facet normal 0 1 0
    outer loop
      vertex -14 6 -14
      vertex -9.1 6 -8
      vertex -9.0947 6 -8.10782
    endloop
  endfacet
  facet normal 0 1 0
    outer loop
      vertex -14 6 -14
      vertex -9.0947 6 -8.10782
      vertex -9.07886 6 -8.2146
    endloop
  endfacet
  facet normal 0 1 0
    outer loop
      vertex -7.89218 6 -9.0947
      vertex -14 6 -14
      vertex -8 6 -9.1
    endloop
  endfacet
  facet normal 0 1 0
    outer loop
      vertex -8 6 -9.1
      vertex -14 6 -14
      vertex -8.10782 6 -9.0947
    endloop
  endfacet
  facet normal 0 1 0
    outer loop
      vertex -9.01627 6 -7.57905
      vertex -14 6 -14
      vertex -14 6 14
    endloop
  endfacet
  facet normal 0 1 0
    outer loop
      vertex -9.05263 6 -8.31931
      vertex -14 6 -14
      vertex -9.07886 6 -8.2146
    endloop
  endfacet
  facet normal 0 1 0
    outer loop
      vertex -9.01627 6 -8.42095
      vertex -14 6 -14
      vertex -9.05263 6 -8.31931
    endloop
  endfacet
  facet normal 0 1 0
    outer loop
      vertex -8.97011 6 -8.51854
      vertex -14 6 -14
      vertex -9.01627 6 -8.42095
    endloop
  endfacet
  facet normal 0 1 0
    outer loop
      vertex -8.91462 6 -8.61113
      vertex -14 6 -14
      vertex -8.97011 6 -8.51854
    endloop
  endfacet
  facet normal 0 1 0
    outer loop
      vertex -8.85031 6 -8.69783
      vertex -14 6 -14
      vertex -8.91462 6 -8.61113
    endloop
  endfacet
  facet normal 0 1 0
    outer loop
      vertex -8.77782 6 -8.77782
      vertex -14 6 -14
      vertex -8.85031 6 -8.69783
    endloop
  endfacet
  facet normal 0 1 0
    outer loop
      vertex -8.69783 6 -8.85031
      vertex -14 6 -14
      vertex -8.77782 6 -8.77782
    endloop
  endfacet
  facet normal 0 1 0
    outer loop
      vertex -8.61113 6 -8.91462
      vertex -14 6 -14
      vertex -8.69783 6 -8.85031
    endloop
  endfacet
  facet normal 0 1 0
    outer loop
      vertex -8.51854 6 -8.97011
      vertex -14 6 -14
      vertex -8.61113 6 -8.91462
    endloop
  endfacet
  facet normal 0 1 0
    outer loop
      vertex -8.42095 6 -9.01627
      vertex -14 6 -14
      vertex -8.51854 6 -8.97011
    endloop
  endfacet
  facet normal 0 1 0
    outer loop
      vertex -8.31931 6 -9.05263
      vertex -14 6 -14
      vertex -8.42095 6 -9.01627
    endloop
  endfacet
  facet normal 0 1 0
    outer loop
      vertex -8.2146 6 -9.07886
      vertex -14 6 -14
      vertex -8.31931 6 -9.05263
    endloop
  endfacet
  facet normal 0 1 0
    outer loop
      vertex -8.10782 6 -9.0947
      vertex -14 6 -14
      vertex -8.2146 6 -9.07886
    endloop
  endfacet
  facet normal 0 -1 0
    outer loop
      vertex -7.68069 -6 -6.94736
      vertex -6 -6 -6
      vertex -7.7854 -6 -6.92114
    endloop
  endfacet
  facet normal 0 -1 0
    outer loop
      vertex 6 -6 -6
      vertex 7.89218 -6 -6.9053
      vertex 8 -6 -6.9
    endloop
  endfacet
  facet normal 0 -1 0
    outer loop
      vertex -7.57905 -6 -6.98373
      vertex -6 -6 -6
      vertex -7.68069 -6 -6.94736
    endloop
  endfacet
  facet normal 0 -1 0
    outer loop
      vertex 6 -6 -6
      vertex 7.7854 -6 -6.92114
      vertex 7.89218 -6 -6.9053
    endloop
  endfacet
  facet normal 0 -1 0
    outer loop
      vertex -7.48146 -6 -7.02989
      vertex -6 -6 -6
      vertex -7.57905 -6 -6.98373
    endloop
  endfacet
  facet normal 0 -1 0
    outer loop
      vertex 6 -6 -6
      vertex 7.68069 -6 -6.94736
      vertex 7.7854 -6 -6.92114
    endloop
  endfacet
  facet normal 0 -1 0
    outer loop
      vertex -7.38887 -6 -7.08538
      vertex -6 -6 -6
      vertex -7.48146 -6 -7.02989
    endloop
  endfacet
  facet normal 0 -1 0
    outer loop
      vertex 6 -6 -6
      vertex 7.57905 -6 -6.98373
      vertex 7.68069 -6 -6.94736
    endloop
  endfacet
  facet normal 0 -1 0
    outer loop
      vertex -7.30217 -6 -7.14969
      vertex -6 -6 -6
      vertex -7.38887 -6 -7.08538
    endloop
  endfacet
  facet normal 0 -1 0
    outer loop
      vertex 6 -6 -6
      vertex 7.48146 -6 -7.02989
      vertex 7.57905 -6 -6.98373
    endloop
  endfacet
  facet normal 0 -1 0
    outer loop
      vertex -7.22218 -6 -7.22218
      vertex -6 -6 -6
      vertex -7.30217 -6 -7.14969
    endloop
  endfacet
  facet normal 0 -1 0
    outer loop
      vertex 6 -6 -6
      vertex 7.38887 -6 -7.08538
      vertex 7.48146 -6 -7.02989
    endloop
  endfacet
  facet normal 0 -1 0
    outer loop
      vertex -7.14969 -6 -7.30217
      vertex -6 -6 -6
      vertex -7.22218 -6 -7.22218
    endloop
  endfacet
  facet normal 0 -1 0
    outer loop
      vertex 6 -6 -6
      vertex 7.30217 -6 -7.14969
      vertex 7.38887 -6 -7.08538
    endloop
  endfacet
  facet normal 0 -1 0
    outer loop
      vertex -7.08538 -6 -7.38887
      vertex -6 -6 -6
      vertex -7.14969 -6 -7.30217
    endloop
  endfacet
  facet normal 0 -1 0
    outer loop
      vertex 6 -6 -6
      vertex 7.22218 -6 -7.22218
      vertex 7.30217 -6 -7.14969
    endloop
  endfacet
  facet normal 0 -1 0
    outer loop
      vertex -7.02989 -6 -7.48146
      vertex -6 -6 -6
      vertex -7.08538 -6 -7.38887
    endloop
  endfacet
  facet normal 0 -1 0
    outer loop
      vertex 6 -6 -6
      vertex 7.14969 -6 -7.30217
      vertex 7.22218 -6 -7.22218
    endloop
  endfacet
  facet normal 0 -1 0
    outer loop
      vertex -6.98373 -6 -7.57905
      vertex -6 -6 -6
      vertex -7.02989 -6 -7.48146
    endloop
  endfacet
  facet normal 0 -1 0
    outer loop
      vertex 6 -6 -6
      vertex 7.08538 -6 -7.38887
      vertex 7.14969 -6 -7.30217
    endloop
  endfacet
  facet normal 0 -1 0
    outer loop
      vertex -6.94736 -6 -7.68069
      vertex -6 -6 -6
      vertex -6.98373 -6 -7.57905
    endloop
  endfacet
  facet normal 0 -1 0
    outer loop
      vertex 6 -6 -6
      vertex 7.02989 -6 -7.48146
      vertex 7.08538 -6 -7.38887
    endloop
  endfacet
  facet normal 0 -1 0
    outer loop
      vertex -6.92114 -6 -7.7854
      vertex -6 -6 -6
      vertex -6.94736 -6 -7.68069
    endloop
  endfacet
  facet normal 0 -1 0
    outer loop
      vertex 6 -6 -6
      vertex 6.98373 -6 -7.57905
      vertex 7.02989 -6 -7.48146
    endloop
  endfacet
  facet normal 0 -1 0
    outer loop
      vertex -6.9053 -6 -7.89218
      vertex -6 -6 -6
      vertex -6.92114 -6 -7.7854
    endloop
  endfacet
  facet normal 0 -1 0
    outer loop
      vertex 6 -6 -6
      vertex 6.94736 -6 -7.68069
      vertex 6.98373 -6 -7.57905
    endloop
  endfacet
  facet normal 0 -1 0
    outer loop
      vertex -6.9 -6 -8
      vertex -6 -6 -6
      vertex -6.9053 -6 -7.89218
    endloop
  endfacet
  facet normal 0 -1 0
    outer loop
      vertex 6 -6 -6
      vertex 6.92114 -6 -7.7854
      vertex 6.94736 -6 -7.68069
    endloop
  endfacet
  facet normal 0 -1 0
    outer loop
      vertex -6.9053 -6 -8.10782
      vertex -6 -6 -6
      vertex -6.9 -6 -8
    endloop
  endfacet
  facet normal 0 -1 0
    outer loop
      vertex 6 -6 -6
      vertex 6.9053 -6 -7.89218
      vertex 6.92114 -6 -7.7854
    endloop
  endfacet
  facet normal 0 -1 0
    outer loop
      vertex -6.92114 -6 -8.2146
      vertex -6 -6 -6
      vertex -6.9053 -6 -8.10782
    endloop
  endfacet
  facet normal 0 -1 0
    outer loop
      vertex 6 -6 -6
      vertex 6.9 -6 -8
      vertex 6.9053 -6 -7.89218
    endloop
  endfacet
  facet normal 0 -1 -0
    outer loop
      vertex -6 -6 -6
      vertex -6.92114 -6 -8.2146
      vertex 6 -6 -6
    endloop
  endfacet
  facet normal 0 -1 0
    outer loop
      vertex 6 -6 -6
      vertex 6.9053 -6 -8.10782
      vertex 6.9 -6 -8
    endloop
  endfacet
  facet normal 0 -1 0
    outer loop
      vertex 6.92114 -6 -8.2146
      vertex 6 -6 -6
      vertex -6.92114 -6 -8.2146
    endloop
  endfacet
  facet normal 0 -1 0
    outer loop
      vertex 6 -6 -6
      vertex 6.92114 -6 -8.2146
      vertex 6.9053 -6 -8.10782
    endloop
  endfacet
  facet normal 0 -1 0
    outer loop
      vertex -6.94736 -6 -8.31931
      vertex 6.92114 -6 -8.2146
      vertex -6.92114 -6 -8.2146
    endloop
  endfacet
  facet normal 0 -1 0
    outer loop
      vertex -6.94736 -6 -8.31931
      vertex 6.94736 -6 -8.31931
      vertex 6.92114 -6 -8.2146
    endloop
  endfacet
  facet normal 0 -1 0
    outer loop
      vertex -6.98373 -6 -8.42095
      vertex 6.94736 -6 -8.31931
      vertex -6.94736 -6 -8.31931
    endloop
  endfacet
  facet normal 0 -1 0
    outer loop
      vertex -6.98373 -6 -8.42095
      vertex 6.98373 -6 -8.42095
      vertex 6.94736 -6 -8.31931
    endloop
  endfacet
  facet normal 0 -1 0
    outer loop
      vertex -7.02989 -6 -8.51854
      vertex 6.98373 -6 -8.42095
      vertex -6.98373 -6 -8.42095
    endloop
  endfacet
  facet normal 0 -1 0
    outer loop
      vertex -7.02989 -6 -8.51854
      vertex 7.02989 -6 -8.51854
      vertex 6.98373 -6 -8.42095
    endloop
  endfacet
  facet normal 0 -1 0
    outer loop
      vertex -7.08538 -6 -8.61113
      vertex 7.02989 -6 -8.51854
      vertex -7.02989 -6 -8.51854
    endloop
  endfacet
  facet normal 0 -1 0
    outer loop
      vertex -7.08538 -6 -8.61113
      vertex 7.08538 -6 -8.61113
      vertex 7.02989 -6 -8.51854
    endloop
  endfacet
  facet normal 0 -1 0
    outer loop
      vertex -7.14969 -6 -8.69783
      vertex 7.08538 -6 -8.61113
      vertex -7.08538 -6 -8.61113
    endloop
  endfacet
  facet normal 0 -1 0
    outer loop
      vertex -7.14969 -6 -8.69783
      vertex 7.14969 -6 -8.69783
      vertex 7.08538 -6 -8.61113
    endloop
  endfacet
  facet normal 0 -1 0
    outer loop
      vertex -7.22218 -6 -8.77782
      vertex 7.14969 -6 -8.69783
      vertex -7.14969 -6 -8.69783
    endloop
  endfacet
  facet normal 0 -1 0
    outer loop
      vertex -7.22218 -6 -8.77782
      vertex 7.22218 -6 -8.77782
      vertex 7.14969 -6 -8.69783
    endloop
  endfacet
  facet normal 0 -1 0
    outer loop
      vertex -7.30217 -6 -8.85031
      vertex 7.22218 -6 -8.77782
      vertex -7.22218 -6 -8.77782
    endloop
  endfacet
  facet normal 0 -1 0
    outer loop
      vertex -7.30217 -6 -8.85031
      vertex 7.30217 -6 -8.85031
      vertex 7.22218 -6 -8.77782
    endloop
  endfacet
  facet normal 0 -1 0
    outer loop
      vertex -7.38887 -6 -8.91462
      vertex 7.30217 -6 -8.85031
      vertex -7.30217 -6 -8.85031
    endloop
  endfacet
  facet normal 0 -1 0
    outer loop
      vertex -7.38887 -6 -8.91462
      vertex 7.38887 -6 -8.91462
      vertex 7.30217 -6 -8.85031
    endloop
  endfacet
  facet normal 0 -1 0
    outer loop
      vertex -7.48146 -6 -8.97011
      vertex 7.38887 -6 -8.91462
      vertex -7.38887 -6 -8.91462
    endloop
  endfacet
  facet normal 0 -1 0
    outer loop
      vertex -7.48146 -6 -8.97011
      vertex 7.48146 -6 -8.97011
      vertex 7.38887 -6 -8.91462
    endloop
  endfacet
  facet normal 0 -1 0
    outer loop
      vertex -7.57905 -6 -9.01627
      vertex 7.48146 -6 -8.97011
      vertex -7.48146 -6 -8.97011
    endloop
  endfacet
  facet normal 0 -1 0
    outer loop
      vertex -7.57905 -6 -9.01627
      vertex 7.57905 -6 -9.01627
      vertex 7.48146 -6 -8.97011
    endloop
  endfacet
  facet normal 0 -1 0
    outer loop
      vertex -14 -6 -14
      vertex -7.57905 -6 -9.01627
      vertex -7.68069 -6 -9.05263
    endloop
  endfacet
  facet normal 0 -1 -0
    outer loop
      vertex -7.57905 -6 -9.01627
      vertex -14 -6 -14
      vertex 7.57905 -6 -9.01627
    endloop
  endfacet
  facet normal 0 -1 0
    outer loop
      vertex -14 -6 -14
      vertex -7.68069 -6 -9.05263
      vertex -7.7854 -6 -9.07886
    endloop
  endfacet
  facet normal 0 -1 0
    outer loop
      vertex 14 -6 -14
      vertex 7.57905 -6 -9.01627
      vertex -14 -6 -14
    endloop
  endfacet
  facet normal 0 -1 0
    outer loop
      vertex -14 -6 -14
      vertex -7.7854 -6 -9.07886
      vertex -7.89218 -6 -9.0947
    endloop
  endfacet
  facet normal 0 -1 0
    outer loop
      vertex 7.57905 -6 -9.01627
      vertex 14 -6 -14
      vertex 7.68069 -6 -9.05263
    endloop
  endfacet
  facet normal 0 -1 0
    outer loop
      vertex -14 -6 -14
      vertex -7.89218 -6 -9.0947
      vertex -8 -6 -9.1
    endloop
  endfacet
  facet normal 0 -1 0
    outer loop
      vertex 7.68069 -6 -9.05263
      vertex 14 -6 -14
      vertex 7.7854 -6 -9.07886
    endloop
  endfacet
  facet normal 0 -1 0
    outer loop
      vertex -7.68069 -6 9.05263
      vertex -14 -6 14
      vertex -7.7854 -6 9.07886
    endloop
  endfacet
  facet normal 0 -1 0
    outer loop
      vertex 14 -6 14
      vertex 7.89218 -6 9.0947
      vertex 8 -6 9.1
    endloop
  endfacet
  facet normal 0 -1 0
    outer loop
      vertex -7.57905 -6 9.01627
      vertex -14 -6 14
      vertex -7.68069 -6 9.05263
    endloop
  endfacet
  facet normal 0 -1 0
    outer loop
      vertex 14 -6 14
      vertex 7.7854 -6 9.07886
      vertex 7.89218 -6 9.0947
    endloop
  endfacet
  facet normal 0 -1 0
    outer loop
      vertex -14 -6 14
      vertex -7.57905 -6 9.01627
      vertex 14 -6 14
    endloop
  endfacet
  facet normal 0 -1 0
    outer loop
      vertex 14 -6 14
      vertex 7.68069 -6 9.05263
      vertex 7.7854 -6 9.07886
    endloop
  endfacet
  facet normal 0 -1 0
    outer loop
      vertex 7.57905 -6 9.01627
      vertex 14 -6 14
      vertex -7.57905 -6 9.01627
    endloop
  endfacet
  facet normal 0 -1 0
    outer loop
      vertex 14 -6 14
      vertex 7.57905 -6 9.01627
      vertex 7.68069 -6 9.05263
    endloop
  endfacet
  facet normal 0 -1 0
    outer loop
      vertex -7.48146 -6 8.97011
      vertex 7.57905 -6 9.01627
      vertex -7.57905 -6 9.01627
    endloop
  endfacet
  facet normal 0 -1 0
    outer loop
      vertex -7.48146 -6 8.97011
      vertex 7.48146 -6 8.97011
      vertex 7.57905 -6 9.01627
    endloop
  endfacet
  facet normal 0 -1 0
    outer loop
      vertex -7.38887 -6 8.91462
      vertex 7.48146 -6 8.97011
      vertex -7.48146 -6 8.97011
    endloop
  endfacet
  facet normal 0 -1 0
    outer loop
      vertex -7.38887 -6 8.91462
      vertex 7.38887 -6 8.91462
      vertex 7.48146 -6 8.97011
    endloop
  endfacet
  facet normal 0 -1 0
    outer loop
      vertex -7.30217 -6 8.85031
      vertex 7.38887 -6 8.91462
      vertex -7.38887 -6 8.91462
    endloop
  endfacet
  facet normal 0 -1 0
    outer loop
      vertex -7.30217 -6 8.85031
      vertex 7.30217 -6 8.85031
      vertex 7.38887 -6 8.91462
    endloop
  endfacet
  facet normal 0 -1 0
    outer loop
      vertex -7.22218 -6 8.77782
      vertex 7.30217 -6 8.85031
      vertex -7.30217 -6 8.85031
    endloop
  endfacet
  facet normal 0 -1 0
    outer loop
      vertex -7.22218 -6 8.77782
      vertex 7.22218 -6 8.77782
      vertex 7.30217 -6 8.85031
    endloop
  endfacet
  facet normal 0 -1 0
    outer loop
      vertex -7.14969 -6 8.69783
      vertex 7.22218 -6 8.77782
      vertex -7.22218 -6 8.77782
    endloop
  endfacet
  facet normal 0 -1 0
    outer loop
      vertex -7.14969 -6 8.69783
      vertex 7.14969 -6 8.69783
      vertex 7.22218 -6 8.77782
    endloop
  endfacet
  facet normal 0 -1 0
    outer loop
      vertex -7.08538 -6 8.61113
      vertex 7.14969 -6 8.69783
      vertex -7.14969 -6 8.69783
    endloop
  endfacet
  facet normal 0 -1 0
    outer loop
      vertex -7.08538 -6 8.61113
      vertex 7.08538 -6 8.61113
      vertex 7.14969 -6 8.69783
    endloop
  endfacet
  facet normal 0 -1 0
    outer loop
      vertex -7.02989 -6 8.51854
      vertex 7.08538 -6 8.61113
      vertex -7.08538 -6 8.61113
    endloop
  endfacet
  facet normal 0 -1 0
    outer loop
      vertex -7.02989 -6 8.51854
      vertex 7.02989 -6 8.51854
      vertex 7.08538 -6 8.61113
    endloop
  endfacet
  facet normal 0 -1 0
    outer loop
      vertex -6.98373 -6 8.42095
      vertex 7.02989 -6 8.51854
      vertex -7.02989 -6 8.51854
    endloop
  endfacet
  facet normal 0 -1 0
    outer loop
      vertex -6.98373 -6 8.42095
      vertex 6.98373 -6 8.42095
      vertex 7.02989 -6 8.51854
    endloop
  endfacet
  facet normal 0 -1 0
    outer loop
      vertex -6.94736 -6 8.31931
      vertex 6.98373 -6 8.42095
      vertex -6.98373 -6 8.42095
    endloop
  endfacet
  facet normal 0 -1 0
    outer loop
      vertex -6.94736 -6 8.31931
      vertex 6.94736 -6 8.31931
      vertex 6.98373 -6 8.42095
    endloop
  endfacet
  facet normal 0 -1 0
    outer loop
      vertex -6.92114 -6 8.2146
      vertex 6.94736 -6 8.31931
      vertex -6.94736 -6 8.31931
    endloop
  endfacet
  facet normal 0 -1 0
    outer loop
      vertex -6.92114 -6 8.2146
      vertex 6.92114 -6 8.2146
      vertex 6.94736 -6 8.31931
    endloop
  endfacet
  facet normal 0 -1 0
    outer loop
      vertex -6 -6 6
      vertex -6.92114 -6 8.2146
      vertex -6.9053 -6 8.10782
    endloop
  endfacet
  facet normal 0 -1 0
    outer loop
      vertex -6.92114 -6 8.2146
      vertex -6 -6 6
      vertex 6.92114 -6 8.2146
    endloop
  endfacet
  facet normal 0 -1 0
    outer loop
      vertex -6 -6 6
      vertex -6.9053 -6 8.10782
      vertex -6.9 -6 8
    endloop
  endfacet
  facet normal 0 -1 0
    outer loop
      vertex 6 -6 6
      vertex 6.92114 -6 8.2146
      vertex -6 -6 6
    endloop
  endfacet
  facet normal 0 -1 0
    outer loop
      vertex -6 -6 6
      vertex -6.9 -6 8
      vertex -6.9053 -6 7.89218
    endloop
  endfacet
  facet normal 0 -1 0
    outer loop
      vertex 6.92114 -6 8.2146
      vertex 6 -6 6
      vertex 6.9053 -6 8.10782
    endloop
  endfacet
  facet normal 0 -1 0
    outer loop
      vertex -6 -6 6
      vertex -6.9053 -6 7.89218
      vertex -6.92114 -6 7.7854
    endloop
  endfacet
  facet normal 0 -1 0
    outer loop
      vertex 6.9053 -6 8.10782
      vertex 6 -6 6
      vertex 6.9 -6 8
    endloop
  endfacet
  facet normal 0 -1 0
    outer loop
      vertex -6 -6 6
      vertex -6.92114 -6 7.7854
      vertex -6.94736 -6 7.68069
    endloop
  endfacet
  facet normal 0 -1 -0
    outer loop
      vertex 6.9 -6 8
      vertex 6 -6 6
      vertex 6.9053 -6 7.89218
    endloop
  endfacet
  facet normal 0 -1 0
    outer loop
      vertex -6 -6 6
      vertex -6.94736 -6 7.68069
      vertex -6.98373 -6 7.57905
    endloop
  endfacet
  facet normal 0 -1 -0
    outer loop
      vertex 6.9053 -6 7.89218
      vertex 6 -6 6
      vertex 6.92114 -6 7.7854
    endloop
  endfacet
  facet normal 0 -1 0
    outer loop
      vertex -6 -6 6
      vertex -6.98373 -6 7.57905
      vertex -7.02989 -6 7.48146
    endloop
  endfacet
  facet normal 0 -1 -0
    outer loop
      vertex 6.92114 -6 7.7854
      vertex 6 -6 6
      vertex 6.94736 -6 7.68069
    endloop
  endfacet
  facet normal 0 -1 0
    outer loop
      vertex -6 -6 6
      vertex -7.02989 -6 7.48146
      vertex -7.08538 -6 7.38887
    endloop
  endfacet
  facet normal 0 -1 -0
    outer loop
      vertex 6.94736 -6 7.68069
      vertex 6 -6 6
      vertex 6.98373 -6 7.57905
    endloop
  endfacet
  facet normal 0 -1 0
    outer loop
      vertex -6 -6 6
      vertex -7.08538 -6 7.38887
      vertex -7.14969 -6 7.30217
    endloop
  endfacet
  facet normal 0 -1 -0
    outer loop
      vertex 6.98373 -6 7.57905
      vertex 6 -6 6
      vertex 7.02989 -6 7.48146
    endloop
  endfacet
  facet normal 0 -1 0
    outer loop
      vertex -6 -6 6
      vertex -7.14969 -6 7.30217
      vertex -7.22218 -6 7.22218
    endloop
  endfacet
  facet normal 0 -1 -0
    outer loop
      vertex 7.02989 -6 7.48146
      vertex 6 -6 6
      vertex 7.08538 -6 7.38887
    endloop
  endfacet
  facet normal 0 -1 0
    outer loop
      vertex -6 -6 6
      vertex -7.22218 -6 7.22218
      vertex -7.30217 -6 7.14969
    endloop
  endfacet
  facet normal 0 -1 -0
    outer loop
      vertex 7.08538 -6 7.38887
      vertex 6 -6 6
      vertex 7.14969 -6 7.30217
    endloop
  endfacet
  facet normal 0 -1 0
    outer loop
      vertex -6 -6 6
      vertex -7.30217 -6 7.14969
      vertex -7.38887 -6 7.08538
    endloop
  endfacet
  facet normal 0 -1 -0
    outer loop
      vertex 7.14969 -6 7.30217
      vertex 6 -6 6
      vertex 7.22218 -6 7.22218
    endloop
  endfacet
  facet normal 0 -1 0
    outer loop
      vertex -6 -6 6
      vertex -7.38887 -6 7.08538
      vertex -7.48146 -6 7.02989
    endloop
  endfacet
  facet normal 0 -1 -0
    outer loop
      vertex 7.22218 -6 7.22218
      vertex 6 -6 6
      vertex 7.30217 -6 7.14969
    endloop
  endfacet
  facet normal 0 -1 0
    outer loop
      vertex -6 -6 6
      vertex -7.48146 -6 7.02989
      vertex -7.57905 -6 6.98373
    endloop
  endfacet
  facet normal 0 -1 -0
    outer loop
      vertex 7.30217 -6 7.14969
      vertex 6 -6 6
      vertex 7.38887 -6 7.08538
    endloop
  endfacet
  facet normal 0 -1 0
    outer loop
      vertex -6 -6 6
      vertex -7.57905 -6 6.98373
      vertex -7.68069 -6 6.94736
    endloop
  endfacet
  facet normal 0 -1 -0
    outer loop
      vertex 7.38887 -6 7.08538
      vertex 6 -6 6
      vertex 7.48146 -6 7.02989
    endloop
  endfacet
  facet normal 0 -1 0
    outer loop
      vertex -6 -6 6
      vertex -7.68069 -6 6.94736
      vertex -7.7854 -6 6.92114
    endloop
  endfacet
  facet normal 0 -1 -0
    outer loop
      vertex 7.48146 -6 7.02989
      vertex 6 -6 6
      vertex 7.57905 -6 6.98373
    endloop
  endfacet
  facet normal 0 -1 0
    outer loop
      vertex -6 -6 6
      vertex -7.7854 -6 6.92114
      vertex -7.89218 -6 6.9053
    endloop
  endfacet
  facet normal 0 -1 -0
    outer loop
      vertex 7.57905 -6 6.98373
      vertex 6 -6 6
      vertex 7.68069 -6 6.94736
    endloop
  endfacet
  facet normal 0 -1 0
    outer loop
      vertex -6 -6 6
      vertex -7.89218 -6 6.9053
      vertex -8 -6 6.9
    endloop
  endfacet
  facet normal 0 -1 -0
    outer loop
      vertex 7.68069 -6 6.94736
      vertex 6 -6 6
      vertex 7.7854 -6 6.92114
    endloop
  endfacet
  facet normal 0 -1 0
    outer loop
      vertex -7.89218 -6 9.0947
      vertex -14 -6 14
      vertex -8 -6 9.1
    endloop
  endfacet
  facet normal 0 -1 0
    outer loop
      vertex -14 -6 14
      vertex -8.10782 -6 9.0947
      vertex -8 -6 9.1
    endloop
  endfacet
  facet normal 0 -1 0
    outer loop
      vertex -14 -6 14
      vertex -8.2146 -6 9.07886
      vertex -8.10782 -6 9.0947
    endloop
  endfacet
  facet normal 0 -1 0
    outer loop
      vertex -14 -6 14
      vertex -8.31931 -6 9.05263
      vertex -8.2146 -6 9.07886
    endloop
  endfacet
  facet normal 0 -1 0
    outer loop
      vertex -14 -6 14
      vertex -8.42095 -6 9.01627
      vertex -8.31931 -6 9.05263
    endloop
  endfacet
  facet normal 0 -1 0
    outer loop
      vertex -14 -6 14
      vertex -8.51854 -6 8.97011
      vertex -8.42095 -6 9.01627
    endloop
  endfacet
  facet normal 0 -1 0
    outer loop
      vertex -14 -6 14
      vertex -8.61113 -6 8.91462
      vertex -8.51854 -6 8.97011
    endloop
  endfacet
  facet normal 0 -1 0
    outer loop
      vertex -14 -6 14
      vertex -8.69783 -6 8.85031
      vertex -8.61113 -6 8.91462
    endloop
  endfacet
  facet normal 0 -1 0
    outer loop
      vertex -14 -6 14
      vertex -8.77782 -6 8.77782
      vertex -8.69783 -6 8.85031
    endloop
  endfacet
  facet normal 0 -1 0
    outer loop
      vertex -14 -6 14
      vertex -8.85031 -6 8.69783
      vertex -8.77782 -6 8.77782
    endloop
  endfacet
  facet normal 0 -1 0
    outer loop
      vertex -14 -6 14
      vertex -8.91462 -6 8.61113
      vertex -8.85031 -6 8.69783
    endloop
  endfacet
  facet normal 0 -1 0
    outer loop
      vertex -14 -6 14
      vertex -8.97011 -6 8.51854
      vertex -8.91462 -6 8.61113
    endloop
  endfacet
  facet normal 0 -1 0
    outer loop
      vertex -14 -6 14
      vertex -9.01627 -6 8.42095
      vertex -8.97011 -6 8.51854
    endloop
  endfacet
  facet normal 0 -1 0
    outer loop
      vertex -14 -6 14
      vertex -9.05263 -6 8.31931
      vertex -9.01627 -6 8.42095
    endloop
  endfacet
  facet normal 0 -1 0
    outer loop
      vertex -14 -6 14
      vertex -9.07886 -6 8.2146
      vertex -9.05263 -6 8.31931
    endloop
  endfacet
  facet normal 0 -1 0
    outer loop
      vertex -14 -6 14
      vertex -9.0947 -6 8.10782
      vertex -9.07886 -6 8.2146
    endloop
  endfacet
  facet normal 0 -1 0
    outer loop
      vertex -14 -6 14
      vertex -9.1 -6 8
      vertex -9.0947 -6 8.10782
    endloop
  endfacet
  facet normal 0 -1 0
    outer loop
      vertex -14 -6 14
      vertex -9.0947 -6 7.89218
      vertex -9.1 -6 8
    endloop
  endfacet
  facet normal 0 -1 0
    outer loop
      vertex -14 -6 14
      vertex -9.07886 -6 7.7854
      vertex -9.0947 -6 7.89218
    endloop
  endfacet
  facet normal 0 -1 0
    outer loop
      vertex -14 -6 14
      vertex -9.05263 -6 7.68069
      vertex -9.07886 -6 7.7854
    endloop
  endfacet
  facet normal 0 -1 0
    outer loop
      vertex -14 -6 14
      vertex -9.01627 -6 7.57905
      vertex -9.05263 -6 7.68069
    endloop
  endfacet
  facet normal 0 -1 0
    outer loop
      vertex -9.01627 -6 -7.57905
      vertex -9.01627 -6 7.57905
      vertex -14 -6 14
    endloop
  endfacet
  facet normal 0 -1 0
    outer loop
      vertex -9.01627 -6 7.57905
      vertex -9.01627 -6 -7.57905
      vertex -8.97011 -6 7.48146
    endloop
  endfacet
  facet normal 0 -1 0
    outer loop
      vertex -8.97011 -6 7.48146
      vertex -8.97011 -6 -7.48146
      vertex -8.91462 -6 7.38887
    endloop
  endfacet
  facet normal 0 -1 -0
    outer loop
      vertex 7.7854 -6 6.92114
      vertex 6 -6 6
      vertex 7.89218 -6 6.9053
    endloop
  endfacet
  facet normal 0 -1 0
    outer loop
      vertex -8.10782 -6 6.9053
      vertex -6 -6 6
      vertex -8 -6 6.9
    endloop
  endfacet
  facet normal 0 -1 0
    outer loop
      vertex -8.2146 -6 6.92114
      vertex -6 -6 6
      vertex -8.10782 -6 6.9053
    endloop
  endfacet
  facet normal 0 -1 0
    outer loop
      vertex -8.2146 -6 -6.92114
      vertex -8.2146 -6 6.92114
      vertex -8.31931 -6 6.94736
    endloop
  endfacet
  facet normal 0 -1 0
    outer loop
      vertex -8.31931 -6 -6.94736
      vertex -8.31931 -6 6.94736
      vertex -8.42095 -6 6.98373
    endloop
  endfacet
  facet normal 0 -1 0
    outer loop
      vertex -8.2146 -6 6.92114
      vertex -6 -6 -6
      vertex -6 -6 6
    endloop
  endfacet
  facet normal 0 -1 0
    outer loop
      vertex -8.42095 -6 -6.98373
      vertex -8.42095 -6 6.98373
      vertex -8.51854 -6 7.02989
    endloop
  endfacet
  facet normal 0 -1 0
    outer loop
      vertex -8.51854 -6 -7.02989
      vertex -8.51854 -6 7.02989
      vertex -8.61113 -6 7.08538
    endloop
  endfacet
  facet normal 0 -1 0
    outer loop
      vertex -8.61113 -6 -7.08538
      vertex -8.61113 -6 7.08538
      vertex -8.69783 -6 7.14969
    endloop
  endfacet
  facet normal 0 -1 0
    outer loop
      vertex -8.69783 -6 -7.14969
      vertex -8.69783 -6 7.14969
      vertex -8.77782 -6 7.22218
    endloop
  endfacet
  facet normal 0 -1 0
    outer loop
      vertex -8.77782 -6 -7.22218
      vertex -8.77782 -6 7.22218
      vertex -8.85031 -6 7.30217
    endloop
  endfacet
  facet normal -0 -1 0
    outer loop
      vertex -8.91462 -6 -7.38887
      vertex -8.91462 -6 7.38887
      vertex -8.97011 -6 -7.48146
    endloop
  endfacet
  facet normal 0 -1 0
    outer loop
      vertex -7.89218 -6 -6.9053
      vertex -6 -6 -6
      vertex -8 -6 -6.9
    endloop
  endfacet
  facet normal 0 -1 0
    outer loop
      vertex -8.31931 -6 6.94736
      vertex -8.31931 -6 -6.94736
      vertex -8.2146 -6 -6.92114
    endloop
  endfacet
  facet normal 0 -1 0
    outer loop
      vertex -6 -6 -6
      vertex -8.10782 -6 -6.9053
      vertex -8 -6 -6.9
    endloop
  endfacet
  facet normal 0 -1 0
    outer loop
      vertex -6 -6 -6
      vertex -8.2146 -6 -6.92114
      vertex -8.10782 -6 -6.9053
    endloop
  endfacet
  facet normal 0 -1 0
    outer loop
      vertex -8.2146 -6 6.92114
      vertex -8.2146 -6 -6.92114
      vertex -6 -6 -6
    endloop
  endfacet
  facet normal 0 -1 0
    outer loop
      vertex -8.42095 -6 6.98373
      vertex -8.42095 -6 -6.98373
      vertex -8.31931 -6 -6.94736
    endloop
  endfacet
  facet normal 0 -1 0
    outer loop
      vertex -8.51854 -6 7.02989
      vertex -8.51854 -6 -7.02989
      vertex -8.42095 -6 -6.98373
    endloop
  endfacet
  facet normal 0 -1 0
    outer loop
      vertex -8.61113 -6 7.08538
      vertex -8.61113 -6 -7.08538
      vertex -8.51854 -6 -7.02989
    endloop
  endfacet
  facet normal 0 -1 0
    outer loop
      vertex -8.69783 -6 7.14969
      vertex -8.69783 -6 -7.14969
      vertex -8.61113 -6 -7.08538
    endloop
  endfacet
  facet normal 0 -1 0
    outer loop
      vertex -8.77782 -6 7.22218
      vertex -8.77782 -6 -7.22218
      vertex -8.69783 -6 -7.14969
    endloop
  endfacet
  facet normal 0 -1 0
    outer loop
      vertex -8.85031 -6 7.30217
      vertex -8.85031 -6 -7.30217
      vertex -8.77782 -6 -7.22218
    endloop
  endfacet
  facet normal 0 -1 -0
    outer loop
      vertex -8.85031 -6 7.30217
      vertex -8.91462 -6 -7.38887
      vertex -8.85031 -6 -7.30217
    endloop
  endfacet
  facet normal 0 -1 0
    outer loop
      vertex -8.91462 -6 7.38887
      vertex -8.91462 -6 -7.38887
      vertex -8.85031 -6 7.30217
    endloop
  endfacet
  facet normal 0 -1 -0
    outer loop
      vertex -8.97011 -6 7.48146
      vertex -9.01627 -6 -7.57905
      vertex -8.97011 -6 -7.48146
    endloop
  endfacet
  facet normal 0 -1 0
    outer loop
      vertex -14 -6 -14
      vertex -9.01627 -6 -7.57905
      vertex -14 -6 14
    endloop
  endfacet
  facet normal 0 -1 0
    outer loop
      vertex -9.01627 -6 -7.57905
      vertex -14 -6 -14
      vertex -9.05263 -6 -7.68069
    endloop
  endfacet
  facet normal 0 -1 0
    outer loop
      vertex -9.05263 -6 -7.68069
      vertex -14 -6 -14
      vertex -9.07886 -6 -7.7854
    endloop
  endfacet
  facet normal 0 -1 0
    outer loop
      vertex -9.07886 -6 -7.7854
      vertex -14 -6 -14
      vertex -9.0947 -6 -7.89218
    endloop
  endfacet
  facet normal 0 -1 0
    outer loop
      vertex -9.0947 -6 -7.89218
      vertex -14 -6 -14
      vertex -9.1 -6 -8
    endloop
  endfacet
  facet normal 0 -1 -0
    outer loop
      vertex -9.1 -6 -8
      vertex -14 -6 -14
      vertex -9.0947 -6 -8.10782
    endloop
  endfacet
  facet normal 0 -1 0
    outer loop
      vertex 7.7854 -6 -9.07886
      vertex 14 -6 -14
      vertex 7.89218 -6 -9.0947
    endloop
  endfacet
  facet normal 0 -1 -0
    outer loop
      vertex -8.10782 -6 -9.0947
      vertex -14 -6 -14
      vertex -8 -6 -9.1
    endloop
  endfacet
  facet normal 0 -1 -0
    outer loop
      vertex -8.2146 -6 -9.07886
      vertex -14 -6 -14
      vertex -8.10782 -6 -9.0947
    endloop
  endfacet
  facet normal 0 -1 -0
    outer loop
      vertex -8.31931 -6 -9.05263
      vertex -14 -6 -14
      vertex -8.2146 -6 -9.07886
    endloop
  endfacet
  facet normal 0 -1 -0
    outer loop
      vertex -8.42095 -6 -9.01627
      vertex -14 -6 -14
      vertex -8.31931 -6 -9.05263
    endloop
  endfacet
  facet normal 0 -1 -0
    outer loop
      vertex -8.51854 -6 -8.97011
      vertex -14 -6 -14
      vertex -8.42095 -6 -9.01627
    endloop
  endfacet
  facet normal 0 -1 -0
    outer loop
      vertex -8.61113 -6 -8.91462
      vertex -14 -6 -14
      vertex -8.51854 -6 -8.97011
    endloop
  endfacet
  facet normal 0 -1 -0
    outer loop
      vertex -8.69783 -6 -8.85031
      vertex -14 -6 -14
      vertex -8.61113 -6 -8.91462
    endloop
  endfacet
  facet normal 0 -1 -0
    outer loop
      vertex -8.77782 -6 -8.77782
      vertex -14 -6 -14
      vertex -8.69783 -6 -8.85031
    endloop
  endfacet
  facet normal 0 -1 -0
    outer loop
      vertex -8.85031 -6 -8.69783
      vertex -14 -6 -14
      vertex -8.77782 -6 -8.77782
    endloop
  endfacet
  facet normal 0 -1 -0
    outer loop
      vertex -8.91462 -6 -8.61113
      vertex -14 -6 -14
      vertex -8.85031 -6 -8.69783
    endloop
  endfacet
  facet normal 0 -1 -0
    outer loop
      vertex -8.97011 -6 -8.51854
      vertex -14 -6 -14
      vertex -8.91462 -6 -8.61113
    endloop
  endfacet
  facet normal 0 -1 -0
    outer loop
      vertex -9.01627 -6 -8.42095
      vertex -14 -6 -14
      vertex -8.97011 -6 -8.51854
    endloop
  endfacet
  facet normal 0 -1 -0
    outer loop
      vertex -9.05263 -6 -8.31931
      vertex -14 -6 -14
      vertex -9.01627 -6 -8.42095
    endloop
  endfacet
  facet normal 0 -1 -0
    outer loop
      vertex -9.07886 -6 -8.2146
      vertex -14 -6 -14
      vertex -9.05263 -6 -8.31931
    endloop
  endfacet
  facet normal 0 -1 -0
    outer loop
      vertex -9.0947 -6 -8.10782
      vertex -14 -6 -14
      vertex -9.07886 -6 -8.2146
    endloop
  endfacet
  facet normal 0 -1 0
    outer loop
      vertex -7.7854 -6 9.07886
      vertex -14 -6 14
      vertex -7.89218 -6 9.0947
    endloop
  endfacet
  facet normal 0 -1 0
    outer loop
      vertex 8.10782 -6 9.0947
      vertex 14 -6 14
      vertex 8 -6 9.1
    endloop
  endfacet
  facet normal 0 -1 0
    outer loop
      vertex 8.2146 -6 9.07886
      vertex 14 -6 14
      vertex 8.10782 -6 9.0947
    endloop
  endfacet
  facet normal 0 -1 0
    outer loop
      vertex 8.31931 -6 9.05263
      vertex 14 -6 14
      vertex 8.2146 -6 9.07886
    endloop
  endfacet
  facet normal 0 -1 0
    outer loop
      vertex 8.42095 -6 9.01627
      vertex 14 -6 14
      vertex 8.31931 -6 9.05263
    endloop
  endfacet
  facet normal 0 -1 0
    outer loop
      vertex 8.51854 -6 8.97011
      vertex 14 -6 14
      vertex 8.42095 -6 9.01627
    endloop
  endfacet
  facet normal 0 -1 0
    outer loop
      vertex 8.61113 -6 8.91462
      vertex 14 -6 14
      vertex 8.51854 -6 8.97011
    endloop
  endfacet
  facet normal 0 -1 0
    outer loop
      vertex 8.69783 -6 8.85031
      vertex 14 -6 14
      vertex 8.61113 -6 8.91462
    endloop
  endfacet
  facet normal 0 -1 0
    outer loop
      vertex 8.77782 -6 8.77782
      vertex 14 -6 14
      vertex 8.69783 -6 8.85031
    endloop
  endfacet
  facet normal 0 -1 0
    outer loop
      vertex 8.85031 -6 8.69783
      vertex 14 -6 14
      vertex 8.77782 -6 8.77782
    endloop
  endfacet
  facet normal 0 -1 0
    outer loop
      vertex 8.91462 -6 8.61113
      vertex 14 -6 14
      vertex 8.85031 -6 8.69783
    endloop
  endfacet
  facet normal 0 -1 0
    outer loop
      vertex 8.97011 -6 8.51854
      vertex 14 -6 14
      vertex 8.91462 -6 8.61113
    endloop
  endfacet
  facet normal 0 -1 0
    outer loop
      vertex 9.01627 -6 8.42095
      vertex 14 -6 14
      vertex 8.97011 -6 8.51854
    endloop
  endfacet
  facet normal 0 -1 0
    outer loop
      vertex 9.05263 -6 8.31931
      vertex 14 -6 14
      vertex 9.01627 -6 8.42095
    endloop
  endfacet
  facet normal 0 -1 0
    outer loop
      vertex 9.07886 -6 8.2146
      vertex 14 -6 14
      vertex 9.05263 -6 8.31931
    endloop
  endfacet
  facet normal 0 -1 0
    outer loop
      vertex 9.0947 -6 8.10782
      vertex 14 -6 14
      vertex 9.07886 -6 8.2146
    endloop
  endfacet
  facet normal 0 -1 0
    outer loop
      vertex 9.1 -6 8
      vertex 14 -6 14
      vertex 9.0947 -6 8.10782
    endloop
  endfacet
  facet normal 0 -1 0
    outer loop
      vertex 9.0947 -6 7.89218
      vertex 14 -6 14
      vertex 9.1 -6 8
    endloop
  endfacet
  facet normal 0 -1 0
    outer loop
      vertex 9.07886 -6 7.7854
      vertex 14 -6 14
      vertex 9.0947 -6 7.89218
    endloop
  endfacet
  facet normal 0 -1 0
    outer loop
      vertex 9.05263 -6 7.68069
      vertex 14 -6 14
      vertex 9.07886 -6 7.7854
    endloop
  endfacet
  facet normal 0 -1 0
    outer loop
      vertex 9.01627 -6 7.57905
      vertex 14 -6 14
      vertex 9.05263 -6 7.68069
    endloop
  endfacet
  facet normal 0 -1 0
    outer loop
      vertex 9.01627 -6 -7.57905
      vertex 9.01627 -6 7.57905
      vertex 8.97011 -6 7.48146
    endloop
  endfacet
  facet normal 0 -1 0
    outer loop
      vertex 8.97011 -6 -7.48146
      vertex 8.97011 -6 7.48146
      vertex 8.91462 -6 7.38887
    endloop
  endfacet
  facet normal 0 -1 0
    outer loop
      vertex 8.91462 -6 -7.38887
      vertex 8.91462 -6 7.38887
      vertex 8.85031 -6 7.30217
    endloop
  endfacet
  facet normal 0 -1 -0
    outer loop
      vertex 7.89218 -6 6.9053
      vertex 6 -6 6
      vertex 8 -6 6.9
    endloop
  endfacet
  facet normal 0 -1 -0
    outer loop
      vertex 8 -6 6.9
      vertex 6 -6 6
      vertex 8.10782 -6 6.9053
    endloop
  endfacet
  facet normal 0 -1 0
    outer loop
      vertex 6 -6 6
      vertex 8.2146 -6 6.92114
      vertex 8.10782 -6 6.9053
    endloop
  endfacet
  facet normal 0 -1 0
    outer loop
      vertex 6 -6 -6
      vertex 8.2146 -6 6.92114
      vertex 6 -6 6
    endloop
  endfacet
  facet normal 0 -1 0
    outer loop
      vertex 8.2146 -6 -6.92114
      vertex 8.2146 -6 6.92114
      vertex 6 -6 -6
    endloop
  endfacet
  facet normal 0 -1 0
    outer loop
      vertex 8.2146 -6 6.92114
      vertex 8.2146 -6 -6.92114
      vertex 8.31931 -6 6.94736
    endloop
  endfacet
  facet normal 0 -1 0
    outer loop
      vertex 8.31931 -6 -6.94736
      vertex 8.31931 -6 6.94736
      vertex 8.2146 -6 -6.92114
    endloop
  endfacet
  facet normal 0 -1 0
    outer loop
      vertex 8.31931 -6 6.94736
      vertex 8.31931 -6 -6.94736
      vertex 8.42095 -6 6.98373
    endloop
  endfacet
  facet normal 0 -1 0
    outer loop
      vertex 8.42095 -6 -6.98373
      vertex 8.42095 -6 6.98373
      vertex 8.31931 -6 -6.94736
    endloop
  endfacet
  facet normal 0 -1 0
    outer loop
      vertex 8.42095 -6 6.98373
      vertex 8.42095 -6 -6.98373
      vertex 8.51854 -6 7.02989
    endloop
  endfacet
  facet normal 0 -1 0
    outer loop
      vertex 8.51854 -6 -7.02989
      vertex 8.51854 -6 7.02989
      vertex 8.42095 -6 -6.98373
    endloop
  endfacet
  facet normal 0 -1 0
    outer loop
      vertex 8.51854 -6 7.02989
      vertex 8.51854 -6 -7.02989
      vertex 8.61113 -6 7.08538
    endloop
  endfacet
  facet normal 0 -1 0
    outer loop
      vertex -7.7854 -6 -6.92114
      vertex -6 -6 -6
      vertex -7.89218 -6 -6.9053
    endloop
  endfacet
  facet normal 0 -1 0
    outer loop
      vertex 8.10782 -6 -6.9053
      vertex 6 -6 -6
      vertex 8 -6 -6.9
    endloop
  endfacet
  facet normal 0 -1 0
    outer loop
      vertex 8.2146 -6 -6.92114
      vertex 6 -6 -6
      vertex 8.10782 -6 -6.9053
    endloop
  endfacet
  facet normal 0 -1 0
    outer loop
      vertex 8.61113 -6 -7.08538
      vertex 8.61113 -6 7.08538
      vertex 8.51854 -6 -7.02989
    endloop
  endfacet
  facet normal 0 -1 0
    outer loop
      vertex 8.61113 -6 7.08538
      vertex 8.61113 -6 -7.08538
      vertex 8.69783 -6 7.14969
    endloop
  endfacet
  facet normal 0 -1 0
    outer loop
      vertex 8.69783 -6 -7.14969
      vertex 8.69783 -6 7.14969
      vertex 8.61113 -6 -7.08538
    endloop
  endfacet
  facet normal 0 -1 0
    outer loop
      vertex 8.69783 -6 7.14969
      vertex 8.69783 -6 -7.14969
      vertex 8.77782 -6 7.22218
    endloop
  endfacet
  facet normal 0 -1 0
    outer loop
      vertex 8.77782 -6 -7.22218
      vertex 8.77782 -6 7.22218
      vertex 8.69783 -6 -7.14969
    endloop
  endfacet
  facet normal 0 -1 0
    outer loop
      vertex 8.77782 -6 7.22218
      vertex 8.77782 -6 -7.22218
      vertex 8.85031 -6 7.30217
    endloop
  endfacet
  facet normal 0 -1 0
    outer loop
      vertex 8.85031 -6 -7.30217
      vertex 8.85031 -6 7.30217
      vertex 8.77782 -6 -7.22218
    endloop
  endfacet
  facet normal 0 -1 0
    outer loop
      vertex 8.91462 -6 -7.38887
      vertex 8.85031 -6 7.30217
      vertex 8.85031 -6 -7.30217
    endloop
  endfacet
  facet normal 0 -1 0
    outer loop
      vertex 8.91462 -6 7.38887
      vertex 8.91462 -6 -7.38887
      vertex 8.97011 -6 -7.48146
    endloop
  endfacet
  facet normal 0 -1 0
    outer loop
      vertex 9.01627 -6 -7.57905
      vertex 8.97011 -6 7.48146
      vertex 8.97011 -6 -7.48146
    endloop
  endfacet
  facet normal 0 -1 0
    outer loop
      vertex 9.01627 -6 7.57905
      vertex 9.01627 -6 -7.57905
      vertex 14 -6 14
    endloop
  endfacet
  facet normal 0 -1 0
    outer loop
      vertex 14 -6 -14
      vertex 9.01627 -6 -7.57905
      vertex 9.05263 -6 -7.68069
    endloop
  endfacet
  facet normal 0 -1 0
    outer loop
      vertex 14 -6 -14
      vertex 9.05263 -6 -7.68069
      vertex 9.07886 -6 -7.7854
    endloop
  endfacet
  facet normal 0 -1 0
    outer loop
      vertex 14 -6 -14
      vertex 9.07886 -6 -7.7854
      vertex 9.0947 -6 -7.89218
    endloop
  endfacet
  facet normal 0 -1 0
    outer loop
      vertex 14 -6 -14
      vertex 9.0947 -6 -7.89218
      vertex 9.1 -6 -8
    endloop
  endfacet
  facet normal 0 -1 0
    outer loop
      vertex 14 -6 -14
      vertex 9.1 -6 -8
      vertex 9.0947 -6 -8.10782
    endloop
  endfacet
  facet normal 0 -1 0
    outer loop
      vertex 14 -6 -14
      vertex 9.0947 -6 -8.10782
      vertex 9.07886 -6 -8.2146
    endloop
  endfacet
  facet normal 0 -1 0
    outer loop
      vertex 7.89218 -6 -9.0947
      vertex 14 -6 -14
      vertex 8 -6 -9.1
    endloop
  endfacet
  facet normal 0 -1 0
    outer loop
      vertex 8 -6 -9.1
      vertex 14 -6 -14
      vertex 8.10782 -6 -9.0947
    endloop
  endfacet
  facet normal 0 -1 0
    outer loop
      vertex 9.01627 -6 -7.57905
      vertex 14 -6 -14
      vertex 14 -6 14
    endloop
  endfacet
  facet normal 0 -1 0
    outer loop
      vertex 9.05263 -6 -8.31931
      vertex 14 -6 -14
      vertex 9.07886 -6 -8.2146
    endloop
  endfacet
  facet normal 0 -1 0
    outer loop
      vertex 9.01627 -6 -8.42095
      vertex 14 -6 -14
      vertex 9.05263 -6 -8.31931
    endloop
  endfacet
  facet normal 0 -1 0
    outer loop
      vertex 8.97011 -6 -8.51854
      vertex 14 -6 -14
      vertex 9.01627 -6 -8.42095
    endloop
  endfacet
  facet normal 0 -1 0
    outer loop
      vertex 8.91462 -6 -8.61113
      vertex 14 -6 -14
      vertex 8.97011 -6 -8.51854
    endloop
  endfacet
  facet normal 0 -1 0
    outer loop
      vertex 8.85031 -6 -8.69783
      vertex 14 -6 -14
      vertex 8.91462 -6 -8.61113
    endloop
  endfacet
  facet normal 0 -1 0
    outer loop
      vertex 8.77782 -6 -8.77782
      vertex 14 -6 -14
      vertex 8.85031 -6 -8.69783
    endloop
  endfacet
  facet normal 0 -1 0
    outer loop
      vertex 8.69783 -6 -8.85031
      vertex 14 -6 -14
      vertex 8.77782 -6 -8.77782
    endloop
  endfacet
  facet normal 0 -1 0
    outer loop
      vertex 8.61113 -6 -8.91462
      vertex 14 -6 -14
      vertex 8.69783 -6 -8.85031
    endloop
  endfacet
  facet normal 0 -1 0
    outer loop
      vertex 8.51854 -6 -8.97011
      vertex 14 -6 -14
      vertex 8.61113 -6 -8.91462
    endloop
  endfacet
  facet normal 0 -1 0
    outer loop
      vertex 8.42095 -6 -9.01627
      vertex 14 -6 -14
      vertex 8.51854 -6 -8.97011
    endloop
  endfacet
  facet normal 0 -1 0
    outer loop
      vertex 8.31931 -6 -9.05263
      vertex 14 -6 -14
      vertex 8.42095 -6 -9.01627
    endloop
  endfacet
  facet normal 0 -1 0
    outer loop
      vertex 8.2146 -6 -9.07886
      vertex 14 -6 -14
      vertex 8.31931 -6 -9.05263
    endloop
  endfacet
  facet normal 0 -1 0
    outer loop
      vertex 8.10782 -6 -9.0947
      vertex 14 -6 -14
      vertex 8.2146 -6 -9.07886
    endloop
  endfacet
  facet normal 1 -0 0
    outer loop
      vertex 6 -7.5 6
      vertex 6 -6 -6
      vertex 6 -6 6
    endloop
  endfacet
  facet normal 1 0 0
    outer loop
      vertex 6 -6 -6
      vertex 6 -7.5 6
      vertex 6 -7.5 -6
    endloop
  endfacet
  facet normal -0 0 1
    outer loop
      vertex -6 -6 6
      vertex 6 -7.5 6
      vertex 6 -6 6
    endloop
  endfacet
  facet normal 0 0 1
    outer loop
      vertex 6 -7.5 6
      vertex -6 -6 6
      vertex -6 -7.5 6
    endloop
  endfacet
  facet normal 0 0 -1
    outer loop
      vertex -6 -7.5 -6
      vertex 6 -6 -6
      vertex 6 -7.5 -6
    endloop
  endfacet
  facet normal -0 0 -1
    outer loop
      vertex 6 -6 -6
      vertex -6 -7.5 -6
      vertex -6 -6 -6
    endloop
  endfacet
  facet normal -1 0 0
    outer loop
      vertex -6 -7.5 -6
      vertex -6 -6 6
      vertex -6 -6 -6
    endloop
  endfacet
  facet normal -1 -0 0
    outer loop
      vertex -6 -6 6
      vertex -6 -7.5 -6
      vertex -6 -7.5 6
    endloop
  endfacet
  facet normal 0 -1 0
    outer loop
      vertex -6 -7.5 6
      vertex 0 -7.5 4
      vertex 6 -7.5 6
    endloop
  endfacet
  facet normal 0 -1 0
    outer loop
      vertex -6 -7.5 6
      vertex -0.392068 -7.5 3.98074
      vertex 0 -7.5 4
    endloop
  endfacet
  facet normal 0 -1 0
    outer loop
      vertex -6 -7.5 6
      vertex -0.780361 -7.5 3.92314
      vertex -0.392068 -7.5 3.98074
    endloop
  endfacet
  facet normal 0 -1 0
    outer loop
      vertex -6 -7.5 6
      vertex -1.16114 -7.5 3.82776
      vertex -0.780361 -7.5 3.92314
    endloop
  endfacet
  facet normal 0 -1 0
    outer loop
      vertex -6 -7.5 6
      vertex -1.53073 -7.5 3.69552
      vertex -1.16114 -7.5 3.82776
    endloop
  endfacet
  facet normal 0 -1 0
    outer loop
      vertex -6 -7.5 6
      vertex -1.88559 -7.5 3.52768
      vertex -1.53073 -7.5 3.69552
    endloop
  endfacet
  facet normal 0 -1 0
    outer loop
      vertex -6 -7.5 6
      vertex -2.22228 -7.5 3.32588
      vertex -1.88559 -7.5 3.52768
    endloop
  endfacet
  facet normal 0 -1 0
    outer loop
      vertex -6 -7.5 6
      vertex -2.53757 -7.5 3.09204
      vertex -2.22228 -7.5 3.32588
    endloop
  endfacet
  facet normal 0 -1 0
    outer loop
      vertex -6 -7.5 6
      vertex -2.82843 -7.5 2.82843
      vertex -2.53757 -7.5 3.09204
    endloop
  endfacet
  facet normal 0 -1 0
    outer loop
      vertex -6 -7.5 6
      vertex -3.09204 -7.5 2.53757
      vertex -2.82843 -7.5 2.82843
    endloop
  endfacet
  facet normal 0 -1 0
    outer loop
      vertex -6 -7.5 6
      vertex -3.32588 -7.5 2.22228
      vertex -3.09204 -7.5 2.53757
    endloop
  endfacet
  facet normal 0 -1 0
    outer loop
      vertex -6 -7.5 6
      vertex -3.52768 -7.5 1.88559
      vertex -3.32588 -7.5 2.22228
    endloop
  endfacet
  facet normal 0 -1 0
    outer loop
      vertex -6 -7.5 6
      vertex -3.69552 -7.5 1.53073
      vertex -3.52768 -7.5 1.88559
    endloop
  endfacet
  facet normal 0 -1 0
    outer loop
      vertex -6 -7.5 6
      vertex -3.82776 -7.5 1.16114
      vertex -3.69552 -7.5 1.53073
    endloop
  endfacet
  facet normal 0 -1 0
    outer loop
      vertex -6 -7.5 6
      vertex -3.92314 -7.5 0.780361
      vertex -3.82776 -7.5 1.16114
    endloop
  endfacet
  facet normal 0 -1 0
    outer loop
      vertex -6 -7.5 6
      vertex -3.98074 -7.5 0.392068
      vertex -3.92314 -7.5 0.780361
    endloop
  endfacet
  facet normal 0 -1 0
    outer loop
      vertex -6 -7.5 6
      vertex -4 -7.5 0
      vertex -3.98074 -7.5 0.392068
    endloop
  endfacet
  facet normal 0 -1 0
    outer loop
      vertex -6 -7.5 -6
      vertex -4 -7.5 0
      vertex -6 -7.5 6
    endloop
  endfacet
  facet normal 0 -1 -0
    outer loop
      vertex -4 -7.5 0
      vertex -6 -7.5 -6
      vertex -3.98074 -7.5 -0.392068
    endloop
  endfacet
  facet normal 0 -1 -0
    outer loop
      vertex -3.98074 -7.5 -0.392068
      vertex -6 -7.5 -6
      vertex -3.92314 -7.5 -0.780361
    endloop
  endfacet
  facet normal 0 -1 -0
    outer loop
      vertex -0.392068 -7.5 -3.98074
      vertex -6 -7.5 -6
      vertex 0 -7.5 -4
    endloop
  endfacet
  facet normal 0 -1 -0
    outer loop
      vertex -0.780361 -7.5 -3.92314
      vertex -6 -7.5 -6
      vertex -0.392068 -7.5 -3.98074
    endloop
  endfacet
  facet normal 0 -1 -0
    outer loop
      vertex -1.16114 -7.5 -3.82776
      vertex -6 -7.5 -6
      vertex -0.780361 -7.5 -3.92314
    endloop
  endfacet
  facet normal 0 -1 -0
    outer loop
      vertex -1.53073 -7.5 -3.69552
      vertex -6 -7.5 -6
      vertex -1.16114 -7.5 -3.82776
    endloop
  endfacet
  facet normal 0 -1 -0
    outer loop
      vertex -1.88559 -7.5 -3.52768
      vertex -6 -7.5 -6
      vertex -1.53073 -7.5 -3.69552
    endloop
  endfacet
  facet normal 0 -1 -0
    outer loop
      vertex -2.22228 -7.5 -3.32588
      vertex -6 -7.5 -6
      vertex -1.88559 -7.5 -3.52768
    endloop
  endfacet
  facet normal 0 -1 -0
    outer loop
      vertex -2.53757 -7.5 -3.09204
      vertex -6 -7.5 -6
      vertex -2.22228 -7.5 -3.32588
    endloop
  endfacet
  facet normal 0 -1 -0
    outer loop
      vertex -2.82843 -7.5 -2.82843
      vertex -6 -7.5 -6
      vertex -2.53757 -7.5 -3.09204
    endloop
  endfacet
  facet normal 0 -1 -0
    outer loop
      vertex -3.09204 -7.5 -2.53757
      vertex -6 -7.5 -6
      vertex -2.82843 -7.5 -2.82843
    endloop
  endfacet
  facet normal 0 -1 -0
    outer loop
      vertex -3.32588 -7.5 -2.22228
      vertex -6 -7.5 -6
      vertex -3.09204 -7.5 -2.53757
    endloop
  endfacet
  facet normal 0 -1 -0
    outer loop
      vertex -3.52768 -7.5 -1.88559
      vertex -6 -7.5 -6
      vertex -3.32588 -7.5 -2.22228
    endloop
  endfacet
  facet normal 0 -1 -0
    outer loop
      vertex -3.69552 -7.5 -1.53073
      vertex -6 -7.5 -6
      vertex -3.52768 -7.5 -1.88559
    endloop
  endfacet
  facet normal 0 -1 -0
    outer loop
      vertex -3.82776 -7.5 -1.16114
      vertex -6 -7.5 -6
      vertex -3.69552 -7.5 -1.53073
    endloop
  endfacet
  facet normal 0 -1 -0
    outer loop
      vertex -3.92314 -7.5 -0.780361
      vertex -6 -7.5 -6
      vertex -3.82776 -7.5 -1.16114
    endloop
  endfacet
  facet normal 0 -1 0
    outer loop
      vertex 0.392068 -7.5 3.98074
      vertex 6 -7.5 6
      vertex 0 -7.5 4
    endloop
  endfacet
  facet normal 0 -1 0
    outer loop
      vertex 0.780361 -7.5 3.92314
      vertex 6 -7.5 6
      vertex 0.392068 -7.5 3.98074
    endloop
  endfacet
  facet normal 0 -1 0
    outer loop
      vertex 1.16114 -7.5 3.82776
      vertex 6 -7.5 6
      vertex 0.780361 -7.5 3.92314
    endloop
  endfacet
  facet normal 0 -1 0
    outer loop
      vertex 1.53073 -7.5 3.69552
      vertex 6 -7.5 6
      vertex 1.16114 -7.5 3.82776
    endloop
  endfacet
  facet normal 0 -1 0
    outer loop
      vertex 1.88559 -7.5 3.52768
      vertex 6 -7.5 6
      vertex 1.53073 -7.5 3.69552
    endloop
  endfacet
  facet normal 0 -1 0
    outer loop
      vertex 2.22228 -7.5 3.32588
      vertex 6 -7.5 6
      vertex 1.88559 -7.5 3.52768
    endloop
  endfacet
  facet normal 0 -1 0
    outer loop
      vertex 2.53757 -7.5 3.09204
      vertex 6 -7.5 6
      vertex 2.22228 -7.5 3.32588
    endloop
  endfacet
  facet normal 0 -1 0
    outer loop
      vertex 2.82843 -7.5 2.82843
      vertex 6 -7.5 6
      vertex 2.53757 -7.5 3.09204
    endloop
  endfacet
  facet normal 0 -1 0
    outer loop
      vertex 3.09204 -7.5 2.53757
      vertex 6 -7.5 6
      vertex 2.82843 -7.5 2.82843
    endloop
  endfacet
  facet normal 0 -1 0
    outer loop
      vertex 3.32588 -7.5 2.22228
      vertex 6 -7.5 6
      vertex 3.09204 -7.5 2.53757
    endloop
  endfacet
  facet normal 0 -1 0
    outer loop
      vertex 3.52768 -7.5 1.88559
      vertex 6 -7.5 6
      vertex 3.32588 -7.5 2.22228
    endloop
  endfacet
  facet normal 0 -1 0
    outer loop
      vertex 3.69552 -7.5 1.53073
      vertex 6 -7.5 6
      vertex 3.52768 -7.5 1.88559
    endloop
  endfacet
  facet normal 0 -1 0
    outer loop
      vertex 3.82776 -7.5 1.16114
      vertex 6 -7.5 6
      vertex 3.69552 -7.5 1.53073
    endloop
  endfacet
  facet normal 0 -1 0
    outer loop
      vertex 3.92314 -7.5 0.780361
      vertex 6 -7.5 6
      vertex 3.82776 -7.5 1.16114
    endloop
  endfacet
  facet normal 0 -1 0
    outer loop
      vertex 3.98074 -7.5 0.392068
      vertex 6 -7.5 6
      vertex 3.92314 -7.5 0.780361
    endloop
  endfacet
  facet normal 0 -1 0
    outer loop
      vertex 4 -7.5 0
      vertex 6 -7.5 6
      vertex 3.98074 -7.5 0.392068
    endloop
  endfacet
  facet normal 0 -1 0
    outer loop
      vertex 6 -7.5 -6
      vertex 4 -7.5 0
      vertex 3.98074 -7.5 -0.392068
    endloop
  endfacet
  facet normal 0 -1 0
    outer loop
      vertex 6 -7.5 -6
      vertex 3.98074 -7.5 -0.392068
      vertex 3.92314 -7.5 -0.780361
    endloop
  endfacet
  facet normal 0 -1 0
    outer loop
      vertex 6 -7.5 -6
      vertex 3.92314 -7.5 -0.780361
      vertex 3.82776 -7.5 -1.16114
    endloop
  endfacet
  facet normal 0 -1 0
    outer loop
      vertex 6 -7.5 -6
      vertex 0 -7.5 -4
      vertex -6 -7.5 -6
    endloop
  endfacet
  facet normal 0 -1 0
    outer loop
      vertex 0 -7.5 -4
      vertex 6 -7.5 -6
      vertex 0.392068 -7.5 -3.98074
    endloop
  endfacet
  facet normal 0 -1 0
    outer loop
      vertex 0.392068 -7.5 -3.98074
      vertex 6 -7.5 -6
      vertex 0.780361 -7.5 -3.92314
    endloop
  endfacet
  facet normal 0 -1 0
    outer loop
      vertex 4 -7.5 0
      vertex 6 -7.5 -6
      vertex 6 -7.5 6
    endloop
  endfacet
  facet normal 0 -1 0
    outer loop
      vertex 3.69552 -7.5 -1.53073
      vertex 6 -7.5 -6
      vertex 3.82776 -7.5 -1.16114
    endloop
  endfacet
  facet normal 0 -1 0
    outer loop
      vertex 3.52768 -7.5 -1.88559
      vertex 6 -7.5 -6
      vertex 3.69552 -7.5 -1.53073
    endloop
  endfacet
  facet normal 0 -1 0
    outer loop
      vertex 3.32588 -7.5 -2.22228
      vertex 6 -7.5 -6
      vertex 3.52768 -7.5 -1.88559
    endloop
  endfacet
  facet normal 0 -1 0
    outer loop
      vertex 3.09204 -7.5 -2.53757
      vertex 6 -7.5 -6
      vertex 3.32588 -7.5 -2.22228
    endloop
  endfacet
  facet normal 0 -1 0
    outer loop
      vertex 2.82843 -7.5 -2.82843
      vertex 6 -7.5 -6
      vertex 3.09204 -7.5 -2.53757
    endloop
  endfacet
  facet normal 0 -1 0
    outer loop
      vertex 2.53757 -7.5 -3.09204
      vertex 6 -7.5 -6
      vertex 2.82843 -7.5 -2.82843
    endloop
  endfacet
  facet normal 0 -1 0
    outer loop
      vertex 2.22228 -7.5 -3.32588
      vertex 6 -7.5 -6
      vertex 2.53757 -7.5 -3.09204
    endloop
  endfacet
  facet normal 0 -1 0
    outer loop
      vertex 1.88559 -7.5 -3.52768
      vertex 6 -7.5 -6
      vertex 2.22228 -7.5 -3.32588
    endloop
  endfacet
  facet normal 0 -1 0
    outer loop
      vertex 1.53073 -7.5 -3.69552
      vertex 6 -7.5 -6
      vertex 1.88559 -7.5 -3.52768
    endloop
  endfacet
  facet normal 0 -1 0
    outer loop
      vertex 1.16114 -7.5 -3.82776
      vertex 6 -7.5 -6
      vertex 1.53073 -7.5 -3.69552
    endloop
  endfacet
  facet normal 0 -1 0
    outer loop
      vertex 0.780361 -7.5 -3.92314
      vertex 6 -7.5 -6
      vertex 1.16114 -7.5 -3.82776
    endloop
  endfacet
  facet normal -0.595752 0 -0.803168
    outer loop
      vertex -7.38887 4.2 -7.08538
      vertex -7.30217 6 -7.14969
      vertex -7.30217 4.2 -7.14969
    endloop
  endfacet
  facet normal -0.595752 0 -0.803168
    outer loop
      vertex -7.30217 6 -7.14969
      vertex -7.38887 4.2 -7.08538
      vertex -7.38887 6 -7.08538
    endloop
  endfacet
  facet normal -0.595752 0 -0.803168
    outer loop
      vertex -7.38887 -6 -7.08538
      vertex -7.30217 -4.2 -7.14969
      vertex -7.30217 -6 -7.14969
    endloop
  endfacet
  facet normal -0.595752 0 -0.803168
    outer loop
      vertex -7.30217 -4.2 -7.14969
      vertex -7.38887 -6 -7.08538
      vertex -7.38887 -4.2 -7.08538
    endloop
  endfacet
  facet normal -0.989176 0 -0.146737
    outer loop
      vertex -6.9053 4.2 -7.89218
      vertex -6.92114 6 -7.7854
      vertex -6.9053 6 -7.89218
    endloop
  endfacet
  facet normal -0.989176 -0 -0.146737
    outer loop
      vertex -6.92114 6 -7.7854
      vertex -6.9053 4.2 -7.89218
      vertex -6.92114 4.2 -7.7854
    endloop
  endfacet
  facet normal -0.989176 0 -0.146737
    outer loop
      vertex -6.9053 -6 -7.89218
      vertex -6.92114 -4.2 -7.7854
      vertex -6.9053 -4.2 -7.89218
    endloop
  endfacet
  facet normal -0.989176 -0 -0.146737
    outer loop
      vertex -6.92114 -4.2 -7.7854
      vertex -6.9053 -6 -7.89218
      vertex -6.92114 -6 -7.7854
    endloop
  endfacet
  facet normal -0.998794 0 -0.0490967
    outer loop
      vertex -6.9 4.2 -8
      vertex -6.9053 6 -7.89218
      vertex -6.9 6 -8
    endloop
  endfacet
  facet normal -0.998794 -0 -0.0490967
    outer loop
      vertex -6.9053 6 -7.89218
      vertex -6.9 4.2 -8
      vertex -6.9053 4.2 -7.89218
    endloop
  endfacet
  facet normal -0.998794 0 -0.0490967
    outer loop
      vertex -6.9 -6 -8
      vertex -6.9053 -4.2 -7.89218
      vertex -6.9 -4.2 -8
    endloop
  endfacet
  facet normal -0.998794 -0 -0.0490967
    outer loop
      vertex -6.9053 -4.2 -7.89218
      vertex -6.9 -6 -8
      vertex -6.9053 -6 -7.89218
    endloop
  endfacet
  facet normal -0.97005 0 -0.242906
    outer loop
      vertex -6.92114 4.2 -7.7854
      vertex -6.94736 6 -7.68069
      vertex -6.92114 6 -7.7854
    endloop
  endfacet
  facet normal -0.97005 -0 -0.242906
    outer loop
      vertex -6.94736 6 -7.68069
      vertex -6.92114 4.2 -7.7854
      vertex -6.94736 4.2 -7.68069
    endloop
  endfacet
  facet normal -0.97005 0 -0.242906
    outer loop
      vertex -6.92114 -6 -7.7854
      vertex -6.94736 -4.2 -7.68069
      vertex -6.92114 -4.2 -7.7854
    endloop
  endfacet
  facet normal -0.97005 -0 -0.242906
    outer loop
      vertex -6.94736 -4.2 -7.68069
      vertex -6.92114 -6 -7.7854
      vertex -6.94736 -6 -7.68069
    endloop
  endfacet
  facet normal 0.740991 -0 0.671515
    outer loop
      vertex -8.85031 4.2 -8.69783
      vertex -8.77782 6 -8.77782
      vertex -8.85031 6 -8.69783
    endloop
  endfacet
  facet normal 0.740991 0 0.671515
    outer loop
      vertex -8.77782 6 -8.77782
      vertex -8.85031 4.2 -8.69783
      vertex -8.77782 4.2 -8.77782
    endloop
  endfacet
  facet normal 0.740991 -0 0.671515
    outer loop
      vertex -8.85031 -6 -8.69783
      vertex -8.77782 -4.2 -8.77782
      vertex -8.85031 -4.2 -8.69783
    endloop
  endfacet
  facet normal 0.740991 0 0.671515
    outer loop
      vertex -8.77782 -4.2 -8.77782
      vertex -8.85031 -6 -8.69783
      vertex -8.77782 -6 -8.77782
    endloop
  endfacet
  facet normal 0.427581 0 -0.903977
    outer loop
      vertex -8.51854 4.2 -7.02989
      vertex -8.42095 6 -6.98373
      vertex -8.42095 4.2 -6.98373
    endloop
  endfacet
  facet normal 0.427581 0 -0.903977
    outer loop
      vertex -8.42095 6 -6.98373
      vertex -8.51854 4.2 -7.02989
      vertex -8.51854 6 -7.02989
    endloop
  endfacet
  facet normal 0.427581 0 -0.903977
    outer loop
      vertex -8.51854 -6 -7.02989
      vertex -8.42095 -4.2 -6.98373
      vertex -8.42095 -6 -6.98373
    endloop
  endfacet
  facet normal 0.427581 0 -0.903977
    outer loop
      vertex -8.42095 -4.2 -6.98373
      vertex -8.51854 -6 -7.02989
      vertex -8.51854 -4.2 -7.02989
    endloop
  endfacet
  facet normal -0.51406 0 0.857754
    outer loop
      vertex -7.48146 6 -8.97011
      vertex -7.38887 4.2 -8.91462
      vertex -7.38887 6 -8.91462
    endloop
  endfacet
  facet normal -0.51406 0 0.857754
    outer loop
      vertex -7.38887 4.2 -8.91462
      vertex -7.48146 6 -8.97011
      vertex -7.48146 4.2 -8.97011
    endloop
  endfacet
  facet normal -0.51406 0 0.857754
    outer loop
      vertex -7.48146 -4.2 -8.97011
      vertex -7.38887 -6 -8.91462
      vertex -7.38887 -4.2 -8.91462
    endloop
  endfacet
  facet normal -0.51406 0 0.857754
    outer loop
      vertex -7.38887 -6 -8.91462
      vertex -7.48146 -4.2 -8.97011
      vertex -7.48146 -6 -8.97011
    endloop
  endfacet
  facet normal -0.336911 0 -0.941536
    outer loop
      vertex -7.68069 4.2 -6.94736
      vertex -7.57905 6 -6.98373
      vertex -7.57905 4.2 -6.98373
    endloop
  endfacet
  facet normal -0.336911 0 -0.941536
    outer loop
      vertex -7.57905 6 -6.98373
      vertex -7.68069 4.2 -6.94736
      vertex -7.68069 6 -6.94736
    endloop
  endfacet
  facet normal -0.336911 0 -0.941536
    outer loop
      vertex -7.68069 -6 -6.94736
      vertex -7.57905 -4.2 -6.98373
      vertex -7.57905 -6 -6.98373
    endloop
  endfacet
  facet normal -0.336911 0 -0.941536
    outer loop
      vertex -7.57905 -4.2 -6.98373
      vertex -7.68069 -6 -6.94736
      vertex -7.68069 -4.2 -6.94736
    endloop
  endfacet
  facet normal -0.146737 0 -0.989176
    outer loop
      vertex -7.89218 4.2 -6.9053
      vertex -7.7854 6 -6.92114
      vertex -7.7854 4.2 -6.92114
    endloop
  endfacet
  facet normal -0.146737 0 -0.989176
    outer loop
      vertex -7.7854 6 -6.92114
      vertex -7.89218 4.2 -6.9053
      vertex -7.89218 6 -6.9053
    endloop
  endfacet
  facet normal -0.146737 0 -0.989176
    outer loop
      vertex -7.89218 -6 -6.9053
      vertex -7.7854 -4.2 -6.92114
      vertex -7.7854 -6 -6.92114
    endloop
  endfacet
  facet normal -0.146737 0 -0.989176
    outer loop
      vertex -7.7854 -4.2 -6.92114
      vertex -7.89218 -6 -6.9053
      vertex -7.89218 -4.2 -6.9053
    endloop
  endfacet
  facet normal 0.336911 0 -0.941536
    outer loop
      vertex -8.42095 4.2 -6.98373
      vertex -8.31931 6 -6.94736
      vertex -8.31931 4.2 -6.94736
    endloop
  endfacet
  facet normal 0.336911 0 -0.941536
    outer loop
      vertex -8.31931 6 -6.94736
      vertex -8.42095 4.2 -6.98373
      vertex -8.42095 6 -6.98373
    endloop
  endfacet
  facet normal 0.336911 0 -0.941536
    outer loop
      vertex -8.42095 -6 -6.98373
      vertex -8.31931 -4.2 -6.94736
      vertex -8.31931 -6 -6.94736
    endloop
  endfacet
  facet normal 0.336911 0 -0.941536
    outer loop
      vertex -8.31931 -4.2 -6.94736
      vertex -8.42095 -6 -6.98373
      vertex -8.42095 -4.2 -6.98373
    endloop
  endfacet
  facet normal -0.242993 0 0.970028
    outer loop
      vertex -7.7854 6 -9.07886
      vertex -7.68069 4.2 -9.05263
      vertex -7.68069 6 -9.05263
    endloop
  endfacet
  facet normal -0.242993 0 0.970028
    outer loop
      vertex -7.68069 4.2 -9.05263
      vertex -7.7854 6 -9.07886
      vertex -7.7854 4.2 -9.07886
    endloop
  endfacet
  facet normal -0.242993 0 0.970028
    outer loop
      vertex -7.7854 -4.2 -9.07886
      vertex -7.68069 -6 -9.05263
      vertex -7.68069 -4.2 -9.05263
    endloop
  endfacet
  facet normal -0.242993 0 0.970028
    outer loop
      vertex -7.68069 -6 -9.05263
      vertex -7.7854 -4.2 -9.07886
      vertex -7.7854 -6 -9.07886
    endloop
  endfacet
  facet normal -0.941536 0 -0.336911
    outer loop
      vertex -6.94736 4.2 -7.68069
      vertex -6.98373 6 -7.57905
      vertex -6.94736 6 -7.68069
    endloop
  endfacet
  facet normal -0.941536 -0 -0.336911
    outer loop
      vertex -6.98373 6 -7.57905
      vertex -6.94736 4.2 -7.68069
      vertex -6.98373 4.2 -7.57905
    endloop
  endfacet
  facet normal -0.941536 0 -0.336911
    outer loop
      vertex -6.94736 -6 -7.68069
      vertex -6.98373 -4.2 -7.57905
      vertex -6.94736 -4.2 -7.68069
    endloop
  endfacet
  facet normal -0.941536 -0 -0.336911
    outer loop
      vertex -6.98373 -4.2 -7.57905
      vertex -6.94736 -6 -7.68069
      vertex -6.98373 -6 -7.57905
    endloop
  endfacet
  facet normal 0.51406 0 -0.857754
    outer loop
      vertex -8.61113 4.2 -7.08538
      vertex -8.51854 6 -7.02989
      vertex -8.51854 4.2 -7.02989
    endloop
  endfacet
  facet normal 0.51406 0 -0.857754
    outer loop
      vertex -8.51854 6 -7.02989
      vertex -8.61113 4.2 -7.08538
      vertex -8.61113 6 -7.08538
    endloop
  endfacet
  facet normal 0.51406 0 -0.857754
    outer loop
      vertex -8.61113 -6 -7.08538
      vertex -8.51854 -4.2 -7.02989
      vertex -8.51854 -6 -7.02989
    endloop
  endfacet
  facet normal 0.51406 0 -0.857754
    outer loop
      vertex -8.51854 -4.2 -7.02989
      vertex -8.61113 -6 -7.08538
      vertex -8.61113 -4.2 -7.08538
    endloop
  endfacet
  facet normal 0.989176 -0 0.146737
    outer loop
      vertex -9.0947 4.2 -8.10782
      vertex -9.07886 6 -8.2146
      vertex -9.0947 6 -8.10782
    endloop
  endfacet
  facet normal 0.989176 0 0.146737
    outer loop
      vertex -9.07886 6 -8.2146
      vertex -9.0947 4.2 -8.10782
      vertex -9.07886 4.2 -8.2146
    endloop
  endfacet
  facet normal 0.989176 -0 0.146737
    outer loop
      vertex -9.0947 -6 -8.10782
      vertex -9.07886 -4.2 -8.2146
      vertex -9.0947 -4.2 -8.10782
    endloop
  endfacet
  facet normal 0.989176 0 0.146737
    outer loop
      vertex -9.07886 -4.2 -8.2146
      vertex -9.0947 -6 -8.10782
      vertex -9.07886 -6 -8.2146
    endloop
  endfacet
  facet normal 0.740991 0 -0.671515
    outer loop
      vertex -8.77782 4.2 -7.22218
      vertex -8.85031 6 -7.30217
      vertex -8.77782 6 -7.22218
    endloop
  endfacet
  facet normal 0.740991 0 -0.671515
    outer loop
      vertex -8.85031 6 -7.30217
      vertex -8.77782 4.2 -7.22218
      vertex -8.85031 4.2 -7.30217
    endloop
  endfacet
  facet normal 0.740991 0 -0.671515
    outer loop
      vertex -8.77782 -6 -7.22218
      vertex -8.85031 -4.2 -7.30217
      vertex -8.77782 -4.2 -7.22218
    endloop
  endfacet
  facet normal 0.740991 0 -0.671515
    outer loop
      vertex -8.85031 -4.2 -7.30217
      vertex -8.77782 -6 -7.22218
      vertex -8.85031 -6 -7.30217
    endloop
  endfacet
  facet normal 0.970028 0 -0.242993
    outer loop
      vertex -9.05263 4.2 -7.68069
      vertex -9.07886 6 -7.7854
      vertex -9.05263 6 -7.68069
    endloop
  endfacet
  facet normal 0.970028 0 -0.242993
    outer loop
      vertex -9.07886 6 -7.7854
      vertex -9.05263 4.2 -7.68069
      vertex -9.07886 4.2 -7.7854
    endloop
  endfacet
  facet normal 0.970028 0 -0.242993
    outer loop
      vertex -9.05263 -6 -7.68069
      vertex -9.07886 -4.2 -7.7854
      vertex -9.05263 -4.2 -7.68069
    endloop
  endfacet
  facet normal 0.970028 0 -0.242993
    outer loop
      vertex -9.07886 -4.2 -7.7854
      vertex -9.05263 -6 -7.68069
      vertex -9.07886 -6 -7.7854
    endloop
  endfacet
  facet normal -0.427581 0 -0.903977
    outer loop
      vertex -7.57905 4.2 -6.98373
      vertex -7.48146 6 -7.02989
      vertex -7.48146 4.2 -7.02989
    endloop
  endfacet
  facet normal -0.427581 0 -0.903977
    outer loop
      vertex -7.48146 6 -7.02989
      vertex -7.57905 4.2 -6.98373
      vertex -7.57905 6 -6.98373
    endloop
  endfacet
  facet normal -0.427581 0 -0.903977
    outer loop
      vertex -7.57905 -6 -6.98373
      vertex -7.48146 -4.2 -7.02989
      vertex -7.48146 -6 -7.02989
    endloop
  endfacet
  facet normal -0.427581 0 -0.903977
    outer loop
      vertex -7.48146 -4.2 -7.02989
      vertex -7.57905 -6 -6.98373
      vertex -7.57905 -4.2 -6.98373
    endloop
  endfacet
  facet normal 0.0490967 0 -0.998794
    outer loop
      vertex -8.10782 4.2 -6.9053
      vertex -8 6 -6.9
      vertex -8 4.2 -6.9
    endloop
  endfacet
  facet normal 0.0490967 0 -0.998794
    outer loop
      vertex -8 6 -6.9
      vertex -8.10782 4.2 -6.9053
      vertex -8.10782 6 -6.9053
    endloop
  endfacet
  facet normal 0.0490967 0 -0.998794
    outer loop
      vertex -8.10782 -6 -6.9053
      vertex -8 -4.2 -6.9
      vertex -8 -6 -6.9
    endloop
  endfacet
  facet normal 0.0490967 0 -0.998794
    outer loop
      vertex -8 -4.2 -6.9
      vertex -8.10782 -6 -6.9053
      vertex -8.10782 -4.2 -6.9053
    endloop
  endfacet
  facet normal -0.146737 0 0.989176
    outer loop
      vertex -7.89218 6 -9.0947
      vertex -7.7854 4.2 -9.07886
      vertex -7.7854 6 -9.07886
    endloop
  endfacet
  facet normal -0.146737 0 0.989176
    outer loop
      vertex -7.7854 4.2 -9.07886
      vertex -7.89218 6 -9.0947
      vertex -7.89218 4.2 -9.0947
    endloop
  endfacet
  facet normal -0.146737 0 0.989176
    outer loop
      vertex -7.89218 -4.2 -9.0947
      vertex -7.7854 -6 -9.07886
      vertex -7.7854 -4.2 -9.07886
    endloop
  endfacet
  facet normal -0.146737 0 0.989176
    outer loop
      vertex -7.7854 -6 -9.07886
      vertex -7.89218 -4.2 -9.0947
      vertex -7.89218 -6 -9.0947
    endloop
  endfacet
  facet normal -0.803168 0 0.595752
    outer loop
      vertex -7.14969 4.2 -8.69783
      vertex -7.08538 6 -8.61113
      vertex -7.14969 6 -8.69783
    endloop
  endfacet
  facet normal -0.803168 0 0.595752
    outer loop
      vertex -7.08538 6 -8.61113
      vertex -7.14969 4.2 -8.69783
      vertex -7.08538 4.2 -8.61113
    endloop
  endfacet
  facet normal -0.803168 0 0.595752
    outer loop
      vertex -7.14969 -6 -8.69783
      vertex -7.08538 -4.2 -8.61113
      vertex -7.14969 -4.2 -8.69783
    endloop
  endfacet
  facet normal -0.803168 0 0.595752
    outer loop
      vertex -7.08538 -4.2 -8.61113
      vertex -7.14969 -6 -8.69783
      vertex -7.08538 -6 -8.61113
    endloop
  endfacet
  facet normal 0.803168 -0 0.595752
    outer loop
      vertex -8.91462 4.2 -8.61113
      vertex -8.85031 6 -8.69783
      vertex -8.91462 6 -8.61113
    endloop
  endfacet
  facet normal 0.803168 0 0.595752
    outer loop
      vertex -8.85031 6 -8.69783
      vertex -8.91462 4.2 -8.61113
      vertex -8.85031 4.2 -8.69783
    endloop
  endfacet
  facet normal 0.803168 -0 0.595752
    outer loop
      vertex -8.91462 -6 -8.61113
      vertex -8.85031 -4.2 -8.69783
      vertex -8.91462 -4.2 -8.61113
    endloop
  endfacet
  facet normal 0.803168 0 0.595752
    outer loop
      vertex -8.85031 -4.2 -8.69783
      vertex -8.91462 -6 -8.61113
      vertex -8.85031 -6 -8.69783
    endloop
  endfacet
  facet normal 0.146737 0 -0.989176
    outer loop
      vertex -8.2146 4.2 -6.92114
      vertex -8.10782 6 -6.9053
      vertex -8.10782 4.2 -6.9053
    endloop
  endfacet
  facet normal 0.146737 0 -0.989176
    outer loop
      vertex -8.10782 6 -6.9053
      vertex -8.2146 4.2 -6.92114
      vertex -8.2146 6 -6.92114
    endloop
  endfacet
  facet normal 0.146737 0 -0.989176
    outer loop
      vertex -8.2146 -6 -6.92114
      vertex -8.10782 -4.2 -6.9053
      vertex -8.10782 -6 -6.9053
    endloop
  endfacet
  facet normal 0.146737 0 -0.989176
    outer loop
      vertex -8.10782 -4.2 -6.9053
      vertex -8.2146 -6 -6.92114
      vertex -8.2146 -4.2 -6.92114
    endloop
  endfacet
  facet normal 0.989176 0 -0.146737
    outer loop
      vertex -9.07886 4.2 -7.7854
      vertex -9.0947 6 -7.89218
      vertex -9.07886 6 -7.7854
    endloop
  endfacet
  facet normal 0.989176 0 -0.146737
    outer loop
      vertex -9.0947 6 -7.89218
      vertex -9.07886 4.2 -7.7854
      vertex -9.0947 4.2 -7.89218
    endloop
  endfacet
  facet normal 0.989176 0 -0.146737
    outer loop
      vertex -9.07886 -6 -7.7854
      vertex -9.0947 -4.2 -7.89218
      vertex -9.07886 -4.2 -7.7854
    endloop
  endfacet
  facet normal 0.989176 0 -0.146737
    outer loop
      vertex -9.0947 -4.2 -7.89218
      vertex -9.07886 -6 -7.7854
      vertex -9.0947 -6 -7.89218
    endloop
  endfacet
  facet normal 0.941566 -0 0.336829
    outer loop
      vertex -9.05263 4.2 -8.31931
      vertex -9.01627 6 -8.42095
      vertex -9.05263 6 -8.31931
    endloop
  endfacet
  facet normal 0.941566 0 0.336829
    outer loop
      vertex -9.01627 6 -8.42095
      vertex -9.05263 4.2 -8.31931
      vertex -9.01627 4.2 -8.42095
    endloop
  endfacet
  facet normal 0.941566 -0 0.336829
    outer loop
      vertex -9.05263 -6 -8.31931
      vertex -9.01627 -4.2 -8.42095
      vertex -9.05263 -4.2 -8.31931
    endloop
  endfacet
  facet normal 0.941566 0 0.336829
    outer loop
      vertex -9.01627 -4.2 -8.42095
      vertex -9.05263 -6 -8.31931
      vertex -9.01627 -6 -8.42095
    endloop
  endfacet
  facet normal -0.998794 0 0.0490967
    outer loop
      vertex -6.9053 4.2 -8.10782
      vertex -6.9 6 -8
      vertex -6.9053 6 -8.10782
    endloop
  endfacet
  facet normal -0.998794 0 0.0490967
    outer loop
      vertex -6.9 6 -8
      vertex -6.9053 4.2 -8.10782
      vertex -6.9 4.2 -8
    endloop
  endfacet
  facet normal -0.998794 0 0.0490967
    outer loop
      vertex -6.9053 -6 -8.10782
      vertex -6.9 -4.2 -8
      vertex -6.9053 -4.2 -8.10782
    endloop
  endfacet
  facet normal -0.998794 0 0.0490967
    outer loop
      vertex -6.9 -4.2 -8
      vertex -6.9053 -6 -8.10782
      vertex -6.9 -6 -8
    endloop
  endfacet
  facet normal -0.427581 0 0.903977
    outer loop
      vertex -7.57905 6 -9.01627
      vertex -7.48146 4.2 -8.97011
      vertex -7.48146 6 -8.97011
    endloop
  endfacet
  facet normal -0.427581 0 0.903977
    outer loop
      vertex -7.48146 4.2 -8.97011
      vertex -7.57905 6 -9.01627
      vertex -7.57905 4.2 -9.01627
    endloop
  endfacet
  facet normal -0.427581 0 0.903977
    outer loop
      vertex -7.57905 -4.2 -9.01627
      vertex -7.48146 -6 -8.97011
      vertex -7.48146 -4.2 -8.97011
    endloop
  endfacet
  facet normal -0.427581 0 0.903977
    outer loop
      vertex -7.48146 -6 -8.97011
      vertex -7.57905 -4.2 -9.01627
      vertex -7.57905 -6 -9.01627
    endloop
  endfacet
  facet normal -0.857754 0 -0.51406
    outer loop
      vertex -7.02989 4.2 -7.48146
      vertex -7.08538 6 -7.38887
      vertex -7.02989 6 -7.48146
    endloop
  endfacet
  facet normal -0.857754 -0 -0.51406
    outer loop
      vertex -7.08538 6 -7.38887
      vertex -7.02989 4.2 -7.48146
      vertex -7.08538 4.2 -7.38887
    endloop
  endfacet
  facet normal -0.857754 0 -0.51406
    outer loop
      vertex -7.02989 -6 -7.48146
      vertex -7.08538 -4.2 -7.38887
      vertex -7.02989 -4.2 -7.48146
    endloop
  endfacet
  facet normal -0.857754 -0 -0.51406
    outer loop
      vertex -7.08538 -4.2 -7.38887
      vertex -7.02989 -6 -7.48146
      vertex -7.08538 -6 -7.38887
    endloop
  endfacet
  facet normal 0.242906 0 -0.97005
    outer loop
      vertex -8.31931 4.2 -6.94736
      vertex -8.2146 6 -6.92114
      vertex -8.2146 4.2 -6.92114
    endloop
  endfacet
  facet normal 0.242906 0 -0.97005
    outer loop
      vertex -8.2146 6 -6.92114
      vertex -8.31931 4.2 -6.94736
      vertex -8.31931 6 -6.94736
    endloop
  endfacet
  facet normal 0.242906 0 -0.97005
    outer loop
      vertex -8.31931 -6 -6.94736
      vertex -8.2146 -4.2 -6.92114
      vertex -8.2146 -6 -6.92114
    endloop
  endfacet
  facet normal 0.242906 0 -0.97005
    outer loop
      vertex -8.2146 -4.2 -6.92114
      vertex -8.31931 -6 -6.94736
      vertex -8.31931 -4.2 -6.94736
    endloop
  endfacet
  facet normal -0.0490967 0 0.998794
    outer loop
      vertex -8 6 -9.1
      vertex -7.89218 4.2 -9.0947
      vertex -7.89218 6 -9.0947
    endloop
  endfacet
  facet normal -0.0490967 0 0.998794
    outer loop
      vertex -7.89218 4.2 -9.0947
      vertex -8 6 -9.1
      vertex -8 4.2 -9.1
    endloop
  endfacet
  facet normal -0.0490967 0 0.998794
    outer loop
      vertex -8 -4.2 -9.1
      vertex -7.89218 -6 -9.0947
      vertex -7.89218 -4.2 -9.0947
    endloop
  endfacet
  facet normal -0.0490967 0 0.998794
    outer loop
      vertex -7.89218 -6 -9.0947
      vertex -8 -4.2 -9.1
      vertex -8 -6 -9.1
    endloop
  endfacet
  facet normal -0.803168 0 -0.595752
    outer loop
      vertex -7.08538 4.2 -7.38887
      vertex -7.14969 6 -7.30217
      vertex -7.08538 6 -7.38887
    endloop
  endfacet
  facet normal -0.803168 -0 -0.595752
    outer loop
      vertex -7.14969 6 -7.30217
      vertex -7.08538 4.2 -7.38887
      vertex -7.14969 4.2 -7.30217
    endloop
  endfacet
  facet normal -0.803168 0 -0.595752
    outer loop
      vertex -7.08538 -6 -7.38887
      vertex -7.14969 -4.2 -7.30217
      vertex -7.08538 -4.2 -7.38887
    endloop
  endfacet
  facet normal -0.803168 -0 -0.595752
    outer loop
      vertex -7.14969 -4.2 -7.30217
      vertex -7.08538 -6 -7.38887
      vertex -7.14969 -6 -7.30217
    endloop
  endfacet
  facet normal 0.903977 -0 0.427581
    outer loop
      vertex -9.01627 4.2 -8.42095
      vertex -8.97011 6 -8.51854
      vertex -9.01627 6 -8.42095
    endloop
  endfacet
  facet normal 0.903977 0 0.427581
    outer loop
      vertex -8.97011 6 -8.51854
      vertex -9.01627 4.2 -8.42095
      vertex -8.97011 4.2 -8.51854
    endloop
  endfacet
  facet normal 0.903977 -0 0.427581
    outer loop
      vertex -9.01627 -6 -8.42095
      vertex -8.97011 -4.2 -8.51854
      vertex -9.01627 -4.2 -8.42095
    endloop
  endfacet
  facet normal 0.903977 0 0.427581
    outer loop
      vertex -8.97011 -4.2 -8.51854
      vertex -9.01627 -6 -8.42095
      vertex -8.97011 -6 -8.51854
    endloop
  endfacet
  facet normal 0.336829 0 0.941566
    outer loop
      vertex -8.42095 6 -9.01627
      vertex -8.31931 4.2 -9.05263
      vertex -8.31931 6 -9.05263
    endloop
  endfacet
  facet normal 0.336829 0 0.941566
    outer loop
      vertex -8.31931 4.2 -9.05263
      vertex -8.42095 6 -9.01627
      vertex -8.42095 4.2 -9.01627
    endloop
  endfacet
  facet normal 0.336829 0 0.941566
    outer loop
      vertex -8.42095 -4.2 -9.01627
      vertex -8.31931 -6 -9.05263
      vertex -8.31931 -4.2 -9.05263
    endloop
  endfacet
  facet normal 0.336829 0 0.941566
    outer loop
      vertex -8.31931 -6 -9.05263
      vertex -8.42095 -4.2 -9.01627
      vertex -8.42095 -6 -9.01627
    endloop
  endfacet
  facet normal 0.427581 0 0.903977
    outer loop
      vertex -8.51854 6 -8.97011
      vertex -8.42095 4.2 -9.01627
      vertex -8.42095 6 -9.01627
    endloop
  endfacet
  facet normal 0.427581 0 0.903977
    outer loop
      vertex -8.42095 4.2 -9.01627
      vertex -8.51854 6 -8.97011
      vertex -8.51854 4.2 -8.97011
    endloop
  endfacet
  facet normal 0.427581 0 0.903977
    outer loop
      vertex -8.51854 -4.2 -8.97011
      vertex -8.42095 -6 -9.01627
      vertex -8.42095 -4.2 -9.01627
    endloop
  endfacet
  facet normal 0.427581 0 0.903977
    outer loop
      vertex -8.42095 -6 -9.01627
      vertex -8.51854 -4.2 -8.97011
      vertex -8.51854 -6 -8.97011
    endloop
  endfacet
  facet normal 0.998794 0 -0.0490967
    outer loop
      vertex -9.0947 4.2 -7.89218
      vertex -9.1 6 -8
      vertex -9.0947 6 -7.89218
    endloop
  endfacet
  facet normal 0.998794 0 -0.0490967
    outer loop
      vertex -9.1 6 -8
      vertex -9.0947 4.2 -7.89218
      vertex -9.1 4.2 -8
    endloop
  endfacet
  facet normal 0.998794 0 -0.0490967
    outer loop
      vertex -9.0947 -6 -7.89218
      vertex -9.1 -4.2 -8
      vertex -9.0947 -4.2 -7.89218
    endloop
  endfacet
  facet normal 0.998794 0 -0.0490967
    outer loop
      vertex -9.1 -4.2 -8
      vertex -9.0947 -6 -7.89218
      vertex -9.1 -6 -8
    endloop
  endfacet
  facet normal -0.336829 0 0.941566
    outer loop
      vertex -7.68069 6 -9.05263
      vertex -7.57905 4.2 -9.01627
      vertex -7.57905 6 -9.01627
    endloop
  endfacet
  facet normal -0.336829 0 0.941566
    outer loop
      vertex -7.57905 4.2 -9.01627
      vertex -7.68069 6 -9.05263
      vertex -7.68069 4.2 -9.05263
    endloop
  endfacet
  facet normal -0.336829 0 0.941566
    outer loop
      vertex -7.68069 -4.2 -9.05263
      vertex -7.57905 -6 -9.01627
      vertex -7.57905 -4.2 -9.01627
    endloop
  endfacet
  facet normal -0.336829 0 0.941566
    outer loop
      vertex -7.57905 -6 -9.01627
      vertex -7.68069 -4.2 -9.05263
      vertex -7.68069 -6 -9.05263
    endloop
  endfacet
  facet normal -0.941536 0 0.336911
    outer loop
      vertex -6.98373 4.2 -8.42095
      vertex -6.94736 6 -8.31931
      vertex -6.98373 6 -8.42095
    endloop
  endfacet
  facet normal -0.941536 0 0.336911
    outer loop
      vertex -6.94736 6 -8.31931
      vertex -6.98373 4.2 -8.42095
      vertex -6.94736 4.2 -8.31931
    endloop
  endfacet
  facet normal -0.941536 0 0.336911
    outer loop
      vertex -6.98373 -6 -8.42095
      vertex -6.94736 -4.2 -8.31931
      vertex -6.98373 -4.2 -8.42095
    endloop
  endfacet
  facet normal -0.941536 0 0.336911
    outer loop
      vertex -6.94736 -4.2 -8.31931
      vertex -6.98373 -6 -8.42095
      vertex -6.94736 -6 -8.31931
    endloop
  endfacet
  facet normal -0.97005 0 0.242906
    outer loop
      vertex -6.94736 4.2 -8.31931
      vertex -6.92114 6 -8.2146
      vertex -6.94736 6 -8.31931
    endloop
  endfacet
  facet normal -0.97005 0 0.242906
    outer loop
      vertex -6.92114 6 -8.2146
      vertex -6.94736 4.2 -8.31931
      vertex -6.92114 4.2 -8.2146
    endloop
  endfacet
  facet normal -0.97005 0 0.242906
    outer loop
      vertex -6.94736 -6 -8.31931
      vertex -6.92114 -4.2 -8.2146
      vertex -6.94736 -4.2 -8.31931
    endloop
  endfacet
  facet normal -0.97005 0 0.242906
    outer loop
      vertex -6.92114 -4.2 -8.2146
      vertex -6.94736 -6 -8.31931
      vertex -6.92114 -6 -8.2146
    endloop
  endfacet
  facet normal -0.740991 0 0.671515
    outer loop
      vertex -7.22218 4.2 -8.77782
      vertex -7.14969 6 -8.69783
      vertex -7.22218 6 -8.77782
    endloop
  endfacet
  facet normal -0.740991 0 0.671515
    outer loop
      vertex -7.14969 6 -8.69783
      vertex -7.22218 4.2 -8.77782
      vertex -7.14969 4.2 -8.69783
    endloop
  endfacet
  facet normal -0.740991 0 0.671515
    outer loop
      vertex -7.22218 -6 -8.77782
      vertex -7.14969 -4.2 -8.69783
      vertex -7.22218 -4.2 -8.77782
    endloop
  endfacet
  facet normal -0.740991 0 0.671515
    outer loop
      vertex -7.14969 -4.2 -8.69783
      vertex -7.22218 -6 -8.77782
      vertex -7.14969 -6 -8.69783
    endloop
  endfacet
  facet normal -0.51406 0 -0.857754
    outer loop
      vertex -7.48146 4.2 -7.02989
      vertex -7.38887 6 -7.08538
      vertex -7.38887 4.2 -7.08538
    endloop
  endfacet
  facet normal -0.51406 0 -0.857754
    outer loop
      vertex -7.38887 6 -7.08538
      vertex -7.48146 4.2 -7.02989
      vertex -7.48146 6 -7.02989
    endloop
  endfacet
  facet normal -0.51406 0 -0.857754
    outer loop
      vertex -7.48146 -6 -7.02989
      vertex -7.38887 -4.2 -7.08538
      vertex -7.38887 -6 -7.08538
    endloop
  endfacet
  facet normal -0.51406 0 -0.857754
    outer loop
      vertex -7.38887 -4.2 -7.08538
      vertex -7.48146 -6 -7.02989
      vertex -7.48146 -4.2 -7.02989
    endloop
  endfacet
  facet normal 0.0490967 0 0.998794
    outer loop
      vertex -8.10782 6 -9.0947
      vertex -8 4.2 -9.1
      vertex -8 6 -9.1
    endloop
  endfacet
  facet normal 0.0490967 0 0.998794
    outer loop
      vertex -8 4.2 -9.1
      vertex -8.10782 6 -9.0947
      vertex -8.10782 4.2 -9.0947
    endloop
  endfacet
  facet normal 0.0490967 0 0.998794
    outer loop
      vertex -8.10782 -4.2 -9.0947
      vertex -8 -6 -9.1
      vertex -8 -4.2 -9.1
    endloop
  endfacet
  facet normal 0.0490967 0 0.998794
    outer loop
      vertex -8 -6 -9.1
      vertex -8.10782 -4.2 -9.0947
      vertex -8.10782 -6 -9.0947
    endloop
  endfacet
  facet normal 0.970028 -0 0.242993
    outer loop
      vertex -9.07886 4.2 -8.2146
      vertex -9.05263 6 -8.31931
      vertex -9.07886 6 -8.2146
    endloop
  endfacet
  facet normal 0.970028 0 0.242993
    outer loop
      vertex -9.05263 6 -8.31931
      vertex -9.07886 4.2 -8.2146
      vertex -9.05263 4.2 -8.31931
    endloop
  endfacet
  facet normal 0.970028 -0 0.242993
    outer loop
      vertex -9.07886 -6 -8.2146
      vertex -9.05263 -4.2 -8.31931
      vertex -9.07886 -4.2 -8.2146
    endloop
  endfacet
  facet normal 0.970028 0 0.242993
    outer loop
      vertex -9.05263 -4.2 -8.31931
      vertex -9.07886 -6 -8.2146
      vertex -9.05263 -6 -8.31931
    endloop
  endfacet
  facet normal -0.903977 0 -0.427581
    outer loop
      vertex -6.98373 4.2 -7.57905
      vertex -7.02989 6 -7.48146
      vertex -6.98373 6 -7.57905
    endloop
  endfacet
  facet normal -0.903977 -0 -0.427581
    outer loop
      vertex -7.02989 6 -7.48146
      vertex -6.98373 4.2 -7.57905
      vertex -7.02989 4.2 -7.48146
    endloop
  endfacet
  facet normal -0.903977 0 -0.427581
    outer loop
      vertex -6.98373 -6 -7.57905
      vertex -7.02989 -4.2 -7.48146
      vertex -6.98373 -4.2 -7.57905
    endloop
  endfacet
  facet normal -0.903977 -0 -0.427581
    outer loop
      vertex -7.02989 -4.2 -7.48146
      vertex -6.98373 -6 -7.57905
      vertex -7.02989 -6 -7.48146
    endloop
  endfacet
  facet normal -0.0490967 0 -0.998794
    outer loop
      vertex -8 4.2 -6.9
      vertex -7.89218 6 -6.9053
      vertex -7.89218 4.2 -6.9053
    endloop
  endfacet
  facet normal -0.0490967 0 -0.998794
    outer loop
      vertex -7.89218 6 -6.9053
      vertex -8 4.2 -6.9
      vertex -8 6 -6.9
    endloop
  endfacet
  facet normal -0.0490967 0 -0.998794
    outer loop
      vertex -8 -6 -6.9
      vertex -7.89218 -4.2 -6.9053
      vertex -7.89218 -6 -6.9053
    endloop
  endfacet
  facet normal -0.0490967 0 -0.998794
    outer loop
      vertex -7.89218 -4.2 -6.9053
      vertex -8 -6 -6.9
      vertex -8 -4.2 -6.9
    endloop
  endfacet
  facet normal -0.989176 0 0.146737
    outer loop
      vertex -6.92114 4.2 -8.2146
      vertex -6.9053 6 -8.10782
      vertex -6.92114 6 -8.2146
    endloop
  endfacet
  facet normal -0.989176 0 0.146737
    outer loop
      vertex -6.9053 6 -8.10782
      vertex -6.92114 4.2 -8.2146
      vertex -6.9053 4.2 -8.10782
    endloop
  endfacet
  facet normal -0.989176 0 0.146737
    outer loop
      vertex -6.92114 -6 -8.2146
      vertex -6.9053 -4.2 -8.10782
      vertex -6.92114 -4.2 -8.2146
    endloop
  endfacet
  facet normal -0.989176 0 0.146737
    outer loop
      vertex -6.9053 -4.2 -8.10782
      vertex -6.92114 -6 -8.2146
      vertex -6.9053 -6 -8.10782
    endloop
  endfacet
  facet normal 0.671515 0 0.740991
    outer loop
      vertex -8.77782 6 -8.77782
      vertex -8.69783 4.2 -8.85031
      vertex -8.69783 6 -8.85031
    endloop
  endfacet
  facet normal 0.671515 0 0.740991
    outer loop
      vertex -8.69783 4.2 -8.85031
      vertex -8.77782 6 -8.77782
      vertex -8.77782 4.2 -8.77782
    endloop
  endfacet
  facet normal 0.671515 0 0.740991
    outer loop
      vertex -8.77782 -4.2 -8.77782
      vertex -8.69783 -6 -8.85031
      vertex -8.69783 -4.2 -8.85031
    endloop
  endfacet
  facet normal 0.671515 0 0.740991
    outer loop
      vertex -8.69783 -6 -8.85031
      vertex -8.77782 -4.2 -8.77782
      vertex -8.77782 -6 -8.77782
    endloop
  endfacet
  facet normal 0.941566 0 -0.336829
    outer loop
      vertex -9.01627 4.2 -7.57905
      vertex -9.05263 6 -7.68069
      vertex -9.01627 6 -7.57905
    endloop
  endfacet
  facet normal 0.941566 0 -0.336829
    outer loop
      vertex -9.05263 6 -7.68069
      vertex -9.01627 4.2 -7.57905
      vertex -9.05263 4.2 -7.68069
    endloop
  endfacet
  facet normal 0.941566 0 -0.336829
    outer loop
      vertex -9.01627 -6 -7.57905
      vertex -9.05263 -4.2 -7.68069
      vertex -9.01627 -4.2 -7.57905
    endloop
  endfacet
  facet normal 0.941566 0 -0.336829
    outer loop
      vertex -9.05263 -4.2 -7.68069
      vertex -9.01627 -6 -7.57905
      vertex -9.05263 -6 -7.68069
    endloop
  endfacet
  facet normal 0.595752 0 0.803168
    outer loop
      vertex -8.69783 6 -8.85031
      vertex -8.61113 4.2 -8.91462
      vertex -8.61113 6 -8.91462
    endloop
  endfacet
  facet normal 0.595752 0 0.803168
    outer loop
      vertex -8.61113 4.2 -8.91462
      vertex -8.69783 6 -8.85031
      vertex -8.69783 4.2 -8.85031
    endloop
  endfacet
  facet normal 0.595752 0 0.803168
    outer loop
      vertex -8.69783 -4.2 -8.85031
      vertex -8.61113 -6 -8.91462
      vertex -8.61113 -4.2 -8.91462
    endloop
  endfacet
  facet normal 0.595752 0 0.803168
    outer loop
      vertex -8.61113 -6 -8.91462
      vertex -8.69783 -4.2 -8.85031
      vertex -8.69783 -6 -8.85031
    endloop
  endfacet
  facet normal -0.857754 0 0.51406
    outer loop
      vertex -7.08538 4.2 -8.61113
      vertex -7.02989 6 -8.51854
      vertex -7.08538 6 -8.61113
    endloop
  endfacet
  facet normal -0.857754 0 0.51406
    outer loop
      vertex -7.02989 6 -8.51854
      vertex -7.08538 4.2 -8.61113
      vertex -7.02989 4.2 -8.51854
    endloop
  endfacet
  facet normal -0.857754 0 0.51406
    outer loop
      vertex -7.08538 -6 -8.61113
      vertex -7.02989 -4.2 -8.51854
      vertex -7.08538 -4.2 -8.61113
    endloop
  endfacet
  facet normal -0.857754 0 0.51406
    outer loop
      vertex -7.02989 -4.2 -8.51854
      vertex -7.08538 -6 -8.61113
      vertex -7.02989 -6 -8.51854
    endloop
  endfacet
  facet normal -0.671515 0 -0.740991
    outer loop
      vertex -7.30217 4.2 -7.14969
      vertex -7.22218 6 -7.22218
      vertex -7.22218 4.2 -7.22218
    endloop
  endfacet
  facet normal -0.671515 0 -0.740991
    outer loop
      vertex -7.22218 6 -7.22218
      vertex -7.30217 4.2 -7.14969
      vertex -7.30217 6 -7.14969
    endloop
  endfacet
  facet normal -0.671515 0 -0.740991
    outer loop
      vertex -7.30217 -6 -7.14969
      vertex -7.22218 -4.2 -7.22218
      vertex -7.22218 -6 -7.22218
    endloop
  endfacet
  facet normal -0.671515 0 -0.740991
    outer loop
      vertex -7.22218 -4.2 -7.22218
      vertex -7.30217 -6 -7.14969
      vertex -7.30217 -4.2 -7.14969
    endloop
  endfacet
  facet normal 0.671515 0 -0.740991
    outer loop
      vertex -8.77782 4.2 -7.22218
      vertex -8.69783 6 -7.14969
      vertex -8.69783 4.2 -7.14969
    endloop
  endfacet
  facet normal 0.671515 0 -0.740991
    outer loop
      vertex -8.69783 6 -7.14969
      vertex -8.77782 4.2 -7.22218
      vertex -8.77782 6 -7.22218
    endloop
  endfacet
  facet normal 0.671515 0 -0.740991
    outer loop
      vertex -8.77782 -6 -7.22218
      vertex -8.69783 -4.2 -7.14969
      vertex -8.69783 -6 -7.14969
    endloop
  endfacet
  facet normal 0.671515 0 -0.740991
    outer loop
      vertex -8.69783 -4.2 -7.14969
      vertex -8.77782 -6 -7.22218
      vertex -8.77782 -4.2 -7.22218
    endloop
  endfacet
  facet normal -0.595752 0 0.803168
    outer loop
      vertex -7.38887 6 -8.91462
      vertex -7.30217 4.2 -8.85031
      vertex -7.30217 6 -8.85031
    endloop
  endfacet
  facet normal -0.595752 0 0.803168
    outer loop
      vertex -7.30217 4.2 -8.85031
      vertex -7.38887 6 -8.91462
      vertex -7.38887 4.2 -8.91462
    endloop
  endfacet
  facet normal -0.595752 0 0.803168
    outer loop
      vertex -7.38887 -4.2 -8.91462
      vertex -7.30217 -6 -8.85031
      vertex -7.30217 -4.2 -8.85031
    endloop
  endfacet
  facet normal -0.595752 0 0.803168
    outer loop
      vertex -7.30217 -6 -8.85031
      vertex -7.38887 -4.2 -8.91462
      vertex -7.38887 -6 -8.91462
    endloop
  endfacet
  facet normal 0.857754 0 -0.51406
    outer loop
      vertex -8.91462 4.2 -7.38887
      vertex -8.97011 6 -7.48146
      vertex -8.91462 6 -7.38887
    endloop
  endfacet
  facet normal 0.857754 0 -0.51406
    outer loop
      vertex -8.97011 6 -7.48146
      vertex -8.91462 4.2 -7.38887
      vertex -8.97011 4.2 -7.48146
    endloop
  endfacet
  facet normal 0.857754 0 -0.51406
    outer loop
      vertex -8.91462 -6 -7.38887
      vertex -8.97011 -4.2 -7.48146
      vertex -8.91462 -4.2 -7.38887
    endloop
  endfacet
  facet normal 0.857754 0 -0.51406
    outer loop
      vertex -8.97011 -4.2 -7.48146
      vertex -8.91462 -6 -7.38887
      vertex -8.97011 -6 -7.48146
    endloop
  endfacet
  facet normal 0.146737 0 0.989176
    outer loop
      vertex -8.2146 6 -9.07886
      vertex -8.10782 4.2 -9.0947
      vertex -8.10782 6 -9.0947
    endloop
  endfacet
  facet normal 0.146737 0 0.989176
    outer loop
      vertex -8.10782 4.2 -9.0947
      vertex -8.2146 6 -9.07886
      vertex -8.2146 4.2 -9.07886
    endloop
  endfacet
  facet normal 0.146737 0 0.989176
    outer loop
      vertex -8.2146 -4.2 -9.07886
      vertex -8.10782 -6 -9.0947
      vertex -8.10782 -4.2 -9.0947
    endloop
  endfacet
  facet normal 0.146737 0 0.989176
    outer loop
      vertex -8.10782 -6 -9.0947
      vertex -8.2146 -4.2 -9.07886
      vertex -8.2146 -6 -9.07886
    endloop
  endfacet
  facet normal -0.740991 0 -0.671515
    outer loop
      vertex -7.14969 4.2 -7.30217
      vertex -7.22218 6 -7.22218
      vertex -7.14969 6 -7.30217
    endloop
  endfacet
  facet normal -0.740991 -0 -0.671515
    outer loop
      vertex -7.22218 6 -7.22218
      vertex -7.14969 4.2 -7.30217
      vertex -7.22218 4.2 -7.22218
    endloop
  endfacet
  facet normal -0.740991 0 -0.671515
    outer loop
      vertex -7.14969 -6 -7.30217
      vertex -7.22218 -4.2 -7.22218
      vertex -7.14969 -4.2 -7.30217
    endloop
  endfacet
  facet normal -0.740991 -0 -0.671515
    outer loop
      vertex -7.22218 -4.2 -7.22218
      vertex -7.14969 -6 -7.30217
      vertex -7.22218 -6 -7.22218
    endloop
  endfacet
  facet normal 0.903977 0 -0.427581
    outer loop
      vertex -8.97011 4.2 -7.48146
      vertex -9.01627 6 -7.57905
      vertex -8.97011 6 -7.48146
    endloop
  endfacet
  facet normal 0.903977 0 -0.427581
    outer loop
      vertex -9.01627 6 -7.57905
      vertex -8.97011 4.2 -7.48146
      vertex -9.01627 4.2 -7.57905
    endloop
  endfacet
  facet normal 0.903977 0 -0.427581
    outer loop
      vertex -8.97011 -6 -7.48146
      vertex -9.01627 -4.2 -7.57905
      vertex -8.97011 -4.2 -7.48146
    endloop
  endfacet
  facet normal 0.903977 0 -0.427581
    outer loop
      vertex -9.01627 -4.2 -7.57905
      vertex -8.97011 -6 -7.48146
      vertex -9.01627 -6 -7.57905
    endloop
  endfacet
  facet normal -0.242906 0 -0.97005
    outer loop
      vertex -7.7854 4.2 -6.92114
      vertex -7.68069 6 -6.94736
      vertex -7.68069 4.2 -6.94736
    endloop
  endfacet
  facet normal -0.242906 0 -0.97005
    outer loop
      vertex -7.68069 6 -6.94736
      vertex -7.7854 4.2 -6.92114
      vertex -7.7854 6 -6.92114
    endloop
  endfacet
  facet normal -0.242906 0 -0.97005
    outer loop
      vertex -7.7854 -6 -6.92114
      vertex -7.68069 -4.2 -6.94736
      vertex -7.68069 -6 -6.94736
    endloop
  endfacet
  facet normal -0.242906 0 -0.97005
    outer loop
      vertex -7.68069 -4.2 -6.94736
      vertex -7.7854 -6 -6.92114
      vertex -7.7854 -4.2 -6.92114
    endloop
  endfacet
  facet normal 0.998794 -0 0.0490967
    outer loop
      vertex -9.1 4.2 -8
      vertex -9.0947 6 -8.10782
      vertex -9.1 6 -8
    endloop
  endfacet
  facet normal 0.998794 0 0.0490967
    outer loop
      vertex -9.0947 6 -8.10782
      vertex -9.1 4.2 -8
      vertex -9.0947 4.2 -8.10782
    endloop
  endfacet
  facet normal 0.998794 -0 0.0490967
    outer loop
      vertex -9.1 -6 -8
      vertex -9.0947 -4.2 -8.10782
      vertex -9.1 -4.2 -8
    endloop
  endfacet
  facet normal 0.998794 0 0.0490967
    outer loop
      vertex -9.0947 -4.2 -8.10782
      vertex -9.1 -6 -8
      vertex -9.0947 -6 -8.10782
    endloop
  endfacet
  facet normal -0.903977 0 0.427581
    outer loop
      vertex -7.02989 4.2 -8.51854
      vertex -6.98373 6 -8.42095
      vertex -7.02989 6 -8.51854
    endloop
  endfacet
  facet normal -0.903977 0 0.427581
    outer loop
      vertex -6.98373 6 -8.42095
      vertex -7.02989 4.2 -8.51854
      vertex -6.98373 4.2 -8.42095
    endloop
  endfacet
  facet normal -0.903977 0 0.427581
    outer loop
      vertex -7.02989 -6 -8.51854
      vertex -6.98373 -4.2 -8.42095
      vertex -7.02989 -4.2 -8.51854
    endloop
  endfacet
  facet normal -0.903977 0 0.427581
    outer loop
      vertex -6.98373 -4.2 -8.42095
      vertex -7.02989 -6 -8.51854
      vertex -6.98373 -6 -8.42095
    endloop
  endfacet
  facet normal 0.595752 0 -0.803168
    outer loop
      vertex -8.69783 4.2 -7.14969
      vertex -8.61113 6 -7.08538
      vertex -8.61113 4.2 -7.08538
    endloop
  endfacet
  facet normal 0.595752 0 -0.803168
    outer loop
      vertex -8.61113 6 -7.08538
      vertex -8.69783 4.2 -7.14969
      vertex -8.69783 6 -7.14969
    endloop
  endfacet
  facet normal 0.595752 0 -0.803168
    outer loop
      vertex -8.69783 -6 -7.14969
      vertex -8.61113 -4.2 -7.08538
      vertex -8.61113 -6 -7.08538
    endloop
  endfacet
  facet normal 0.595752 0 -0.803168
    outer loop
      vertex -8.61113 -4.2 -7.08538
      vertex -8.69783 -6 -7.14969
      vertex -8.69783 -4.2 -7.14969
    endloop
  endfacet
  facet normal 0.242993 0 0.970028
    outer loop
      vertex -8.31931 6 -9.05263
      vertex -8.2146 4.2 -9.07886
      vertex -8.2146 6 -9.07886
    endloop
  endfacet
  facet normal 0.242993 0 0.970028
    outer loop
      vertex -8.2146 4.2 -9.07886
      vertex -8.31931 6 -9.05263
      vertex -8.31931 4.2 -9.05263
    endloop
  endfacet
  facet normal 0.242993 0 0.970028
    outer loop
      vertex -8.31931 -4.2 -9.05263
      vertex -8.2146 -6 -9.07886
      vertex -8.2146 -4.2 -9.07886
    endloop
  endfacet
  facet normal 0.242993 0 0.970028
    outer loop
      vertex -8.2146 -6 -9.07886
      vertex -8.31931 -4.2 -9.05263
      vertex -8.31931 -6 -9.05263
    endloop
  endfacet
  facet normal 0.857754 -0 0.51406
    outer loop
      vertex -8.97011 4.2 -8.51854
      vertex -8.91462 6 -8.61113
      vertex -8.97011 6 -8.51854
    endloop
  endfacet
  facet normal 0.857754 0 0.51406
    outer loop
      vertex -8.91462 6 -8.61113
      vertex -8.97011 4.2 -8.51854
      vertex -8.91462 4.2 -8.61113
    endloop
  endfacet
  facet normal 0.857754 -0 0.51406
    outer loop
      vertex -8.97011 -6 -8.51854
      vertex -8.91462 -4.2 -8.61113
      vertex -8.97011 -4.2 -8.51854
    endloop
  endfacet
  facet normal 0.857754 0 0.51406
    outer loop
      vertex -8.91462 -4.2 -8.61113
      vertex -8.97011 -6 -8.51854
      vertex -8.91462 -6 -8.61113
    endloop
  endfacet
  facet normal -0.671515 0 0.740991
    outer loop
      vertex -7.30217 6 -8.85031
      vertex -7.22218 4.2 -8.77782
      vertex -7.22218 6 -8.77782
    endloop
  endfacet
  facet normal -0.671515 0 0.740991
    outer loop
      vertex -7.22218 4.2 -8.77782
      vertex -7.30217 6 -8.85031
      vertex -7.30217 4.2 -8.85031
    endloop
  endfacet
  facet normal -0.671515 0 0.740991
    outer loop
      vertex -7.30217 -4.2 -8.85031
      vertex -7.22218 -6 -8.77782
      vertex -7.22218 -4.2 -8.77782
    endloop
  endfacet
  facet normal -0.671515 0 0.740991
    outer loop
      vertex -7.22218 -6 -8.77782
      vertex -7.30217 -4.2 -8.85031
      vertex -7.30217 -6 -8.85031
    endloop
  endfacet
  facet normal 0.51406 0 0.857754
    outer loop
      vertex -8.61113 6 -8.91462
      vertex -8.51854 4.2 -8.97011
      vertex -8.51854 6 -8.97011
    endloop
  endfacet
  facet normal 0.51406 0 0.857754
    outer loop
      vertex -8.51854 4.2 -8.97011
      vertex -8.61113 6 -8.91462
      vertex -8.61113 4.2 -8.91462
    endloop
  endfacet
  facet normal 0.51406 0 0.857754
    outer loop
      vertex -8.61113 -4.2 -8.91462
      vertex -8.51854 -6 -8.97011
      vertex -8.51854 -4.2 -8.97011
    endloop
  endfacet
  facet normal 0.51406 0 0.857754
    outer loop
      vertex -8.51854 -6 -8.97011
      vertex -8.61113 -4.2 -8.91462
      vertex -8.61113 -6 -8.91462
    endloop
  endfacet
  facet normal 0.803168 0 -0.595752
    outer loop
      vertex -8.85031 4.2 -7.30217
      vertex -8.91462 6 -7.38887
      vertex -8.85031 6 -7.30217
    endloop
  endfacet
  facet normal 0.803168 0 -0.595752
    outer loop
      vertex -8.91462 6 -7.38887
      vertex -8.85031 4.2 -7.30217
      vertex -8.91462 4.2 -7.38887
    endloop
  endfacet
  facet normal 0.803168 0 -0.595752
    outer loop
      vertex -8.85031 -6 -7.30217
      vertex -8.91462 -4.2 -7.38887
      vertex -8.85031 -4.2 -7.30217
    endloop
  endfacet
  facet normal 0.803168 0 -0.595752
    outer loop
      vertex -8.91462 -4.2 -7.38887
      vertex -8.85031 -6 -7.30217
      vertex -8.91462 -6 -7.38887
    endloop
  endfacet
  facet normal -0.989176 0 -0.146737
    outer loop
      vertex -6.9053 4.2 8.10782
      vertex -6.92114 6 8.2146
      vertex -6.9053 6 8.10782
    endloop
  endfacet
  facet normal -0.989176 -0 -0.146737
    outer loop
      vertex -6.92114 6 8.2146
      vertex -6.9053 4.2 8.10782
      vertex -6.92114 4.2 8.2146
    endloop
  endfacet
  facet normal -0.989176 0 -0.146737
    outer loop
      vertex -6.9053 -6 8.10782
      vertex -6.92114 -4.2 8.2146
      vertex -6.9053 -4.2 8.10782
    endloop
  endfacet
  facet normal -0.989176 -0 -0.146737
    outer loop
      vertex -6.92114 -4.2 8.2146
      vertex -6.9053 -6 8.10782
      vertex -6.92114 -6 8.2146
    endloop
  endfacet
  facet normal -0.998794 0 -0.0490967
    outer loop
      vertex -6.9 4.2 8
      vertex -6.9053 6 8.10782
      vertex -6.9 6 8
    endloop
  endfacet
  facet normal -0.998794 -0 -0.0490967
    outer loop
      vertex -6.9053 6 8.10782
      vertex -6.9 4.2 8
      vertex -6.9053 4.2 8.10782
    endloop
  endfacet
  facet normal -0.998794 0 -0.0490967
    outer loop
      vertex -6.9 -6 8
      vertex -6.9053 -4.2 8.10782
      vertex -6.9 -4.2 8
    endloop
  endfacet
  facet normal -0.998794 -0 -0.0490967
    outer loop
      vertex -6.9053 -4.2 8.10782
      vertex -6.9 -6 8
      vertex -6.9053 -6 8.10782
    endloop
  endfacet
  facet normal -0.97005 0 -0.242906
    outer loop
      vertex -6.92114 4.2 8.2146
      vertex -6.94736 6 8.31931
      vertex -6.92114 6 8.2146
    endloop
  endfacet
  facet normal -0.97005 -0 -0.242906
    outer loop
      vertex -6.94736 6 8.31931
      vertex -6.92114 4.2 8.2146
      vertex -6.94736 4.2 8.31931
    endloop
  endfacet
  facet normal -0.97005 0 -0.242906
    outer loop
      vertex -6.92114 -6 8.2146
      vertex -6.94736 -4.2 8.31931
      vertex -6.92114 -4.2 8.2146
    endloop
  endfacet
  facet normal -0.97005 -0 -0.242906
    outer loop
      vertex -6.94736 -4.2 8.31931
      vertex -6.92114 -6 8.2146
      vertex -6.94736 -6 8.31931
    endloop
  endfacet
  facet normal 0.242906 0 0.97005
    outer loop
      vertex -8.31931 6 6.94736
      vertex -8.2146 4.2 6.92114
      vertex -8.2146 6 6.92114
    endloop
  endfacet
  facet normal 0.242906 0 0.97005
    outer loop
      vertex -8.2146 4.2 6.92114
      vertex -8.31931 6 6.94736
      vertex -8.31931 4.2 6.94736
    endloop
  endfacet
  facet normal 0.242906 0 0.97005
    outer loop
      vertex -8.31931 -4.2 6.94736
      vertex -8.2146 -6 6.92114
      vertex -8.2146 -4.2 6.92114
    endloop
  endfacet
  facet normal 0.242906 0 0.97005
    outer loop
      vertex -8.2146 -6 6.92114
      vertex -8.31931 -4.2 6.94736
      vertex -8.31931 -6 6.94736
    endloop
  endfacet
  facet normal -0.941536 0 -0.336911
    outer loop
      vertex -6.94736 4.2 8.31931
      vertex -6.98373 6 8.42095
      vertex -6.94736 6 8.31931
    endloop
  endfacet
  facet normal -0.941536 -0 -0.336911
    outer loop
      vertex -6.98373 6 8.42095
      vertex -6.94736 4.2 8.31931
      vertex -6.98373 4.2 8.42095
    endloop
  endfacet
  facet normal -0.941536 0 -0.336911
    outer loop
      vertex -6.94736 -6 8.31931
      vertex -6.98373 -4.2 8.42095
      vertex -6.94736 -4.2 8.31931
    endloop
  endfacet
  facet normal -0.941536 -0 -0.336911
    outer loop
      vertex -6.98373 -4.2 8.42095
      vertex -6.94736 -6 8.31931
      vertex -6.98373 -6 8.42095
    endloop
  endfacet
  facet normal -0.336829 0 -0.941566
    outer loop
      vertex -7.68069 4.2 9.05263
      vertex -7.57905 6 9.01627
      vertex -7.57905 4.2 9.01627
    endloop
  endfacet
  facet normal -0.336829 0 -0.941566
    outer loop
      vertex -7.57905 6 9.01627
      vertex -7.68069 4.2 9.05263
      vertex -7.68069 6 9.05263
    endloop
  endfacet
  facet normal -0.336829 0 -0.941566
    outer loop
      vertex -7.68069 -6 9.05263
      vertex -7.57905 -4.2 9.01627
      vertex -7.57905 -6 9.01627
    endloop
  endfacet
  facet normal -0.336829 0 -0.941566
    outer loop
      vertex -7.57905 -4.2 9.01627
      vertex -7.68069 -6 9.05263
      vertex -7.68069 -4.2 9.05263
    endloop
  endfacet
  facet normal 0.998794 -0 0.0490967
    outer loop
      vertex -9.1 4.2 8
      vertex -9.0947 6 7.89218
      vertex -9.1 6 8
    endloop
  endfacet
  facet normal 0.998794 0 0.0490967
    outer loop
      vertex -9.0947 6 7.89218
      vertex -9.1 4.2 8
      vertex -9.0947 4.2 7.89218
    endloop
  endfacet
  facet normal 0.998794 -0 0.0490967
    outer loop
      vertex -9.1 -6 8
      vertex -9.0947 -4.2 7.89218
      vertex -9.1 -4.2 8
    endloop
  endfacet
  facet normal 0.998794 0 0.0490967
    outer loop
      vertex -9.0947 -4.2 7.89218
      vertex -9.1 -6 8
      vertex -9.0947 -6 7.89218
    endloop
  endfacet
  facet normal 0.51406 0 -0.857754
    outer loop
      vertex -8.61113 4.2 8.91462
      vertex -8.51854 6 8.97011
      vertex -8.51854 4.2 8.97011
    endloop
  endfacet
  facet normal 0.51406 0 -0.857754
    outer loop
      vertex -8.51854 6 8.97011
      vertex -8.61113 4.2 8.91462
      vertex -8.61113 6 8.91462
    endloop
  endfacet
  facet normal 0.51406 0 -0.857754
    outer loop
      vertex -8.61113 -6 8.91462
      vertex -8.51854 -4.2 8.97011
      vertex -8.51854 -6 8.97011
    endloop
  endfacet
  facet normal 0.51406 0 -0.857754
    outer loop
      vertex -8.51854 -4.2 8.97011
      vertex -8.61113 -6 8.91462
      vertex -8.61113 -4.2 8.91462
    endloop
  endfacet
  facet normal -0.336911 0 0.941536
    outer loop
      vertex -7.68069 6 6.94736
      vertex -7.57905 4.2 6.98373
      vertex -7.57905 6 6.98373
    endloop
  endfacet
  facet normal -0.336911 0 0.941536
    outer loop
      vertex -7.57905 4.2 6.98373
      vertex -7.68069 6 6.94736
      vertex -7.68069 4.2 6.94736
    endloop
  endfacet
  facet normal -0.336911 0 0.941536
    outer loop
      vertex -7.68069 -4.2 6.94736
      vertex -7.57905 -6 6.98373
      vertex -7.57905 -4.2 6.98373
    endloop
  endfacet
  facet normal -0.336911 0 0.941536
    outer loop
      vertex -7.57905 -6 6.98373
      vertex -7.68069 -4.2 6.94736
      vertex -7.68069 -6 6.94736
    endloop
  endfacet
  facet normal 0.803168 -0 0.595752
    outer loop
      vertex -8.91462 4.2 7.38887
      vertex -8.85031 6 7.30217
      vertex -8.91462 6 7.38887
    endloop
  endfacet
  facet normal 0.803168 0 0.595752
    outer loop
      vertex -8.85031 6 7.30217
      vertex -8.91462 4.2 7.38887
      vertex -8.85031 4.2 7.30217
    endloop
  endfacet
  facet normal 0.803168 -0 0.595752
    outer loop
      vertex -8.91462 -6 7.38887
      vertex -8.85031 -4.2 7.30217
      vertex -8.91462 -4.2 7.38887
    endloop
  endfacet
  facet normal 0.803168 0 0.595752
    outer loop
      vertex -8.85031 -4.2 7.30217
      vertex -8.91462 -6 7.38887
      vertex -8.85031 -6 7.30217
    endloop
  endfacet
  facet normal 0.903977 -0 0.427581
    outer loop
      vertex -9.01627 4.2 7.57905
      vertex -8.97011 6 7.48146
      vertex -9.01627 6 7.57905
    endloop
  endfacet
  facet normal 0.903977 0 0.427581
    outer loop
      vertex -8.97011 6 7.48146
      vertex -9.01627 4.2 7.57905
      vertex -8.97011 4.2 7.48146
    endloop
  endfacet
  facet normal 0.903977 -0 0.427581
    outer loop
      vertex -9.01627 -6 7.57905
      vertex -8.97011 -4.2 7.48146
      vertex -9.01627 -4.2 7.57905
    endloop
  endfacet
  facet normal 0.903977 0 0.427581
    outer loop
      vertex -8.97011 -4.2 7.48146
      vertex -9.01627 -6 7.57905
      vertex -8.97011 -6 7.48146
    endloop
  endfacet
  facet normal 0.242993 0 -0.970028
    outer loop
      vertex -8.31931 4.2 9.05263
      vertex -8.2146 6 9.07886
      vertex -8.2146 4.2 9.07886
    endloop
  endfacet
  facet normal 0.242993 0 -0.970028
    outer loop
      vertex -8.2146 6 9.07886
      vertex -8.31931 4.2 9.05263
      vertex -8.31931 6 9.05263
    endloop
  endfacet
  facet normal 0.242993 0 -0.970028
    outer loop
      vertex -8.31931 -6 9.05263
      vertex -8.2146 -4.2 9.07886
      vertex -8.2146 -6 9.07886
    endloop
  endfacet
  facet normal 0.242993 0 -0.970028
    outer loop
      vertex -8.2146 -4.2 9.07886
      vertex -8.31931 -6 9.05263
      vertex -8.31931 -4.2 9.05263
    endloop
  endfacet
  facet normal 0.857754 -0 0.51406
    outer loop
      vertex -8.97011 4.2 7.48146
      vertex -8.91462 6 7.38887
      vertex -8.97011 6 7.48146
    endloop
  endfacet
  facet normal 0.857754 0 0.51406
    outer loop
      vertex -8.91462 6 7.38887
      vertex -8.97011 4.2 7.48146
      vertex -8.91462 4.2 7.38887
    endloop
  endfacet
  facet normal 0.857754 -0 0.51406
    outer loop
      vertex -8.97011 -6 7.48146
      vertex -8.91462 -4.2 7.38887
      vertex -8.97011 -4.2 7.48146
    endloop
  endfacet
  facet normal 0.857754 0 0.51406
    outer loop
      vertex -8.91462 -4.2 7.38887
      vertex -8.97011 -6 7.48146
      vertex -8.91462 -6 7.38887
    endloop
  endfacet
  facet normal 0.671515 0 -0.740991
    outer loop
      vertex -8.77782 4.2 8.77782
      vertex -8.69783 6 8.85031
      vertex -8.69783 4.2 8.85031
    endloop
  endfacet
  facet normal 0.671515 0 -0.740991
    outer loop
      vertex -8.69783 6 8.85031
      vertex -8.77782 4.2 8.77782
      vertex -8.77782 6 8.77782
    endloop
  endfacet
  facet normal 0.671515 0 -0.740991
    outer loop
      vertex -8.77782 -6 8.77782
      vertex -8.69783 -4.2 8.85031
      vertex -8.69783 -6 8.85031
    endloop
  endfacet
  facet normal 0.671515 0 -0.740991
    outer loop
      vertex -8.69783 -4.2 8.85031
      vertex -8.77782 -6 8.77782
      vertex -8.77782 -4.2 8.77782
    endloop
  endfacet
  facet normal 0.989176 -0 0.146737
    outer loop
      vertex -9.0947 4.2 7.89218
      vertex -9.07886 6 7.7854
      vertex -9.0947 6 7.89218
    endloop
  endfacet
  facet normal 0.989176 0 0.146737
    outer loop
      vertex -9.07886 6 7.7854
      vertex -9.0947 4.2 7.89218
      vertex -9.07886 4.2 7.7854
    endloop
  endfacet
  facet normal 0.989176 -0 0.146737
    outer loop
      vertex -9.0947 -6 7.89218
      vertex -9.07886 -4.2 7.7854
      vertex -9.0947 -4.2 7.89218
    endloop
  endfacet
  facet normal 0.989176 0 0.146737
    outer loop
      vertex -9.07886 -4.2 7.7854
      vertex -9.0947 -6 7.89218
      vertex -9.07886 -6 7.7854
    endloop
  endfacet
  facet normal 0.941566 -0 0.336829
    outer loop
      vertex -9.05263 4.2 7.68069
      vertex -9.01627 6 7.57905
      vertex -9.05263 6 7.68069
    endloop
  endfacet
  facet normal 0.941566 0 0.336829
    outer loop
      vertex -9.01627 6 7.57905
      vertex -9.05263 4.2 7.68069
      vertex -9.01627 4.2 7.57905
    endloop
  endfacet
  facet normal 0.941566 -0 0.336829
    outer loop
      vertex -9.05263 -6 7.68069
      vertex -9.01627 -4.2 7.57905
      vertex -9.05263 -4.2 7.68069
    endloop
  endfacet
  facet normal 0.941566 0 0.336829
    outer loop
      vertex -9.01627 -4.2 7.57905
      vertex -9.05263 -6 7.68069
      vertex -9.01627 -6 7.57905
    endloop
  endfacet
  facet normal -0.803168 0 0.595752
    outer loop
      vertex -7.14969 4.2 7.30217
      vertex -7.08538 6 7.38887
      vertex -7.14969 6 7.30217
    endloop
  endfacet
  facet normal -0.803168 0 0.595752
    outer loop
      vertex -7.08538 6 7.38887
      vertex -7.14969 4.2 7.30217
      vertex -7.08538 4.2 7.38887
    endloop
  endfacet
  facet normal -0.803168 0 0.595752
    outer loop
      vertex -7.14969 -6 7.30217
      vertex -7.08538 -4.2 7.38887
      vertex -7.14969 -4.2 7.30217
    endloop
  endfacet
  facet normal -0.803168 0 0.595752
    outer loop
      vertex -7.08538 -4.2 7.38887
      vertex -7.14969 -6 7.30217
      vertex -7.08538 -6 7.38887
    endloop
  endfacet
  facet normal -0.146737 0 -0.989176
    outer loop
      vertex -7.89218 4.2 9.0947
      vertex -7.7854 6 9.07886
      vertex -7.7854 4.2 9.07886
    endloop
  endfacet
  facet normal -0.146737 0 -0.989176
    outer loop
      vertex -7.7854 6 9.07886
      vertex -7.89218 4.2 9.0947
      vertex -7.89218 6 9.0947
    endloop
  endfacet
  facet normal -0.146737 0 -0.989176
    outer loop
      vertex -7.89218 -6 9.0947
      vertex -7.7854 -4.2 9.07886
      vertex -7.7854 -6 9.07886
    endloop
  endfacet
  facet normal -0.146737 0 -0.989176
    outer loop
      vertex -7.7854 -4.2 9.07886
      vertex -7.89218 -6 9.0947
      vertex -7.89218 -4.2 9.0947
    endloop
  endfacet
  facet normal -0.242906 0 0.97005
    outer loop
      vertex -7.7854 6 6.92114
      vertex -7.68069 4.2 6.94736
      vertex -7.68069 6 6.94736
    endloop
  endfacet
  facet normal -0.242906 0 0.97005
    outer loop
      vertex -7.68069 4.2 6.94736
      vertex -7.7854 6 6.92114
      vertex -7.7854 4.2 6.92114
    endloop
  endfacet
  facet normal -0.242906 0 0.97005
    outer loop
      vertex -7.7854 -4.2 6.92114
      vertex -7.68069 -6 6.94736
      vertex -7.68069 -4.2 6.94736
    endloop
  endfacet
  facet normal -0.242906 0 0.97005
    outer loop
      vertex -7.68069 -6 6.94736
      vertex -7.7854 -4.2 6.92114
      vertex -7.7854 -6 6.92114
    endloop
  endfacet
  facet normal -0.989176 0 0.146737
    outer loop
      vertex -6.92114 4.2 7.7854
      vertex -6.9053 6 7.89218
      vertex -6.92114 6 7.7854
    endloop
  endfacet
  facet normal -0.989176 0 0.146737
    outer loop
      vertex -6.9053 6 7.89218
      vertex -6.92114 4.2 7.7854
      vertex -6.9053 4.2 7.89218
    endloop
  endfacet
  facet normal -0.989176 0 0.146737
    outer loop
      vertex -6.92114 -6 7.7854
      vertex -6.9053 -4.2 7.89218
      vertex -6.92114 -4.2 7.7854
    endloop
  endfacet
  facet normal -0.989176 0 0.146737
    outer loop
      vertex -6.9053 -4.2 7.89218
      vertex -6.92114 -6 7.7854
      vertex -6.9053 -6 7.89218
    endloop
  endfacet
  facet normal -0.857754 0 0.51406
    outer loop
      vertex -7.08538 4.2 7.38887
      vertex -7.02989 6 7.48146
      vertex -7.08538 6 7.38887
    endloop
  endfacet
  facet normal -0.857754 0 0.51406
    outer loop
      vertex -7.02989 6 7.48146
      vertex -7.08538 4.2 7.38887
      vertex -7.02989 4.2 7.48146
    endloop
  endfacet
  facet normal -0.857754 0 0.51406
    outer loop
      vertex -7.08538 -6 7.38887
      vertex -7.02989 -4.2 7.48146
      vertex -7.08538 -4.2 7.38887
    endloop
  endfacet
  facet normal -0.857754 0 0.51406
    outer loop
      vertex -7.02989 -4.2 7.48146
      vertex -7.08538 -6 7.38887
      vertex -7.02989 -6 7.48146
    endloop
  endfacet
  facet normal -0.51406 0 0.857754
    outer loop
      vertex -7.48146 6 7.02989
      vertex -7.38887 4.2 7.08538
      vertex -7.38887 6 7.08538
    endloop
  endfacet
  facet normal -0.51406 0 0.857754
    outer loop
      vertex -7.38887 4.2 7.08538
      vertex -7.48146 6 7.02989
      vertex -7.48146 4.2 7.02989
    endloop
  endfacet
  facet normal -0.51406 0 0.857754
    outer loop
      vertex -7.48146 -4.2 7.02989
      vertex -7.38887 -6 7.08538
      vertex -7.38887 -4.2 7.08538
    endloop
  endfacet
  facet normal -0.51406 0 0.857754
    outer loop
      vertex -7.38887 -6 7.08538
      vertex -7.48146 -4.2 7.02989
      vertex -7.48146 -6 7.02989
    endloop
  endfacet
  facet normal 0.336911 0 0.941536
    outer loop
      vertex -8.42095 6 6.98373
      vertex -8.31931 4.2 6.94736
      vertex -8.31931 6 6.94736
    endloop
  endfacet
  facet normal 0.336911 0 0.941536
    outer loop
      vertex -8.31931 4.2 6.94736
      vertex -8.42095 6 6.98373
      vertex -8.42095 4.2 6.98373
    endloop
  endfacet
  facet normal 0.336911 0 0.941536
    outer loop
      vertex -8.42095 -4.2 6.98373
      vertex -8.31931 -6 6.94736
      vertex -8.31931 -4.2 6.94736
    endloop
  endfacet
  facet normal 0.336911 0 0.941536
    outer loop
      vertex -8.31931 -6 6.94736
      vertex -8.42095 -4.2 6.98373
      vertex -8.42095 -6 6.98373
    endloop
  endfacet
  facet normal -0.427581 0 -0.903977
    outer loop
      vertex -7.57905 4.2 9.01627
      vertex -7.48146 6 8.97011
      vertex -7.48146 4.2 8.97011
    endloop
  endfacet
  facet normal -0.427581 0 -0.903977
    outer loop
      vertex -7.48146 6 8.97011
      vertex -7.57905 4.2 9.01627
      vertex -7.57905 6 9.01627
    endloop
  endfacet
  facet normal -0.427581 0 -0.903977
    outer loop
      vertex -7.57905 -6 9.01627
      vertex -7.48146 -4.2 8.97011
      vertex -7.48146 -6 8.97011
    endloop
  endfacet
  facet normal -0.427581 0 -0.903977
    outer loop
      vertex -7.48146 -4.2 8.97011
      vertex -7.57905 -6 9.01627
      vertex -7.57905 -4.2 9.01627
    endloop
  endfacet
  facet normal -0.671515 0 -0.740991
    outer loop
      vertex -7.30217 4.2 8.85031
      vertex -7.22218 6 8.77782
      vertex -7.22218 4.2 8.77782
    endloop
  endfacet
  facet normal -0.671515 0 -0.740991
    outer loop
      vertex -7.22218 6 8.77782
      vertex -7.30217 4.2 8.85031
      vertex -7.30217 6 8.85031
    endloop
  endfacet
  facet normal -0.671515 0 -0.740991
    outer loop
      vertex -7.30217 -6 8.85031
      vertex -7.22218 -4.2 8.77782
      vertex -7.22218 -6 8.77782
    endloop
  endfacet
  facet normal -0.671515 0 -0.740991
    outer loop
      vertex -7.22218 -4.2 8.77782
      vertex -7.30217 -6 8.85031
      vertex -7.30217 -4.2 8.85031
    endloop
  endfacet
  facet normal 0.427581 0 -0.903977
    outer loop
      vertex -8.51854 4.2 8.97011
      vertex -8.42095 6 9.01627
      vertex -8.42095 4.2 9.01627
    endloop
  endfacet
  facet normal 0.427581 0 -0.903977
    outer loop
      vertex -8.42095 6 9.01627
      vertex -8.51854 4.2 8.97011
      vertex -8.51854 6 8.97011
    endloop
  endfacet
  facet normal 0.427581 0 -0.903977
    outer loop
      vertex -8.51854 -6 8.97011
      vertex -8.42095 -4.2 9.01627
      vertex -8.42095 -6 9.01627
    endloop
  endfacet
  facet normal 0.427581 0 -0.903977
    outer loop
      vertex -8.42095 -4.2 9.01627
      vertex -8.51854 -6 8.97011
      vertex -8.51854 -4.2 8.97011
    endloop
  endfacet
  facet normal 0.595752 0 -0.803168
    outer loop
      vertex -8.69783 4.2 8.85031
      vertex -8.61113 6 8.91462
      vertex -8.61113 4.2 8.91462
    endloop
  endfacet
  facet normal 0.595752 0 -0.803168
    outer loop
      vertex -8.61113 6 8.91462
      vertex -8.69783 4.2 8.85031
      vertex -8.69783 6 8.85031
    endloop
  endfacet
  facet normal 0.595752 0 -0.803168
    outer loop
      vertex -8.69783 -6 8.85031
      vertex -8.61113 -4.2 8.91462
      vertex -8.61113 -6 8.91462
    endloop
  endfacet
  facet normal 0.595752 0 -0.803168
    outer loop
      vertex -8.61113 -4.2 8.91462
      vertex -8.69783 -6 8.85031
      vertex -8.69783 -4.2 8.85031
    endloop
  endfacet
  facet normal -0.803168 0 -0.595752
    outer loop
      vertex -7.08538 4.2 8.61113
      vertex -7.14969 6 8.69783
      vertex -7.08538 6 8.61113
    endloop
  endfacet
  facet normal -0.803168 -0 -0.595752
    outer loop
      vertex -7.14969 6 8.69783
      vertex -7.08538 4.2 8.61113
      vertex -7.14969 4.2 8.69783
    endloop
  endfacet
  facet normal -0.803168 0 -0.595752
    outer loop
      vertex -7.08538 -6 8.61113
      vertex -7.14969 -4.2 8.69783
      vertex -7.08538 -4.2 8.61113
    endloop
  endfacet
  facet normal -0.803168 -0 -0.595752
    outer loop
      vertex -7.14969 -4.2 8.69783
      vertex -7.08538 -6 8.61113
      vertex -7.14969 -6 8.69783
    endloop
  endfacet
  facet normal 0.857754 0 -0.51406
    outer loop
      vertex -8.91462 4.2 8.61113
      vertex -8.97011 6 8.51854
      vertex -8.91462 6 8.61113
    endloop
  endfacet
  facet normal 0.857754 0 -0.51406
    outer loop
      vertex -8.97011 6 8.51854
      vertex -8.91462 4.2 8.61113
      vertex -8.97011 4.2 8.51854
    endloop
  endfacet
  facet normal 0.857754 0 -0.51406
    outer loop
      vertex -8.91462 -6 8.61113
      vertex -8.97011 -4.2 8.51854
      vertex -8.91462 -4.2 8.61113
    endloop
  endfacet
  facet normal 0.857754 0 -0.51406
    outer loop
      vertex -8.97011 -4.2 8.51854
      vertex -8.91462 -6 8.61113
      vertex -8.97011 -6 8.51854
    endloop
  endfacet
  facet normal -0.857754 0 -0.51406
    outer loop
      vertex -7.02989 4.2 8.51854
      vertex -7.08538 6 8.61113
      vertex -7.02989 6 8.51854
    endloop
  endfacet
  facet normal -0.857754 -0 -0.51406
    outer loop
      vertex -7.08538 6 8.61113
      vertex -7.02989 4.2 8.51854
      vertex -7.08538 4.2 8.61113
    endloop
  endfacet
  facet normal -0.857754 0 -0.51406
    outer loop
      vertex -7.02989 -6 8.51854
      vertex -7.08538 -4.2 8.61113
      vertex -7.02989 -4.2 8.51854
    endloop
  endfacet
  facet normal -0.857754 -0 -0.51406
    outer loop
      vertex -7.08538 -4.2 8.61113
      vertex -7.02989 -6 8.51854
      vertex -7.08538 -6 8.61113
    endloop
  endfacet
  facet normal 0.595752 0 0.803168
    outer loop
      vertex -8.69783 6 7.14969
      vertex -8.61113 4.2 7.08538
      vertex -8.61113 6 7.08538
    endloop
  endfacet
  facet normal 0.595752 0 0.803168
    outer loop
      vertex -8.61113 4.2 7.08538
      vertex -8.69783 6 7.14969
      vertex -8.69783 4.2 7.14969
    endloop
  endfacet
  facet normal 0.595752 0 0.803168
    outer loop
      vertex -8.69783 -4.2 7.14969
      vertex -8.61113 -6 7.08538
      vertex -8.61113 -4.2 7.08538
    endloop
  endfacet
  facet normal 0.595752 0 0.803168
    outer loop
      vertex -8.61113 -6 7.08538
      vertex -8.69783 -4.2 7.14969
      vertex -8.69783 -6 7.14969
    endloop
  endfacet
  facet normal 0.803168 0 -0.595752
    outer loop
      vertex -8.85031 4.2 8.69783
      vertex -8.91462 6 8.61113
      vertex -8.85031 6 8.69783
    endloop
  endfacet
  facet normal 0.803168 0 -0.595752
    outer loop
      vertex -8.91462 6 8.61113
      vertex -8.85031 4.2 8.69783
      vertex -8.91462 4.2 8.61113
    endloop
  endfacet
  facet normal 0.803168 0 -0.595752
    outer loop
      vertex -8.85031 -6 8.69783
      vertex -8.91462 -4.2 8.61113
      vertex -8.85031 -4.2 8.69783
    endloop
  endfacet
  facet normal 0.803168 0 -0.595752
    outer loop
      vertex -8.91462 -4.2 8.61113
      vertex -8.85031 -6 8.69783
      vertex -8.91462 -6 8.61113
    endloop
  endfacet
  facet normal 0.51406 0 0.857754
    outer loop
      vertex -8.61113 6 7.08538
      vertex -8.51854 4.2 7.02989
      vertex -8.51854 6 7.02989
    endloop
  endfacet
  facet normal 0.51406 0 0.857754
    outer loop
      vertex -8.51854 4.2 7.02989
      vertex -8.61113 6 7.08538
      vertex -8.61113 4.2 7.08538
    endloop
  endfacet
  facet normal 0.51406 0 0.857754
    outer loop
      vertex -8.61113 -4.2 7.08538
      vertex -8.51854 -6 7.02989
      vertex -8.51854 -4.2 7.02989
    endloop
  endfacet
  facet normal 0.51406 0 0.857754
    outer loop
      vertex -8.51854 -6 7.02989
      vertex -8.61113 -4.2 7.08538
      vertex -8.61113 -6 7.08538
    endloop
  endfacet
  facet normal -0.51406 0 -0.857754
    outer loop
      vertex -7.48146 4.2 8.97011
      vertex -7.38887 6 8.91462
      vertex -7.38887 4.2 8.91462
    endloop
  endfacet
  facet normal -0.51406 0 -0.857754
    outer loop
      vertex -7.38887 6 8.91462
      vertex -7.48146 4.2 8.97011
      vertex -7.48146 6 8.97011
    endloop
  endfacet
  facet normal -0.51406 0 -0.857754
    outer loop
      vertex -7.48146 -6 8.97011
      vertex -7.38887 -4.2 8.91462
      vertex -7.38887 -6 8.91462
    endloop
  endfacet
  facet normal -0.51406 0 -0.857754
    outer loop
      vertex -7.38887 -4.2 8.91462
      vertex -7.48146 -6 8.97011
      vertex -7.48146 -4.2 8.97011
    endloop
  endfacet
  facet normal -0.595752 0 -0.803168
    outer loop
      vertex -7.38887 4.2 8.91462
      vertex -7.30217 6 8.85031
      vertex -7.30217 4.2 8.85031
    endloop
  endfacet
  facet normal -0.595752 0 -0.803168
    outer loop
      vertex -7.30217 6 8.85031
      vertex -7.38887 4.2 8.91462
      vertex -7.38887 6 8.91462
    endloop
  endfacet
  facet normal -0.595752 0 -0.803168
    outer loop
      vertex -7.38887 -6 8.91462
      vertex -7.30217 -4.2 8.85031
      vertex -7.30217 -6 8.85031
    endloop
  endfacet
  facet normal -0.595752 0 -0.803168
    outer loop
      vertex -7.30217 -4.2 8.85031
      vertex -7.38887 -6 8.91462
      vertex -7.38887 -4.2 8.91462
    endloop
  endfacet
  facet normal -0.146737 0 0.989176
    outer loop
      vertex -7.89218 6 6.9053
      vertex -7.7854 4.2 6.92114
      vertex -7.7854 6 6.92114
    endloop
  endfacet
  facet normal -0.146737 0 0.989176
    outer loop
      vertex -7.7854 4.2 6.92114
      vertex -7.89218 6 6.9053
      vertex -7.89218 4.2 6.9053
    endloop
  endfacet
  facet normal -0.146737 0 0.989176
    outer loop
      vertex -7.89218 -4.2 6.9053
      vertex -7.7854 -6 6.92114
      vertex -7.7854 -4.2 6.92114
    endloop
  endfacet
  facet normal -0.146737 0 0.989176
    outer loop
      vertex -7.7854 -6 6.92114
      vertex -7.89218 -4.2 6.9053
      vertex -7.89218 -6 6.9053
    endloop
  endfacet
  facet normal -0.97005 0 0.242906
    outer loop
      vertex -6.94736 4.2 7.68069
      vertex -6.92114 6 7.7854
      vertex -6.94736 6 7.68069
    endloop
  endfacet
  facet normal -0.97005 0 0.242906
    outer loop
      vertex -6.92114 6 7.7854
      vertex -6.94736 4.2 7.68069
      vertex -6.92114 4.2 7.7854
    endloop
  endfacet
  facet normal -0.97005 0 0.242906
    outer loop
      vertex -6.94736 -6 7.68069
      vertex -6.92114 -4.2 7.7854
      vertex -6.94736 -4.2 7.68069
    endloop
  endfacet
  facet normal -0.97005 0 0.242906
    outer loop
      vertex -6.92114 -4.2 7.7854
      vertex -6.94736 -6 7.68069
      vertex -6.92114 -6 7.7854
    endloop
  endfacet
  facet normal -0.941536 0 0.336911
    outer loop
      vertex -6.98373 4.2 7.57905
      vertex -6.94736 6 7.68069
      vertex -6.98373 6 7.57905
    endloop
  endfacet
  facet normal -0.941536 0 0.336911
    outer loop
      vertex -6.94736 6 7.68069
      vertex -6.98373 4.2 7.57905
      vertex -6.94736 4.2 7.68069
    endloop
  endfacet
  facet normal -0.941536 0 0.336911
    outer loop
      vertex -6.98373 -6 7.57905
      vertex -6.94736 -4.2 7.68069
      vertex -6.98373 -4.2 7.57905
    endloop
  endfacet
  facet normal -0.941536 0 0.336911
    outer loop
      vertex -6.94736 -4.2 7.68069
      vertex -6.98373 -6 7.57905
      vertex -6.94736 -6 7.68069
    endloop
  endfacet
  facet normal -0.740991 0 -0.671515
    outer loop
      vertex -7.14969 4.2 8.69783
      vertex -7.22218 6 8.77782
      vertex -7.14969 6 8.69783
    endloop
  endfacet
  facet normal -0.740991 -0 -0.671515
    outer loop
      vertex -7.22218 6 8.77782
      vertex -7.14969 4.2 8.69783
      vertex -7.22218 4.2 8.77782
    endloop
  endfacet
  facet normal -0.740991 0 -0.671515
    outer loop
      vertex -7.14969 -6 8.69783
      vertex -7.22218 -4.2 8.77782
      vertex -7.14969 -4.2 8.69783
    endloop
  endfacet
  facet normal -0.740991 -0 -0.671515
    outer loop
      vertex -7.22218 -4.2 8.77782
      vertex -7.14969 -6 8.69783
      vertex -7.22218 -6 8.77782
    endloop
  endfacet
  facet normal 0.0490967 0 -0.998794
    outer loop
      vertex -8.10782 4.2 9.0947
      vertex -8 6 9.1
      vertex -8 4.2 9.1
    endloop
  endfacet
  facet normal 0.0490967 0 -0.998794
    outer loop
      vertex -8 6 9.1
      vertex -8.10782 4.2 9.0947
      vertex -8.10782 6 9.0947
    endloop
  endfacet
  facet normal 0.0490967 0 -0.998794
    outer loop
      vertex -8.10782 -6 9.0947
      vertex -8 -4.2 9.1
      vertex -8 -6 9.1
    endloop
  endfacet
  facet normal 0.0490967 0 -0.998794
    outer loop
      vertex -8 -4.2 9.1
      vertex -8.10782 -6 9.0947
      vertex -8.10782 -4.2 9.0947
    endloop
  endfacet
  facet normal -0.0490967 0 -0.998794
    outer loop
      vertex -8 4.2 9.1
      vertex -7.89218 6 9.0947
      vertex -7.89218 4.2 9.0947
    endloop
  endfacet
  facet normal -0.0490967 0 -0.998794
    outer loop
      vertex -7.89218 6 9.0947
      vertex -8 4.2 9.1
      vertex -8 6 9.1
    endloop
  endfacet
  facet normal -0.0490967 0 -0.998794
    outer loop
      vertex -8 -6 9.1
      vertex -7.89218 -4.2 9.0947
      vertex -7.89218 -6 9.0947
    endloop
  endfacet
  facet normal -0.0490967 0 -0.998794
    outer loop
      vertex -7.89218 -4.2 9.0947
      vertex -8 -6 9.1
      vertex -8 -4.2 9.1
    endloop
  endfacet
  facet normal -0.903977 0 -0.427581
    outer loop
      vertex -6.98373 4.2 8.42095
      vertex -7.02989 6 8.51854
      vertex -6.98373 6 8.42095
    endloop
  endfacet
  facet normal -0.903977 -0 -0.427581
    outer loop
      vertex -7.02989 6 8.51854
      vertex -6.98373 4.2 8.42095
      vertex -7.02989 4.2 8.51854
    endloop
  endfacet
  facet normal -0.903977 0 -0.427581
    outer loop
      vertex -6.98373 -6 8.42095
      vertex -7.02989 -4.2 8.51854
      vertex -6.98373 -4.2 8.42095
    endloop
  endfacet
  facet normal -0.903977 -0 -0.427581
    outer loop
      vertex -7.02989 -4.2 8.51854
      vertex -6.98373 -6 8.42095
      vertex -7.02989 -6 8.51854
    endloop
  endfacet
  facet normal -0.671515 0 0.740991
    outer loop
      vertex -7.30217 6 7.14969
      vertex -7.22218 4.2 7.22218
      vertex -7.22218 6 7.22218
    endloop
  endfacet
  facet normal -0.671515 0 0.740991
    outer loop
      vertex -7.22218 4.2 7.22218
      vertex -7.30217 6 7.14969
      vertex -7.30217 4.2 7.14969
    endloop
  endfacet
  facet normal -0.671515 0 0.740991
    outer loop
      vertex -7.30217 -4.2 7.14969
      vertex -7.22218 -6 7.22218
      vertex -7.22218 -4.2 7.22218
    endloop
  endfacet
  facet normal -0.671515 0 0.740991
    outer loop
      vertex -7.22218 -6 7.22218
      vertex -7.30217 -4.2 7.14969
      vertex -7.30217 -6 7.14969
    endloop
  endfacet
  facet normal -0.998794 0 0.0490967
    outer loop
      vertex -6.9053 4.2 7.89218
      vertex -6.9 6 8
      vertex -6.9053 6 7.89218
    endloop
  endfacet
  facet normal -0.998794 0 0.0490967
    outer loop
      vertex -6.9 6 8
      vertex -6.9053 4.2 7.89218
      vertex -6.9 4.2 8
    endloop
  endfacet
  facet normal -0.998794 0 0.0490967
    outer loop
      vertex -6.9053 -6 7.89218
      vertex -6.9 -4.2 8
      vertex -6.9053 -4.2 7.89218
    endloop
  endfacet
  facet normal -0.998794 0 0.0490967
    outer loop
      vertex -6.9 -4.2 8
      vertex -6.9053 -6 7.89218
      vertex -6.9 -6 8
    endloop
  endfacet
  facet normal 0.0490967 0 0.998794
    outer loop
      vertex -8.10782 6 6.9053
      vertex -8 4.2 6.9
      vertex -8 6 6.9
    endloop
  endfacet
  facet normal 0.0490967 0 0.998794
    outer loop
      vertex -8 4.2 6.9
      vertex -8.10782 6 6.9053
      vertex -8.10782 4.2 6.9053
    endloop
  endfacet
  facet normal 0.0490967 0 0.998794
    outer loop
      vertex -8.10782 -4.2 6.9053
      vertex -8 -6 6.9
      vertex -8 -4.2 6.9
    endloop
  endfacet
  facet normal 0.0490967 0 0.998794
    outer loop
      vertex -8 -6 6.9
      vertex -8.10782 -4.2 6.9053
      vertex -8.10782 -6 6.9053
    endloop
  endfacet
  facet normal 0.740991 0 -0.671515
    outer loop
      vertex -8.77782 4.2 8.77782
      vertex -8.85031 6 8.69783
      vertex -8.77782 6 8.77782
    endloop
  endfacet
  facet normal 0.740991 0 -0.671515
    outer loop
      vertex -8.85031 6 8.69783
      vertex -8.77782 4.2 8.77782
      vertex -8.85031 4.2 8.69783
    endloop
  endfacet
  facet normal 0.740991 0 -0.671515
    outer loop
      vertex -8.77782 -6 8.77782
      vertex -8.85031 -4.2 8.69783
      vertex -8.77782 -4.2 8.77782
    endloop
  endfacet
  facet normal 0.740991 0 -0.671515
    outer loop
      vertex -8.85031 -4.2 8.69783
      vertex -8.77782 -6 8.77782
      vertex -8.85031 -6 8.69783
    endloop
  endfacet
  facet normal 0.146737 0 -0.989176
    outer loop
      vertex -8.2146 4.2 9.07886
      vertex -8.10782 6 9.0947
      vertex -8.10782 4.2 9.0947
    endloop
  endfacet
  facet normal 0.146737 0 -0.989176
    outer loop
      vertex -8.10782 6 9.0947
      vertex -8.2146 4.2 9.07886
      vertex -8.2146 6 9.07886
    endloop
  endfacet
  facet normal 0.146737 0 -0.989176
    outer loop
      vertex -8.2146 -6 9.07886
      vertex -8.10782 -4.2 9.0947
      vertex -8.10782 -6 9.0947
    endloop
  endfacet
  facet normal 0.146737 0 -0.989176
    outer loop
      vertex -8.10782 -4.2 9.0947
      vertex -8.2146 -6 9.07886
      vertex -8.2146 -4.2 9.07886
    endloop
  endfacet
  facet normal 0.336829 0 -0.941566
    outer loop
      vertex -8.42095 4.2 9.01627
      vertex -8.31931 6 9.05263
      vertex -8.31931 4.2 9.05263
    endloop
  endfacet
  facet normal 0.336829 0 -0.941566
    outer loop
      vertex -8.31931 6 9.05263
      vertex -8.42095 4.2 9.01627
      vertex -8.42095 6 9.01627
    endloop
  endfacet
  facet normal 0.336829 0 -0.941566
    outer loop
      vertex -8.42095 -6 9.01627
      vertex -8.31931 -4.2 9.05263
      vertex -8.31931 -6 9.05263
    endloop
  endfacet
  facet normal 0.336829 0 -0.941566
    outer loop
      vertex -8.31931 -4.2 9.05263
      vertex -8.42095 -6 9.01627
      vertex -8.42095 -4.2 9.01627
    endloop
  endfacet
  facet normal 0.903977 0 -0.427581
    outer loop
      vertex -8.97011 4.2 8.51854
      vertex -9.01627 6 8.42095
      vertex -8.97011 6 8.51854
    endloop
  endfacet
  facet normal 0.903977 0 -0.427581
    outer loop
      vertex -9.01627 6 8.42095
      vertex -8.97011 4.2 8.51854
      vertex -9.01627 4.2 8.42095
    endloop
  endfacet
  facet normal 0.903977 0 -0.427581
    outer loop
      vertex -8.97011 -6 8.51854
      vertex -9.01627 -4.2 8.42095
      vertex -8.97011 -4.2 8.51854
    endloop
  endfacet
  facet normal 0.903977 0 -0.427581
    outer loop
      vertex -9.01627 -4.2 8.42095
      vertex -8.97011 -6 8.51854
      vertex -9.01627 -6 8.42095
    endloop
  endfacet
  facet normal 0.740991 -0 0.671515
    outer loop
      vertex -8.85031 4.2 7.30217
      vertex -8.77782 6 7.22218
      vertex -8.85031 6 7.30217
    endloop
  endfacet
  facet normal 0.740991 0 0.671515
    outer loop
      vertex -8.77782 6 7.22218
      vertex -8.85031 4.2 7.30217
      vertex -8.77782 4.2 7.22218
    endloop
  endfacet
  facet normal 0.740991 -0 0.671515
    outer loop
      vertex -8.85031 -6 7.30217
      vertex -8.77782 -4.2 7.22218
      vertex -8.85031 -4.2 7.30217
    endloop
  endfacet
  facet normal 0.740991 0 0.671515
    outer loop
      vertex -8.77782 -4.2 7.22218
      vertex -8.85031 -6 7.30217
      vertex -8.77782 -6 7.22218
    endloop
  endfacet
  facet normal 0.671515 0 0.740991
    outer loop
      vertex -8.77782 6 7.22218
      vertex -8.69783 4.2 7.14969
      vertex -8.69783 6 7.14969
    endloop
  endfacet
  facet normal 0.671515 0 0.740991
    outer loop
      vertex -8.69783 4.2 7.14969
      vertex -8.77782 6 7.22218
      vertex -8.77782 4.2 7.22218
    endloop
  endfacet
  facet normal 0.671515 0 0.740991
    outer loop
      vertex -8.77782 -4.2 7.22218
      vertex -8.69783 -6 7.14969
      vertex -8.69783 -4.2 7.14969
    endloop
  endfacet
  facet normal 0.671515 0 0.740991
    outer loop
      vertex -8.69783 -6 7.14969
      vertex -8.77782 -4.2 7.22218
      vertex -8.77782 -6 7.22218
    endloop
  endfacet
  facet normal 0.989176 0 -0.146737
    outer loop
      vertex -9.07886 4.2 8.2146
      vertex -9.0947 6 8.10782
      vertex -9.07886 6 8.2146
    endloop
  endfacet
  facet normal 0.989176 0 -0.146737
    outer loop
      vertex -9.0947 6 8.10782
      vertex -9.07886 4.2 8.2146
      vertex -9.0947 4.2 8.10782
    endloop
  endfacet
  facet normal 0.989176 0 -0.146737
    outer loop
      vertex -9.07886 -6 8.2146
      vertex -9.0947 -4.2 8.10782
      vertex -9.07886 -4.2 8.2146
    endloop
  endfacet
  facet normal 0.989176 0 -0.146737
    outer loop
      vertex -9.0947 -4.2 8.10782
      vertex -9.07886 -6 8.2146
      vertex -9.0947 -6 8.10782
    endloop
  endfacet
  facet normal 0.970028 0 -0.242993
    outer loop
      vertex -9.05263 4.2 8.31931
      vertex -9.07886 6 8.2146
      vertex -9.05263 6 8.31931
    endloop
  endfacet
  facet normal 0.970028 0 -0.242993
    outer loop
      vertex -9.07886 6 8.2146
      vertex -9.05263 4.2 8.31931
      vertex -9.07886 4.2 8.2146
    endloop
  endfacet
  facet normal 0.970028 0 -0.242993
    outer loop
      vertex -9.05263 -6 8.31931
      vertex -9.07886 -4.2 8.2146
      vertex -9.05263 -4.2 8.31931
    endloop
  endfacet
  facet normal 0.970028 0 -0.242993
    outer loop
      vertex -9.07886 -4.2 8.2146
      vertex -9.05263 -6 8.31931
      vertex -9.07886 -6 8.2146
    endloop
  endfacet
  facet normal 0.970028 -0 0.242993
    outer loop
      vertex -9.07886 4.2 7.7854
      vertex -9.05263 6 7.68069
      vertex -9.07886 6 7.7854
    endloop
  endfacet
  facet normal 0.970028 0 0.242993
    outer loop
      vertex -9.05263 6 7.68069
      vertex -9.07886 4.2 7.7854
      vertex -9.05263 4.2 7.68069
    endloop
  endfacet
  facet normal 0.970028 -0 0.242993
    outer loop
      vertex -9.07886 -6 7.7854
      vertex -9.05263 -4.2 7.68069
      vertex -9.07886 -4.2 7.7854
    endloop
  endfacet
  facet normal 0.970028 0 0.242993
    outer loop
      vertex -9.05263 -4.2 7.68069
      vertex -9.07886 -6 7.7854
      vertex -9.05263 -6 7.68069
    endloop
  endfacet
  facet normal 0.427581 0 0.903977
    outer loop
      vertex -8.51854 6 7.02989
      vertex -8.42095 4.2 6.98373
      vertex -8.42095 6 6.98373
    endloop
  endfacet
  facet normal 0.427581 0 0.903977
    outer loop
      vertex -8.42095 4.2 6.98373
      vertex -8.51854 6 7.02989
      vertex -8.51854 4.2 7.02989
    endloop
  endfacet
  facet normal 0.427581 0 0.903977
    outer loop
      vertex -8.51854 -4.2 7.02989
      vertex -8.42095 -6 6.98373
      vertex -8.42095 -4.2 6.98373
    endloop
  endfacet
  facet normal 0.427581 0 0.903977
    outer loop
      vertex -8.42095 -6 6.98373
      vertex -8.51854 -4.2 7.02989
      vertex -8.51854 -6 7.02989
    endloop
  endfacet
  facet normal -0.427581 0 0.903977
    outer loop
      vertex -7.57905 6 6.98373
      vertex -7.48146 4.2 7.02989
      vertex -7.48146 6 7.02989
    endloop
  endfacet
  facet normal -0.427581 0 0.903977
    outer loop
      vertex -7.48146 4.2 7.02989
      vertex -7.57905 6 6.98373
      vertex -7.57905 4.2 6.98373
    endloop
  endfacet
  facet normal -0.427581 0 0.903977
    outer loop
      vertex -7.57905 -4.2 6.98373
      vertex -7.48146 -6 7.02989
      vertex -7.48146 -4.2 7.02989
    endloop
  endfacet
  facet normal -0.427581 0 0.903977
    outer loop
      vertex -7.48146 -6 7.02989
      vertex -7.57905 -4.2 6.98373
      vertex -7.57905 -6 6.98373
    endloop
  endfacet
  facet normal -0.0490967 0 0.998794
    outer loop
      vertex -8 6 6.9
      vertex -7.89218 4.2 6.9053
      vertex -7.89218 6 6.9053
    endloop
  endfacet
  facet normal -0.0490967 0 0.998794
    outer loop
      vertex -7.89218 4.2 6.9053
      vertex -8 6 6.9
      vertex -8 4.2 6.9
    endloop
  endfacet
  facet normal -0.0490967 0 0.998794
    outer loop
      vertex -8 -4.2 6.9
      vertex -7.89218 -6 6.9053
      vertex -7.89218 -4.2 6.9053
    endloop
  endfacet
  facet normal -0.0490967 0 0.998794
    outer loop
      vertex -7.89218 -6 6.9053
      vertex -8 -4.2 6.9
      vertex -8 -6 6.9
    endloop
  endfacet
  facet normal -0.903977 0 0.427581
    outer loop
      vertex -7.02989 4.2 7.48146
      vertex -6.98373 6 7.57905
      vertex -7.02989 6 7.48146
    endloop
  endfacet
  facet normal -0.903977 0 0.427581
    outer loop
      vertex -6.98373 6 7.57905
      vertex -7.02989 4.2 7.48146
      vertex -6.98373 4.2 7.57905
    endloop
  endfacet
  facet normal -0.903977 0 0.427581
    outer loop
      vertex -7.02989 -6 7.48146
      vertex -6.98373 -4.2 7.57905
      vertex -7.02989 -4.2 7.48146
    endloop
  endfacet
  facet normal -0.903977 0 0.427581
    outer loop
      vertex -6.98373 -4.2 7.57905
      vertex -7.02989 -6 7.48146
      vertex -6.98373 -6 7.57905
    endloop
  endfacet
  facet normal 0.941566 0 -0.336829
    outer loop
      vertex -9.01627 4.2 8.42095
      vertex -9.05263 6 8.31931
      vertex -9.01627 6 8.42095
    endloop
  endfacet
  facet normal 0.941566 0 -0.336829
    outer loop
      vertex -9.05263 6 8.31931
      vertex -9.01627 4.2 8.42095
      vertex -9.05263 4.2 8.31931
    endloop
  endfacet
  facet normal 0.941566 0 -0.336829
    outer loop
      vertex -9.01627 -6 8.42095
      vertex -9.05263 -4.2 8.31931
      vertex -9.01627 -4.2 8.42095
    endloop
  endfacet
  facet normal 0.941566 0 -0.336829
    outer loop
      vertex -9.05263 -4.2 8.31931
      vertex -9.01627 -6 8.42095
      vertex -9.05263 -6 8.31931
    endloop
  endfacet
  facet normal -0.242993 0 -0.970028
    outer loop
      vertex -7.7854 4.2 9.07886
      vertex -7.68069 6 9.05263
      vertex -7.68069 4.2 9.05263
    endloop
  endfacet
  facet normal -0.242993 0 -0.970028
    outer loop
      vertex -7.68069 6 9.05263
      vertex -7.7854 4.2 9.07886
      vertex -7.7854 6 9.07886
    endloop
  endfacet
  facet normal -0.242993 0 -0.970028
    outer loop
      vertex -7.7854 -6 9.07886
      vertex -7.68069 -4.2 9.05263
      vertex -7.68069 -6 9.05263
    endloop
  endfacet
  facet normal -0.242993 0 -0.970028
    outer loop
      vertex -7.68069 -4.2 9.05263
      vertex -7.7854 -6 9.07886
      vertex -7.7854 -4.2 9.07886
    endloop
  endfacet
  facet normal -0.595752 0 0.803168
    outer loop
      vertex -7.38887 6 7.08538
      vertex -7.30217 4.2 7.14969
      vertex -7.30217 6 7.14969
    endloop
  endfacet
  facet normal -0.595752 0 0.803168
    outer loop
      vertex -7.30217 4.2 7.14969
      vertex -7.38887 6 7.08538
      vertex -7.38887 4.2 7.08538
    endloop
  endfacet
  facet normal -0.595752 0 0.803168
    outer loop
      vertex -7.38887 -4.2 7.08538
      vertex -7.30217 -6 7.14969
      vertex -7.30217 -4.2 7.14969
    endloop
  endfacet
  facet normal -0.595752 0 0.803168
    outer loop
      vertex -7.30217 -6 7.14969
      vertex -7.38887 -4.2 7.08538
      vertex -7.38887 -6 7.08538
    endloop
  endfacet
  facet normal 0.146737 0 0.989176
    outer loop
      vertex -8.2146 6 6.92114
      vertex -8.10782 4.2 6.9053
      vertex -8.10782 6 6.9053
    endloop
  endfacet
  facet normal 0.146737 0 0.989176
    outer loop
      vertex -8.10782 4.2 6.9053
      vertex -8.2146 6 6.92114
      vertex -8.2146 4.2 6.92114
    endloop
  endfacet
  facet normal 0.146737 0 0.989176
    outer loop
      vertex -8.2146 -4.2 6.92114
      vertex -8.10782 -6 6.9053
      vertex -8.10782 -4.2 6.9053
    endloop
  endfacet
  facet normal 0.146737 0 0.989176
    outer loop
      vertex -8.10782 -6 6.9053
      vertex -8.2146 -4.2 6.92114
      vertex -8.2146 -6 6.92114
    endloop
  endfacet
  facet normal 0.998794 0 -0.0490967
    outer loop
      vertex -9.0947 4.2 8.10782
      vertex -9.1 6 8
      vertex -9.0947 6 8.10782
    endloop
  endfacet
  facet normal 0.998794 0 -0.0490967
    outer loop
      vertex -9.1 6 8
      vertex -9.0947 4.2 8.10782
      vertex -9.1 4.2 8
    endloop
  endfacet
  facet normal 0.998794 0 -0.0490967
    outer loop
      vertex -9.0947 -6 8.10782
      vertex -9.1 -4.2 8
      vertex -9.0947 -4.2 8.10782
    endloop
  endfacet
  facet normal 0.998794 0 -0.0490967
    outer loop
      vertex -9.1 -4.2 8
      vertex -9.0947 -6 8.10782
      vertex -9.1 -6 8
    endloop
  endfacet
  facet normal -0.740991 0 0.671515
    outer loop
      vertex -7.22218 4.2 7.22218
      vertex -7.14969 6 7.30217
      vertex -7.22218 6 7.22218
    endloop
  endfacet
  facet normal -0.740991 0 0.671515
    outer loop
      vertex -7.14969 6 7.30217
      vertex -7.22218 4.2 7.22218
      vertex -7.14969 4.2 7.30217
    endloop
  endfacet
  facet normal -0.740991 0 0.671515
    outer loop
      vertex -7.22218 -6 7.22218
      vertex -7.14969 -4.2 7.30217
      vertex -7.22218 -4.2 7.22218
    endloop
  endfacet
  facet normal -0.740991 0 0.671515
    outer loop
      vertex -7.14969 -4.2 7.30217
      vertex -7.22218 -6 7.22218
      vertex -7.14969 -6 7.30217
    endloop
  endfacet
  facet normal -0.595752 0 -0.803168
    outer loop
      vertex 8.61113 4.2 -7.08538
      vertex 8.69783 6 -7.14969
      vertex 8.69783 4.2 -7.14969
    endloop
  endfacet
  facet normal -0.595752 0 -0.803168
    outer loop
      vertex 8.69783 6 -7.14969
      vertex 8.61113 4.2 -7.08538
      vertex 8.61113 6 -7.08538
    endloop
  endfacet
  facet normal -0.595752 0 -0.803168
    outer loop
      vertex 8.61113 -6 -7.08538
      vertex 8.69783 -4.2 -7.14969
      vertex 8.69783 -6 -7.14969
    endloop
  endfacet
  facet normal -0.595752 0 -0.803168
    outer loop
      vertex 8.69783 -4.2 -7.14969
      vertex 8.61113 -6 -7.08538
      vertex 8.61113 -4.2 -7.08538
    endloop
  endfacet
  facet normal -0.989176 0 -0.146737
    outer loop
      vertex 9.0947 4.2 -7.89218
      vertex 9.07886 6 -7.7854
      vertex 9.0947 6 -7.89218
    endloop
  endfacet
  facet normal -0.989176 -0 -0.146737
    outer loop
      vertex 9.07886 6 -7.7854
      vertex 9.0947 4.2 -7.89218
      vertex 9.07886 4.2 -7.7854
    endloop
  endfacet
  facet normal -0.989176 0 -0.146737
    outer loop
      vertex 9.0947 -6 -7.89218
      vertex 9.07886 -4.2 -7.7854
      vertex 9.0947 -4.2 -7.89218
    endloop
  endfacet
  facet normal -0.989176 -0 -0.146737
    outer loop
      vertex 9.07886 -4.2 -7.7854
      vertex 9.0947 -6 -7.89218
      vertex 9.07886 -6 -7.7854
    endloop
  endfacet
  facet normal -0.998794 0 -0.0490967
    outer loop
      vertex 9.1 4.2 -8
      vertex 9.0947 6 -7.89218
      vertex 9.1 6 -8
    endloop
  endfacet
  facet normal -0.998794 -0 -0.0490967
    outer loop
      vertex 9.0947 6 -7.89218
      vertex 9.1 4.2 -8
      vertex 9.0947 4.2 -7.89218
    endloop
  endfacet
  facet normal -0.998794 0 -0.0490967
    outer loop
      vertex 9.1 -6 -8
      vertex 9.0947 -4.2 -7.89218
      vertex 9.1 -4.2 -8
    endloop
  endfacet
  facet normal -0.998794 -0 -0.0490967
    outer loop
      vertex 9.0947 -4.2 -7.89218
      vertex 9.1 -6 -8
      vertex 9.0947 -6 -7.89218
    endloop
  endfacet
  facet normal -0.970028 0 -0.242993
    outer loop
      vertex 9.07886 4.2 -7.7854
      vertex 9.05263 6 -7.68069
      vertex 9.07886 6 -7.7854
    endloop
  endfacet
  facet normal -0.970028 -0 -0.242993
    outer loop
      vertex 9.05263 6 -7.68069
      vertex 9.07886 4.2 -7.7854
      vertex 9.05263 4.2 -7.68069
    endloop
  endfacet
  facet normal -0.970028 0 -0.242993
    outer loop
      vertex 9.07886 -6 -7.7854
      vertex 9.05263 -4.2 -7.68069
      vertex 9.07886 -4.2 -7.7854
    endloop
  endfacet
  facet normal -0.970028 -0 -0.242993
    outer loop
      vertex 9.05263 -4.2 -7.68069
      vertex 9.07886 -6 -7.7854
      vertex 9.05263 -6 -7.68069
    endloop
  endfacet
  facet normal 0.740991 -0 0.671515
    outer loop
      vertex 7.14969 4.2 -8.69783
      vertex 7.22218 6 -8.77782
      vertex 7.14969 6 -8.69783
    endloop
  endfacet
  facet normal 0.740991 0 0.671515
    outer loop
      vertex 7.22218 6 -8.77782
      vertex 7.14969 4.2 -8.69783
      vertex 7.22218 4.2 -8.77782
    endloop
  endfacet
  facet normal 0.740991 -0 0.671515
    outer loop
      vertex 7.14969 -6 -8.69783
      vertex 7.22218 -4.2 -8.77782
      vertex 7.14969 -4.2 -8.69783
    endloop
  endfacet
  facet normal 0.740991 0 0.671515
    outer loop
      vertex 7.22218 -4.2 -8.77782
      vertex 7.14969 -6 -8.69783
      vertex 7.22218 -6 -8.77782
    endloop
  endfacet
  facet normal 0.427581 0 -0.903977
    outer loop
      vertex 7.48146 4.2 -7.02989
      vertex 7.57905 6 -6.98373
      vertex 7.57905 4.2 -6.98373
    endloop
  endfacet
  facet normal 0.427581 0 -0.903977
    outer loop
      vertex 7.57905 6 -6.98373
      vertex 7.48146 4.2 -7.02989
      vertex 7.48146 6 -7.02989
    endloop
  endfacet
  facet normal 0.427581 0 -0.903977
    outer loop
      vertex 7.48146 -6 -7.02989
      vertex 7.57905 -4.2 -6.98373
      vertex 7.57905 -6 -6.98373
    endloop
  endfacet
  facet normal 0.427581 0 -0.903977
    outer loop
      vertex 7.57905 -4.2 -6.98373
      vertex 7.48146 -6 -7.02989
      vertex 7.48146 -4.2 -7.02989
    endloop
  endfacet
  facet normal -0.51406 0 0.857754
    outer loop
      vertex 8.51854 6 -8.97011
      vertex 8.61113 4.2 -8.91462
      vertex 8.61113 6 -8.91462
    endloop
  endfacet
  facet normal -0.51406 0 0.857754
    outer loop
      vertex 8.61113 4.2 -8.91462
      vertex 8.51854 6 -8.97011
      vertex 8.51854 4.2 -8.97011
    endloop
  endfacet
  facet normal -0.51406 0 0.857754
    outer loop
      vertex 8.51854 -4.2 -8.97011
      vertex 8.61113 -6 -8.91462
      vertex 8.61113 -4.2 -8.91462
    endloop
  endfacet
  facet normal -0.51406 0 0.857754
    outer loop
      vertex 8.61113 -6 -8.91462
      vertex 8.51854 -4.2 -8.97011
      vertex 8.51854 -6 -8.97011
    endloop
  endfacet
  facet normal -0.336911 0 -0.941536
    outer loop
      vertex 8.31931 4.2 -6.94736
      vertex 8.42095 6 -6.98373
      vertex 8.42095 4.2 -6.98373
    endloop
  endfacet
  facet normal -0.336911 0 -0.941536
    outer loop
      vertex 8.42095 6 -6.98373
      vertex 8.31931 4.2 -6.94736
      vertex 8.31931 6 -6.94736
    endloop
  endfacet
  facet normal -0.336911 0 -0.941536
    outer loop
      vertex 8.31931 -6 -6.94736
      vertex 8.42095 -4.2 -6.98373
      vertex 8.42095 -6 -6.98373
    endloop
  endfacet
  facet normal -0.336911 0 -0.941536
    outer loop
      vertex 8.42095 -4.2 -6.98373
      vertex 8.31931 -6 -6.94736
      vertex 8.31931 -4.2 -6.94736
    endloop
  endfacet
  facet normal -0.146737 0 -0.989176
    outer loop
      vertex 8.10782 4.2 -6.9053
      vertex 8.2146 6 -6.92114
      vertex 8.2146 4.2 -6.92114
    endloop
  endfacet
  facet normal -0.146737 0 -0.989176
    outer loop
      vertex 8.2146 6 -6.92114
      vertex 8.10782 4.2 -6.9053
      vertex 8.10782 6 -6.9053
    endloop
  endfacet
  facet normal -0.146737 0 -0.989176
    outer loop
      vertex 8.10782 -6 -6.9053
      vertex 8.2146 -4.2 -6.92114
      vertex 8.2146 -6 -6.92114
    endloop
  endfacet
  facet normal -0.146737 0 -0.989176
    outer loop
      vertex 8.2146 -4.2 -6.92114
      vertex 8.10782 -6 -6.9053
      vertex 8.10782 -4.2 -6.9053
    endloop
  endfacet
  facet normal 0.336911 0 -0.941536
    outer loop
      vertex 7.57905 4.2 -6.98373
      vertex 7.68069 6 -6.94736
      vertex 7.68069 4.2 -6.94736
    endloop
  endfacet
  facet normal 0.336911 0 -0.941536
    outer loop
      vertex 7.68069 6 -6.94736
      vertex 7.57905 4.2 -6.98373
      vertex 7.57905 6 -6.98373
    endloop
  endfacet
  facet normal 0.336911 0 -0.941536
    outer loop
      vertex 7.57905 -6 -6.98373
      vertex 7.68069 -4.2 -6.94736
      vertex 7.68069 -6 -6.94736
    endloop
  endfacet
  facet normal 0.336911 0 -0.941536
    outer loop
      vertex 7.68069 -4.2 -6.94736
      vertex 7.57905 -6 -6.98373
      vertex 7.57905 -4.2 -6.98373
    endloop
  endfacet
  facet normal -0.242993 0 0.970028
    outer loop
      vertex 8.2146 6 -9.07886
      vertex 8.31931 4.2 -9.05263
      vertex 8.31931 6 -9.05263
    endloop
  endfacet
  facet normal -0.242993 0 0.970028
    outer loop
      vertex 8.31931 4.2 -9.05263
      vertex 8.2146 6 -9.07886
      vertex 8.2146 4.2 -9.07886
    endloop
  endfacet
  facet normal -0.242993 0 0.970028
    outer loop
      vertex 8.2146 -4.2 -9.07886
      vertex 8.31931 -6 -9.05263
      vertex 8.31931 -4.2 -9.05263
    endloop
  endfacet
  facet normal -0.242993 0 0.970028
    outer loop
      vertex 8.31931 -6 -9.05263
      vertex 8.2146 -4.2 -9.07886
      vertex 8.2146 -6 -9.07886
    endloop
  endfacet
  facet normal -0.941566 0 -0.336829
    outer loop
      vertex 9.05263 4.2 -7.68069
      vertex 9.01627 6 -7.57905
      vertex 9.05263 6 -7.68069
    endloop
  endfacet
  facet normal -0.941566 -0 -0.336829
    outer loop
      vertex 9.01627 6 -7.57905
      vertex 9.05263 4.2 -7.68069
      vertex 9.01627 4.2 -7.57905
    endloop
  endfacet
  facet normal -0.941566 0 -0.336829
    outer loop
      vertex 9.05263 -6 -7.68069
      vertex 9.01627 -4.2 -7.57905
      vertex 9.05263 -4.2 -7.68069
    endloop
  endfacet
  facet normal -0.941566 -0 -0.336829
    outer loop
      vertex 9.01627 -4.2 -7.57905
      vertex 9.05263 -6 -7.68069
      vertex 9.01627 -6 -7.57905
    endloop
  endfacet
  facet normal 0.51406 0 -0.857754
    outer loop
      vertex 7.38887 4.2 -7.08538
      vertex 7.48146 6 -7.02989
      vertex 7.48146 4.2 -7.02989
    endloop
  endfacet
  facet normal 0.51406 0 -0.857754
    outer loop
      vertex 7.48146 6 -7.02989
      vertex 7.38887 4.2 -7.08538
      vertex 7.38887 6 -7.08538
    endloop
  endfacet
  facet normal 0.51406 0 -0.857754
    outer loop
      vertex 7.38887 -6 -7.08538
      vertex 7.48146 -4.2 -7.02989
      vertex 7.48146 -6 -7.02989
    endloop
  endfacet
  facet normal 0.51406 0 -0.857754
    outer loop
      vertex 7.48146 -4.2 -7.02989
      vertex 7.38887 -6 -7.08538
      vertex 7.38887 -4.2 -7.08538
    endloop
  endfacet
  facet normal 0.989176 -0 0.146737
    outer loop
      vertex 6.9053 4.2 -8.10782
      vertex 6.92114 6 -8.2146
      vertex 6.9053 6 -8.10782
    endloop
  endfacet
  facet normal 0.989176 0 0.146737
    outer loop
      vertex 6.92114 6 -8.2146
      vertex 6.9053 4.2 -8.10782
      vertex 6.92114 4.2 -8.2146
    endloop
  endfacet
  facet normal 0.989176 -0 0.146737
    outer loop
      vertex 6.9053 -6 -8.10782
      vertex 6.92114 -4.2 -8.2146
      vertex 6.9053 -4.2 -8.10782
    endloop
  endfacet
  facet normal 0.989176 0 0.146737
    outer loop
      vertex 6.92114 -4.2 -8.2146
      vertex 6.9053 -6 -8.10782
      vertex 6.92114 -6 -8.2146
    endloop
  endfacet
  facet normal 0.740991 0 -0.671515
    outer loop
      vertex 7.22218 4.2 -7.22218
      vertex 7.14969 6 -7.30217
      vertex 7.22218 6 -7.22218
    endloop
  endfacet
  facet normal 0.740991 0 -0.671515
    outer loop
      vertex 7.14969 6 -7.30217
      vertex 7.22218 4.2 -7.22218
      vertex 7.14969 4.2 -7.30217
    endloop
  endfacet
  facet normal 0.740991 0 -0.671515
    outer loop
      vertex 7.22218 -6 -7.22218
      vertex 7.14969 -4.2 -7.30217
      vertex 7.22218 -4.2 -7.22218
    endloop
  endfacet
  facet normal 0.740991 0 -0.671515
    outer loop
      vertex 7.14969 -4.2 -7.30217
      vertex 7.22218 -6 -7.22218
      vertex 7.14969 -6 -7.30217
    endloop
  endfacet
  facet normal 0.97005 0 -0.242906
    outer loop
      vertex 6.94736 4.2 -7.68069
      vertex 6.92114 6 -7.7854
      vertex 6.94736 6 -7.68069
    endloop
  endfacet
  facet normal 0.97005 0 -0.242906
    outer loop
      vertex 6.92114 6 -7.7854
      vertex 6.94736 4.2 -7.68069
      vertex 6.92114 4.2 -7.7854
    endloop
  endfacet
  facet normal 0.97005 0 -0.242906
    outer loop
      vertex 6.94736 -6 -7.68069
      vertex 6.92114 -4.2 -7.7854
      vertex 6.94736 -4.2 -7.68069
    endloop
  endfacet
  facet normal 0.97005 0 -0.242906
    outer loop
      vertex 6.92114 -4.2 -7.7854
      vertex 6.94736 -6 -7.68069
      vertex 6.92114 -6 -7.7854
    endloop
  endfacet
  facet normal -0.427581 0 -0.903977
    outer loop
      vertex 8.42095 4.2 -6.98373
      vertex 8.51854 6 -7.02989
      vertex 8.51854 4.2 -7.02989
    endloop
  endfacet
  facet normal -0.427581 0 -0.903977
    outer loop
      vertex 8.51854 6 -7.02989
      vertex 8.42095 4.2 -6.98373
      vertex 8.42095 6 -6.98373
    endloop
  endfacet
  facet normal -0.427581 0 -0.903977
    outer loop
      vertex 8.42095 -6 -6.98373
      vertex 8.51854 -4.2 -7.02989
      vertex 8.51854 -6 -7.02989
    endloop
  endfacet
  facet normal -0.427581 0 -0.903977
    outer loop
      vertex 8.51854 -4.2 -7.02989
      vertex 8.42095 -6 -6.98373
      vertex 8.42095 -4.2 -6.98373
    endloop
  endfacet
  facet normal 0.0490967 0 -0.998794
    outer loop
      vertex 7.89218 4.2 -6.9053
      vertex 8 6 -6.9
      vertex 8 4.2 -6.9
    endloop
  endfacet
  facet normal 0.0490967 0 -0.998794
    outer loop
      vertex 8 6 -6.9
      vertex 7.89218 4.2 -6.9053
      vertex 7.89218 6 -6.9053
    endloop
  endfacet
  facet normal 0.0490967 0 -0.998794
    outer loop
      vertex 7.89218 -6 -6.9053
      vertex 8 -4.2 -6.9
      vertex 8 -6 -6.9
    endloop
  endfacet
  facet normal 0.0490967 0 -0.998794
    outer loop
      vertex 8 -4.2 -6.9
      vertex 7.89218 -6 -6.9053
      vertex 7.89218 -4.2 -6.9053
    endloop
  endfacet
  facet normal -0.146737 0 0.989176
    outer loop
      vertex 8.10782 6 -9.0947
      vertex 8.2146 4.2 -9.07886
      vertex 8.2146 6 -9.07886
    endloop
  endfacet
  facet normal -0.146737 0 0.989176
    outer loop
      vertex 8.2146 4.2 -9.07886
      vertex 8.10782 6 -9.0947
      vertex 8.10782 4.2 -9.0947
    endloop
  endfacet
  facet normal -0.146737 0 0.989176
    outer loop
      vertex 8.10782 -4.2 -9.0947
      vertex 8.2146 -6 -9.07886
      vertex 8.2146 -4.2 -9.07886
    endloop
  endfacet
  facet normal -0.146737 0 0.989176
    outer loop
      vertex 8.2146 -6 -9.07886
      vertex 8.10782 -4.2 -9.0947
      vertex 8.10782 -6 -9.0947
    endloop
  endfacet
  facet normal -0.803168 0 0.595752
    outer loop
      vertex 8.85031 4.2 -8.69783
      vertex 8.91462 6 -8.61113
      vertex 8.85031 6 -8.69783
    endloop
  endfacet
  facet normal -0.803168 0 0.595752
    outer loop
      vertex 8.91462 6 -8.61113
      vertex 8.85031 4.2 -8.69783
      vertex 8.91462 4.2 -8.61113
    endloop
  endfacet
  facet normal -0.803168 0 0.595752
    outer loop
      vertex 8.85031 -6 -8.69783
      vertex 8.91462 -4.2 -8.61113
      vertex 8.85031 -4.2 -8.69783
    endloop
  endfacet
  facet normal -0.803168 0 0.595752
    outer loop
      vertex 8.91462 -4.2 -8.61113
      vertex 8.85031 -6 -8.69783
      vertex 8.91462 -6 -8.61113
    endloop
  endfacet
  facet normal 0.803168 -0 0.595752
    outer loop
      vertex 7.08538 4.2 -8.61113
      vertex 7.14969 6 -8.69783
      vertex 7.08538 6 -8.61113
    endloop
  endfacet
  facet normal 0.803168 0 0.595752
    outer loop
      vertex 7.14969 6 -8.69783
      vertex 7.08538 4.2 -8.61113
      vertex 7.14969 4.2 -8.69783
    endloop
  endfacet
  facet normal 0.803168 -0 0.595752
    outer loop
      vertex 7.08538 -6 -8.61113
      vertex 7.14969 -4.2 -8.69783
      vertex 7.08538 -4.2 -8.61113
    endloop
  endfacet
  facet normal 0.803168 0 0.595752
    outer loop
      vertex 7.14969 -4.2 -8.69783
      vertex 7.08538 -6 -8.61113
      vertex 7.14969 -6 -8.69783
    endloop
  endfacet
  facet normal 0.146737 0 -0.989176
    outer loop
      vertex 7.7854 4.2 -6.92114
      vertex 7.89218 6 -6.9053
      vertex 7.89218 4.2 -6.9053
    endloop
  endfacet
  facet normal 0.146737 0 -0.989176
    outer loop
      vertex 7.89218 6 -6.9053
      vertex 7.7854 4.2 -6.92114
      vertex 7.7854 6 -6.92114
    endloop
  endfacet
  facet normal 0.146737 0 -0.989176
    outer loop
      vertex 7.7854 -6 -6.92114
      vertex 7.89218 -4.2 -6.9053
      vertex 7.89218 -6 -6.9053
    endloop
  endfacet
  facet normal 0.146737 0 -0.989176
    outer loop
      vertex 7.89218 -4.2 -6.9053
      vertex 7.7854 -6 -6.92114
      vertex 7.7854 -4.2 -6.92114
    endloop
  endfacet
  facet normal 0.989176 0 -0.146737
    outer loop
      vertex 6.92114 4.2 -7.7854
      vertex 6.9053 6 -7.89218
      vertex 6.92114 6 -7.7854
    endloop
  endfacet
  facet normal 0.989176 0 -0.146737
    outer loop
      vertex 6.9053 6 -7.89218
      vertex 6.92114 4.2 -7.7854
      vertex 6.9053 4.2 -7.89218
    endloop
  endfacet
  facet normal 0.989176 0 -0.146737
    outer loop
      vertex 6.92114 -6 -7.7854
      vertex 6.9053 -4.2 -7.89218
      vertex 6.92114 -4.2 -7.7854
    endloop
  endfacet
  facet normal 0.989176 0 -0.146737
    outer loop
      vertex 6.9053 -4.2 -7.89218
      vertex 6.92114 -6 -7.7854
      vertex 6.9053 -6 -7.89218
    endloop
  endfacet
  facet normal 0.941536 -0 0.336911
    outer loop
      vertex 6.94736 4.2 -8.31931
      vertex 6.98373 6 -8.42095
      vertex 6.94736 6 -8.31931
    endloop
  endfacet
  facet normal 0.941536 0 0.336911
    outer loop
      vertex 6.98373 6 -8.42095
      vertex 6.94736 4.2 -8.31931
      vertex 6.98373 4.2 -8.42095
    endloop
  endfacet
  facet normal 0.941536 -0 0.336911
    outer loop
      vertex 6.94736 -6 -8.31931
      vertex 6.98373 -4.2 -8.42095
      vertex 6.94736 -4.2 -8.31931
    endloop
  endfacet
  facet normal 0.941536 0 0.336911
    outer loop
      vertex 6.98373 -4.2 -8.42095
      vertex 6.94736 -6 -8.31931
      vertex 6.98373 -6 -8.42095
    endloop
  endfacet
  facet normal -0.998794 0 0.0490967
    outer loop
      vertex 9.0947 4.2 -8.10782
      vertex 9.1 6 -8
      vertex 9.0947 6 -8.10782
    endloop
  endfacet
  facet normal -0.998794 0 0.0490967
    outer loop
      vertex 9.1 6 -8
      vertex 9.0947 4.2 -8.10782
      vertex 9.1 4.2 -8
    endloop
  endfacet
  facet normal -0.998794 0 0.0490967
    outer loop
      vertex 9.0947 -6 -8.10782
      vertex 9.1 -4.2 -8
      vertex 9.0947 -4.2 -8.10782
    endloop
  endfacet
  facet normal -0.998794 0 0.0490967
    outer loop
      vertex 9.1 -4.2 -8
      vertex 9.0947 -6 -8.10782
      vertex 9.1 -6 -8
    endloop
  endfacet
  facet normal -0.427581 0 0.903977
    outer loop
      vertex 8.42095 6 -9.01627
      vertex 8.51854 4.2 -8.97011
      vertex 8.51854 6 -8.97011
    endloop
  endfacet
  facet normal -0.427581 0 0.903977
    outer loop
      vertex 8.51854 4.2 -8.97011
      vertex 8.42095 6 -9.01627
      vertex 8.42095 4.2 -9.01627
    endloop
  endfacet
  facet normal -0.427581 0 0.903977
    outer loop
      vertex 8.42095 -4.2 -9.01627
      vertex 8.51854 -6 -8.97011
      vertex 8.51854 -4.2 -8.97011
    endloop
  endfacet
  facet normal -0.427581 0 0.903977
    outer loop
      vertex 8.51854 -6 -8.97011
      vertex 8.42095 -4.2 -9.01627
      vertex 8.42095 -6 -9.01627
    endloop
  endfacet
  facet normal 0.242993 0 0.970028
    outer loop
      vertex 7.68069 6 -9.05263
      vertex 7.7854 4.2 -9.07886
      vertex 7.7854 6 -9.07886
    endloop
  endfacet
  facet normal 0.242993 0 0.970028
    outer loop
      vertex 7.7854 4.2 -9.07886
      vertex 7.68069 6 -9.05263
      vertex 7.68069 4.2 -9.05263
    endloop
  endfacet
  facet normal 0.242993 0 0.970028
    outer loop
      vertex 7.68069 -4.2 -9.05263
      vertex 7.7854 -6 -9.07886
      vertex 7.7854 -4.2 -9.07886
    endloop
  endfacet
  facet normal 0.242993 0 0.970028
    outer loop
      vertex 7.7854 -6 -9.07886
      vertex 7.68069 -4.2 -9.05263
      vertex 7.68069 -6 -9.05263
    endloop
  endfacet
  facet normal -0.857754 0 -0.51406
    outer loop
      vertex 8.97011 4.2 -7.48146
      vertex 8.91462 6 -7.38887
      vertex 8.97011 6 -7.48146
    endloop
  endfacet
  facet normal -0.857754 -0 -0.51406
    outer loop
      vertex 8.91462 6 -7.38887
      vertex 8.97011 4.2 -7.48146
      vertex 8.91462 4.2 -7.38887
    endloop
  endfacet
  facet normal -0.857754 0 -0.51406
    outer loop
      vertex 8.97011 -6 -7.48146
      vertex 8.91462 -4.2 -7.38887
      vertex 8.97011 -4.2 -7.48146
    endloop
  endfacet
  facet normal -0.857754 -0 -0.51406
    outer loop
      vertex 8.91462 -4.2 -7.38887
      vertex 8.97011 -6 -7.48146
      vertex 8.91462 -6 -7.38887
    endloop
  endfacet
  facet normal 0.242906 0 -0.97005
    outer loop
      vertex 7.68069 4.2 -6.94736
      vertex 7.7854 6 -6.92114
      vertex 7.7854 4.2 -6.92114
    endloop
  endfacet
  facet normal 0.242906 0 -0.97005
    outer loop
      vertex 7.7854 6 -6.92114
      vertex 7.68069 4.2 -6.94736
      vertex 7.68069 6 -6.94736
    endloop
  endfacet
  facet normal 0.242906 0 -0.97005
    outer loop
      vertex 7.68069 -6 -6.94736
      vertex 7.7854 -4.2 -6.92114
      vertex 7.7854 -6 -6.92114
    endloop
  endfacet
  facet normal 0.242906 0 -0.97005
    outer loop
      vertex 7.7854 -4.2 -6.92114
      vertex 7.68069 -6 -6.94736
      vertex 7.68069 -4.2 -6.94736
    endloop
  endfacet
  facet normal -0.0490967 0 0.998794
    outer loop
      vertex 8 6 -9.1
      vertex 8.10782 4.2 -9.0947
      vertex 8.10782 6 -9.0947
    endloop
  endfacet
  facet normal -0.0490967 0 0.998794
    outer loop
      vertex 8.10782 4.2 -9.0947
      vertex 8 6 -9.1
      vertex 8 4.2 -9.1
    endloop
  endfacet
  facet normal -0.0490967 0 0.998794
    outer loop
      vertex 8 -4.2 -9.1
      vertex 8.10782 -6 -9.0947
      vertex 8.10782 -4.2 -9.0947
    endloop
  endfacet
  facet normal -0.0490967 0 0.998794
    outer loop
      vertex 8.10782 -6 -9.0947
      vertex 8 -4.2 -9.1
      vertex 8 -6 -9.1
    endloop
  endfacet
  facet normal -0.803168 0 -0.595752
    outer loop
      vertex 8.91462 4.2 -7.38887
      vertex 8.85031 6 -7.30217
      vertex 8.91462 6 -7.38887
    endloop
  endfacet
  facet normal -0.803168 -0 -0.595752
    outer loop
      vertex 8.85031 6 -7.30217
      vertex 8.91462 4.2 -7.38887
      vertex 8.85031 4.2 -7.30217
    endloop
  endfacet
  facet normal -0.803168 0 -0.595752
    outer loop
      vertex 8.91462 -6 -7.38887
      vertex 8.85031 -4.2 -7.30217
      vertex 8.91462 -4.2 -7.38887
    endloop
  endfacet
  facet normal -0.803168 -0 -0.595752
    outer loop
      vertex 8.85031 -4.2 -7.30217
      vertex 8.91462 -6 -7.38887
      vertex 8.85031 -6 -7.30217
    endloop
  endfacet
  facet normal 0.903977 -0 0.427581
    outer loop
      vertex 6.98373 4.2 -8.42095
      vertex 7.02989 6 -8.51854
      vertex 6.98373 6 -8.42095
    endloop
  endfacet
  facet normal 0.903977 0 0.427581
    outer loop
      vertex 7.02989 6 -8.51854
      vertex 6.98373 4.2 -8.42095
      vertex 7.02989 4.2 -8.51854
    endloop
  endfacet
  facet normal 0.903977 -0 0.427581
    outer loop
      vertex 6.98373 -6 -8.42095
      vertex 7.02989 -4.2 -8.51854
      vertex 6.98373 -4.2 -8.42095
    endloop
  endfacet
  facet normal 0.903977 0 0.427581
    outer loop
      vertex 7.02989 -4.2 -8.51854
      vertex 6.98373 -6 -8.42095
      vertex 7.02989 -6 -8.51854
    endloop
  endfacet
  facet normal 0.336829 0 0.941566
    outer loop
      vertex 7.57905 6 -9.01627
      vertex 7.68069 4.2 -9.05263
      vertex 7.68069 6 -9.05263
    endloop
  endfacet
  facet normal 0.336829 0 0.941566
    outer loop
      vertex 7.68069 4.2 -9.05263
      vertex 7.57905 6 -9.01627
      vertex 7.57905 4.2 -9.01627
    endloop
  endfacet
  facet normal 0.336829 0 0.941566
    outer loop
      vertex 7.57905 -4.2 -9.01627
      vertex 7.68069 -6 -9.05263
      vertex 7.68069 -4.2 -9.05263
    endloop
  endfacet
  facet normal 0.336829 0 0.941566
    outer loop
      vertex 7.68069 -6 -9.05263
      vertex 7.57905 -4.2 -9.01627
      vertex 7.57905 -6 -9.01627
    endloop
  endfacet
  facet normal 0.427581 0 0.903977
    outer loop
      vertex 7.48146 6 -8.97011
      vertex 7.57905 4.2 -9.01627
      vertex 7.57905 6 -9.01627
    endloop
  endfacet
  facet normal 0.427581 0 0.903977
    outer loop
      vertex 7.57905 4.2 -9.01627
      vertex 7.48146 6 -8.97011
      vertex 7.48146 4.2 -8.97011
    endloop
  endfacet
  facet normal 0.427581 0 0.903977
    outer loop
      vertex 7.48146 -4.2 -8.97011
      vertex 7.57905 -6 -9.01627
      vertex 7.57905 -4.2 -9.01627
    endloop
  endfacet
  facet normal 0.427581 0 0.903977
    outer loop
      vertex 7.57905 -6 -9.01627
      vertex 7.48146 -4.2 -8.97011
      vertex 7.48146 -6 -8.97011
    endloop
  endfacet
  facet normal 0.998794 0 -0.0490967
    outer loop
      vertex 6.9053 4.2 -7.89218
      vertex 6.9 6 -8
      vertex 6.9053 6 -7.89218
    endloop
  endfacet
  facet normal 0.998794 0 -0.0490967
    outer loop
      vertex 6.9 6 -8
      vertex 6.9053 4.2 -7.89218
      vertex 6.9 4.2 -8
    endloop
  endfacet
  facet normal 0.998794 0 -0.0490967
    outer loop
      vertex 6.9053 -6 -7.89218
      vertex 6.9 -4.2 -8
      vertex 6.9053 -4.2 -7.89218
    endloop
  endfacet
  facet normal 0.998794 0 -0.0490967
    outer loop
      vertex 6.9 -4.2 -8
      vertex 6.9053 -6 -7.89218
      vertex 6.9 -6 -8
    endloop
  endfacet
  facet normal -0.336829 0 0.941566
    outer loop
      vertex 8.31931 6 -9.05263
      vertex 8.42095 4.2 -9.01627
      vertex 8.42095 6 -9.01627
    endloop
  endfacet
  facet normal -0.336829 0 0.941566
    outer loop
      vertex 8.42095 4.2 -9.01627
      vertex 8.31931 6 -9.05263
      vertex 8.31931 4.2 -9.05263
    endloop
  endfacet
  facet normal -0.336829 0 0.941566
    outer loop
      vertex 8.31931 -4.2 -9.05263
      vertex 8.42095 -6 -9.01627
      vertex 8.42095 -4.2 -9.01627
    endloop
  endfacet
  facet normal -0.336829 0 0.941566
    outer loop
      vertex 8.42095 -6 -9.01627
      vertex 8.31931 -4.2 -9.05263
      vertex 8.31931 -6 -9.05263
    endloop
  endfacet
  facet normal -0.941566 0 0.336829
    outer loop
      vertex 9.01627 4.2 -8.42095
      vertex 9.05263 6 -8.31931
      vertex 9.01627 6 -8.42095
    endloop
  endfacet
  facet normal -0.941566 0 0.336829
    outer loop
      vertex 9.05263 6 -8.31931
      vertex 9.01627 4.2 -8.42095
      vertex 9.05263 4.2 -8.31931
    endloop
  endfacet
  facet normal -0.941566 0 0.336829
    outer loop
      vertex 9.01627 -6 -8.42095
      vertex 9.05263 -4.2 -8.31931
      vertex 9.01627 -4.2 -8.42095
    endloop
  endfacet
  facet normal -0.941566 0 0.336829
    outer loop
      vertex 9.05263 -4.2 -8.31931
      vertex 9.01627 -6 -8.42095
      vertex 9.05263 -6 -8.31931
    endloop
  endfacet
  facet normal -0.970028 0 0.242993
    outer loop
      vertex 9.05263 4.2 -8.31931
      vertex 9.07886 6 -8.2146
      vertex 9.05263 6 -8.31931
    endloop
  endfacet
  facet normal -0.970028 0 0.242993
    outer loop
      vertex 9.07886 6 -8.2146
      vertex 9.05263 4.2 -8.31931
      vertex 9.07886 4.2 -8.2146
    endloop
  endfacet
  facet normal -0.970028 0 0.242993
    outer loop
      vertex 9.05263 -6 -8.31931
      vertex 9.07886 -4.2 -8.2146
      vertex 9.05263 -4.2 -8.31931
    endloop
  endfacet
  facet normal -0.970028 0 0.242993
    outer loop
      vertex 9.07886 -4.2 -8.2146
      vertex 9.05263 -6 -8.31931
      vertex 9.07886 -6 -8.2146
    endloop
  endfacet
  facet normal -0.740991 0 0.671515
    outer loop
      vertex 8.77782 4.2 -8.77782
      vertex 8.85031 6 -8.69783
      vertex 8.77782 6 -8.77782
    endloop
  endfacet
  facet normal -0.740991 0 0.671515
    outer loop
      vertex 8.85031 6 -8.69783
      vertex 8.77782 4.2 -8.77782
      vertex 8.85031 4.2 -8.69783
    endloop
  endfacet
  facet normal -0.740991 0 0.671515
    outer loop
      vertex 8.77782 -6 -8.77782
      vertex 8.85031 -4.2 -8.69783
      vertex 8.77782 -4.2 -8.77782
    endloop
  endfacet
  facet normal -0.740991 0 0.671515
    outer loop
      vertex 8.85031 -4.2 -8.69783
      vertex 8.77782 -6 -8.77782
      vertex 8.85031 -6 -8.69783
    endloop
  endfacet
  facet normal -0.51406 0 -0.857754
    outer loop
      vertex 8.51854 4.2 -7.02989
      vertex 8.61113 6 -7.08538
      vertex 8.61113 4.2 -7.08538
    endloop
  endfacet
  facet normal -0.51406 0 -0.857754
    outer loop
      vertex 8.61113 6 -7.08538
      vertex 8.51854 4.2 -7.02989
      vertex 8.51854 6 -7.02989
    endloop
  endfacet
  facet normal -0.51406 0 -0.857754
    outer loop
      vertex 8.51854 -6 -7.02989
      vertex 8.61113 -4.2 -7.08538
      vertex 8.61113 -6 -7.08538
    endloop
  endfacet
  facet normal -0.51406 0 -0.857754
    outer loop
      vertex 8.61113 -4.2 -7.08538
      vertex 8.51854 -6 -7.02989
      vertex 8.51854 -4.2 -7.02989
    endloop
  endfacet
  facet normal 0.0490967 0 0.998794
    outer loop
      vertex 7.89218 6 -9.0947
      vertex 8 4.2 -9.1
      vertex 8 6 -9.1
    endloop
  endfacet
  facet normal 0.0490967 0 0.998794
    outer loop
      vertex 8 4.2 -9.1
      vertex 7.89218 6 -9.0947
      vertex 7.89218 4.2 -9.0947
    endloop
  endfacet
  facet normal 0.0490967 0 0.998794
    outer loop
      vertex 7.89218 -4.2 -9.0947
      vertex 8 -6 -9.1
      vertex 8 -4.2 -9.1
    endloop
  endfacet
  facet normal 0.0490967 0 0.998794
    outer loop
      vertex 8 -6 -9.1
      vertex 7.89218 -4.2 -9.0947
      vertex 7.89218 -6 -9.0947
    endloop
  endfacet
  facet normal 0.97005 -0 0.242906
    outer loop
      vertex 6.92114 4.2 -8.2146
      vertex 6.94736 6 -8.31931
      vertex 6.92114 6 -8.2146
    endloop
  endfacet
  facet normal 0.97005 0 0.242906
    outer loop
      vertex 6.94736 6 -8.31931
      vertex 6.92114 4.2 -8.2146
      vertex 6.94736 4.2 -8.31931
    endloop
  endfacet
  facet normal 0.97005 -0 0.242906
    outer loop
      vertex 6.92114 -6 -8.2146
      vertex 6.94736 -4.2 -8.31931
      vertex 6.92114 -4.2 -8.2146
    endloop
  endfacet
  facet normal 0.97005 0 0.242906
    outer loop
      vertex 6.94736 -4.2 -8.31931
      vertex 6.92114 -6 -8.2146
      vertex 6.94736 -6 -8.31931
    endloop
  endfacet
  facet normal -0.903977 0 -0.427581
    outer loop
      vertex 9.01627 4.2 -7.57905
      vertex 8.97011 6 -7.48146
      vertex 9.01627 6 -7.57905
    endloop
  endfacet
  facet normal -0.903977 -0 -0.427581
    outer loop
      vertex 8.97011 6 -7.48146
      vertex 9.01627 4.2 -7.57905
      vertex 8.97011 4.2 -7.48146
    endloop
  endfacet
  facet normal -0.903977 0 -0.427581
    outer loop
      vertex 9.01627 -6 -7.57905
      vertex 8.97011 -4.2 -7.48146
      vertex 9.01627 -4.2 -7.57905
    endloop
  endfacet
  facet normal -0.903977 -0 -0.427581
    outer loop
      vertex 8.97011 -4.2 -7.48146
      vertex 9.01627 -6 -7.57905
      vertex 8.97011 -6 -7.48146
    endloop
  endfacet
  facet normal -0.0490967 0 -0.998794
    outer loop
      vertex 8 4.2 -6.9
      vertex 8.10782 6 -6.9053
      vertex 8.10782 4.2 -6.9053
    endloop
  endfacet
  facet normal -0.0490967 0 -0.998794
    outer loop
      vertex 8.10782 6 -6.9053
      vertex 8 4.2 -6.9
      vertex 8 6 -6.9
    endloop
  endfacet
  facet normal -0.0490967 0 -0.998794
    outer loop
      vertex 8 -6 -6.9
      vertex 8.10782 -4.2 -6.9053
      vertex 8.10782 -6 -6.9053
    endloop
  endfacet
  facet normal -0.0490967 0 -0.998794
    outer loop
      vertex 8.10782 -4.2 -6.9053
      vertex 8 -6 -6.9
      vertex 8 -4.2 -6.9
    endloop
  endfacet
  facet normal -0.989176 0 0.146737
    outer loop
      vertex 9.07886 4.2 -8.2146
      vertex 9.0947 6 -8.10782
      vertex 9.07886 6 -8.2146
    endloop
  endfacet
  facet normal -0.989176 0 0.146737
    outer loop
      vertex 9.0947 6 -8.10782
      vertex 9.07886 4.2 -8.2146
      vertex 9.0947 4.2 -8.10782
    endloop
  endfacet
  facet normal -0.989176 0 0.146737
    outer loop
      vertex 9.07886 -6 -8.2146
      vertex 9.0947 -4.2 -8.10782
      vertex 9.07886 -4.2 -8.2146
    endloop
  endfacet
  facet normal -0.989176 0 0.146737
    outer loop
      vertex 9.0947 -4.2 -8.10782
      vertex 9.07886 -6 -8.2146
      vertex 9.0947 -6 -8.10782
    endloop
  endfacet
  facet normal 0.671515 0 0.740991
    outer loop
      vertex 7.22218 6 -8.77782
      vertex 7.30217 4.2 -8.85031
      vertex 7.30217 6 -8.85031
    endloop
  endfacet
  facet normal 0.671515 0 0.740991
    outer loop
      vertex 7.30217 4.2 -8.85031
      vertex 7.22218 6 -8.77782
      vertex 7.22218 4.2 -8.77782
    endloop
  endfacet
  facet normal 0.671515 0 0.740991
    outer loop
      vertex 7.22218 -4.2 -8.77782
      vertex 7.30217 -6 -8.85031
      vertex 7.30217 -4.2 -8.85031
    endloop
  endfacet
  facet normal 0.671515 0 0.740991
    outer loop
      vertex 7.30217 -6 -8.85031
      vertex 7.22218 -4.2 -8.77782
      vertex 7.22218 -6 -8.77782
    endloop
  endfacet
  facet normal 0.941536 0 -0.336911
    outer loop
      vertex 6.98373 4.2 -7.57905
      vertex 6.94736 6 -7.68069
      vertex 6.98373 6 -7.57905
    endloop
  endfacet
  facet normal 0.941536 0 -0.336911
    outer loop
      vertex 6.94736 6 -7.68069
      vertex 6.98373 4.2 -7.57905
      vertex 6.94736 4.2 -7.68069
    endloop
  endfacet
  facet normal 0.941536 0 -0.336911
    outer loop
      vertex 6.98373 -6 -7.57905
      vertex 6.94736 -4.2 -7.68069
      vertex 6.98373 -4.2 -7.57905
    endloop
  endfacet
  facet normal 0.941536 0 -0.336911
    outer loop
      vertex 6.94736 -4.2 -7.68069
      vertex 6.98373 -6 -7.57905
      vertex 6.94736 -6 -7.68069
    endloop
  endfacet
  facet normal 0.595752 0 0.803168
    outer loop
      vertex 7.30217 6 -8.85031
      vertex 7.38887 4.2 -8.91462
      vertex 7.38887 6 -8.91462
    endloop
  endfacet
  facet normal 0.595752 0 0.803168
    outer loop
      vertex 7.38887 4.2 -8.91462
      vertex 7.30217 6 -8.85031
      vertex 7.30217 4.2 -8.85031
    endloop
  endfacet
  facet normal 0.595752 0 0.803168
    outer loop
      vertex 7.30217 -4.2 -8.85031
      vertex 7.38887 -6 -8.91462
      vertex 7.38887 -4.2 -8.91462
    endloop
  endfacet
  facet normal 0.595752 0 0.803168
    outer loop
      vertex 7.38887 -6 -8.91462
      vertex 7.30217 -4.2 -8.85031
      vertex 7.30217 -6 -8.85031
    endloop
  endfacet
  facet normal -0.857754 0 0.51406
    outer loop
      vertex 8.91462 4.2 -8.61113
      vertex 8.97011 6 -8.51854
      vertex 8.91462 6 -8.61113
    endloop
  endfacet
  facet normal -0.857754 0 0.51406
    outer loop
      vertex 8.97011 6 -8.51854
      vertex 8.91462 4.2 -8.61113
      vertex 8.97011 4.2 -8.51854
    endloop
  endfacet
  facet normal -0.857754 0 0.51406
    outer loop
      vertex 8.91462 -6 -8.61113
      vertex 8.97011 -4.2 -8.51854
      vertex 8.91462 -4.2 -8.61113
    endloop
  endfacet
  facet normal -0.857754 0 0.51406
    outer loop
      vertex 8.97011 -4.2 -8.51854
      vertex 8.91462 -6 -8.61113
      vertex 8.97011 -6 -8.51854
    endloop
  endfacet
  facet normal -0.671515 0 -0.740991
    outer loop
      vertex 8.69783 4.2 -7.14969
      vertex 8.77782 6 -7.22218
      vertex 8.77782 4.2 -7.22218
    endloop
  endfacet
  facet normal -0.671515 0 -0.740991
    outer loop
      vertex 8.77782 6 -7.22218
      vertex 8.69783 4.2 -7.14969
      vertex 8.69783 6 -7.14969
    endloop
  endfacet
  facet normal -0.671515 0 -0.740991
    outer loop
      vertex 8.69783 -6 -7.14969
      vertex 8.77782 -4.2 -7.22218
      vertex 8.77782 -6 -7.22218
    endloop
  endfacet
  facet normal -0.671515 0 -0.740991
    outer loop
      vertex 8.77782 -4.2 -7.22218
      vertex 8.69783 -6 -7.14969
      vertex 8.69783 -4.2 -7.14969
    endloop
  endfacet
  facet normal 0.671515 0 -0.740991
    outer loop
      vertex 7.22218 4.2 -7.22218
      vertex 7.30217 6 -7.14969
      vertex 7.30217 4.2 -7.14969
    endloop
  endfacet
  facet normal 0.671515 0 -0.740991
    outer loop
      vertex 7.30217 6 -7.14969
      vertex 7.22218 4.2 -7.22218
      vertex 7.22218 6 -7.22218
    endloop
  endfacet
  facet normal 0.671515 0 -0.740991
    outer loop
      vertex 7.22218 -6 -7.22218
      vertex 7.30217 -4.2 -7.14969
      vertex 7.30217 -6 -7.14969
    endloop
  endfacet
  facet normal 0.671515 0 -0.740991
    outer loop
      vertex 7.30217 -4.2 -7.14969
      vertex 7.22218 -6 -7.22218
      vertex 7.22218 -4.2 -7.22218
    endloop
  endfacet
  facet normal -0.671515 0 0.740991
    outer loop
      vertex 8.69783 6 -8.85031
      vertex 8.77782 4.2 -8.77782
      vertex 8.77782 6 -8.77782
    endloop
  endfacet
  facet normal -0.671515 0 0.740991
    outer loop
      vertex 8.77782 4.2 -8.77782
      vertex 8.69783 6 -8.85031
      vertex 8.69783 4.2 -8.85031
    endloop
  endfacet
  facet normal -0.671515 0 0.740991
    outer loop
      vertex 8.69783 -4.2 -8.85031
      vertex 8.77782 -6 -8.77782
      vertex 8.77782 -4.2 -8.77782
    endloop
  endfacet
  facet normal -0.671515 0 0.740991
    outer loop
      vertex 8.77782 -6 -8.77782
      vertex 8.69783 -4.2 -8.85031
      vertex 8.69783 -6 -8.85031
    endloop
  endfacet
  facet normal -0.595752 0 0.803168
    outer loop
      vertex 8.61113 6 -8.91462
      vertex 8.69783 4.2 -8.85031
      vertex 8.69783 6 -8.85031
    endloop
  endfacet
  facet normal -0.595752 0 0.803168
    outer loop
      vertex 8.69783 4.2 -8.85031
      vertex 8.61113 6 -8.91462
      vertex 8.61113 4.2 -8.91462
    endloop
  endfacet
  facet normal -0.595752 0 0.803168
    outer loop
      vertex 8.61113 -4.2 -8.91462
      vertex 8.69783 -6 -8.85031
      vertex 8.69783 -4.2 -8.85031
    endloop
  endfacet
  facet normal -0.595752 0 0.803168
    outer loop
      vertex 8.69783 -6 -8.85031
      vertex 8.61113 -4.2 -8.91462
      vertex 8.61113 -6 -8.91462
    endloop
  endfacet
  facet normal 0.857754 0 -0.51406
    outer loop
      vertex 7.08538 4.2 -7.38887
      vertex 7.02989 6 -7.48146
      vertex 7.08538 6 -7.38887
    endloop
  endfacet
  facet normal 0.857754 0 -0.51406
    outer loop
      vertex 7.02989 6 -7.48146
      vertex 7.08538 4.2 -7.38887
      vertex 7.02989 4.2 -7.48146
    endloop
  endfacet
  facet normal 0.857754 0 -0.51406
    outer loop
      vertex 7.08538 -6 -7.38887
      vertex 7.02989 -4.2 -7.48146
      vertex 7.08538 -4.2 -7.38887
    endloop
  endfacet
  facet normal 0.857754 0 -0.51406
    outer loop
      vertex 7.02989 -4.2 -7.48146
      vertex 7.08538 -6 -7.38887
      vertex 7.02989 -6 -7.48146
    endloop
  endfacet
  facet normal 0.146737 0 0.989176
    outer loop
      vertex 7.7854 6 -9.07886
      vertex 7.89218 4.2 -9.0947
      vertex 7.89218 6 -9.0947
    endloop
  endfacet
  facet normal 0.146737 0 0.989176
    outer loop
      vertex 7.89218 4.2 -9.0947
      vertex 7.7854 6 -9.07886
      vertex 7.7854 4.2 -9.07886
    endloop
  endfacet
  facet normal 0.146737 0 0.989176
    outer loop
      vertex 7.7854 -4.2 -9.07886
      vertex 7.89218 -6 -9.0947
      vertex 7.89218 -4.2 -9.0947
    endloop
  endfacet
  facet normal 0.146737 0 0.989176
    outer loop
      vertex 7.89218 -6 -9.0947
      vertex 7.7854 -4.2 -9.07886
      vertex 7.7854 -6 -9.07886
    endloop
  endfacet
  facet normal -0.740991 0 -0.671515
    outer loop
      vertex 8.85031 4.2 -7.30217
      vertex 8.77782 6 -7.22218
      vertex 8.85031 6 -7.30217
    endloop
  endfacet
  facet normal -0.740991 -0 -0.671515
    outer loop
      vertex 8.77782 6 -7.22218
      vertex 8.85031 4.2 -7.30217
      vertex 8.77782 4.2 -7.22218
    endloop
  endfacet
  facet normal -0.740991 0 -0.671515
    outer loop
      vertex 8.85031 -6 -7.30217
      vertex 8.77782 -4.2 -7.22218
      vertex 8.85031 -4.2 -7.30217
    endloop
  endfacet
  facet normal -0.740991 -0 -0.671515
    outer loop
      vertex 8.77782 -4.2 -7.22218
      vertex 8.85031 -6 -7.30217
      vertex 8.77782 -6 -7.22218
    endloop
  endfacet
  facet normal 0.903977 0 -0.427581
    outer loop
      vertex 7.02989 4.2 -7.48146
      vertex 6.98373 6 -7.57905
      vertex 7.02989 6 -7.48146
    endloop
  endfacet
  facet normal 0.903977 0 -0.427581
    outer loop
      vertex 6.98373 6 -7.57905
      vertex 7.02989 4.2 -7.48146
      vertex 6.98373 4.2 -7.57905
    endloop
  endfacet
  facet normal 0.903977 0 -0.427581
    outer loop
      vertex 7.02989 -6 -7.48146
      vertex 6.98373 -4.2 -7.57905
      vertex 7.02989 -4.2 -7.48146
    endloop
  endfacet
  facet normal 0.903977 0 -0.427581
    outer loop
      vertex 6.98373 -4.2 -7.57905
      vertex 7.02989 -6 -7.48146
      vertex 6.98373 -6 -7.57905
    endloop
  endfacet
  facet normal -0.242906 0 -0.97005
    outer loop
      vertex 8.2146 4.2 -6.92114
      vertex 8.31931 6 -6.94736
      vertex 8.31931 4.2 -6.94736
    endloop
  endfacet
  facet normal -0.242906 0 -0.97005
    outer loop
      vertex 8.31931 6 -6.94736
      vertex 8.2146 4.2 -6.92114
      vertex 8.2146 6 -6.92114
    endloop
  endfacet
  facet normal -0.242906 0 -0.97005
    outer loop
      vertex 8.2146 -6 -6.92114
      vertex 8.31931 -4.2 -6.94736
      vertex 8.31931 -6 -6.94736
    endloop
  endfacet
  facet normal -0.242906 0 -0.97005
    outer loop
      vertex 8.31931 -4.2 -6.94736
      vertex 8.2146 -6 -6.92114
      vertex 8.2146 -4.2 -6.92114
    endloop
  endfacet
  facet normal 0.998794 -0 0.0490967
    outer loop
      vertex 6.9 4.2 -8
      vertex 6.9053 6 -8.10782
      vertex 6.9 6 -8
    endloop
  endfacet
  facet normal 0.998794 0 0.0490967
    outer loop
      vertex 6.9053 6 -8.10782
      vertex 6.9 4.2 -8
      vertex 6.9053 4.2 -8.10782
    endloop
  endfacet
  facet normal 0.998794 -0 0.0490967
    outer loop
      vertex 6.9 -6 -8
      vertex 6.9053 -4.2 -8.10782
      vertex 6.9 -4.2 -8
    endloop
  endfacet
  facet normal 0.998794 0 0.0490967
    outer loop
      vertex 6.9053 -4.2 -8.10782
      vertex 6.9 -6 -8
      vertex 6.9053 -6 -8.10782
    endloop
  endfacet
  facet normal -0.903977 0 0.427581
    outer loop
      vertex 8.97011 4.2 -8.51854
      vertex 9.01627 6 -8.42095
      vertex 8.97011 6 -8.51854
    endloop
  endfacet
  facet normal -0.903977 0 0.427581
    outer loop
      vertex 9.01627 6 -8.42095
      vertex 8.97011 4.2 -8.51854
      vertex 9.01627 4.2 -8.42095
    endloop
  endfacet
  facet normal -0.903977 0 0.427581
    outer loop
      vertex 8.97011 -6 -8.51854
      vertex 9.01627 -4.2 -8.42095
      vertex 8.97011 -4.2 -8.51854
    endloop
  endfacet
  facet normal -0.903977 0 0.427581
    outer loop
      vertex 9.01627 -4.2 -8.42095
      vertex 8.97011 -6 -8.51854
      vertex 9.01627 -6 -8.42095
    endloop
  endfacet
  facet normal 0.595752 0 -0.803168
    outer loop
      vertex 7.30217 4.2 -7.14969
      vertex 7.38887 6 -7.08538
      vertex 7.38887 4.2 -7.08538
    endloop
  endfacet
  facet normal 0.595752 0 -0.803168
    outer loop
      vertex 7.38887 6 -7.08538
      vertex 7.30217 4.2 -7.14969
      vertex 7.30217 6 -7.14969
    endloop
  endfacet
  facet normal 0.595752 0 -0.803168
    outer loop
      vertex 7.30217 -6 -7.14969
      vertex 7.38887 -4.2 -7.08538
      vertex 7.38887 -6 -7.08538
    endloop
  endfacet
  facet normal 0.595752 0 -0.803168
    outer loop
      vertex 7.38887 -4.2 -7.08538
      vertex 7.30217 -6 -7.14969
      vertex 7.30217 -4.2 -7.14969
    endloop
  endfacet
  facet normal 0.857754 -0 0.51406
    outer loop
      vertex 7.02989 4.2 -8.51854
      vertex 7.08538 6 -8.61113
      vertex 7.02989 6 -8.51854
    endloop
  endfacet
  facet normal 0.857754 0 0.51406
    outer loop
      vertex 7.08538 6 -8.61113
      vertex 7.02989 4.2 -8.51854
      vertex 7.08538 4.2 -8.61113
    endloop
  endfacet
  facet normal 0.857754 -0 0.51406
    outer loop
      vertex 7.02989 -6 -8.51854
      vertex 7.08538 -4.2 -8.61113
      vertex 7.02989 -4.2 -8.51854
    endloop
  endfacet
  facet normal 0.857754 0 0.51406
    outer loop
      vertex 7.08538 -4.2 -8.61113
      vertex 7.02989 -6 -8.51854
      vertex 7.08538 -6 -8.61113
    endloop
  endfacet
  facet normal 0.51406 0 0.857754
    outer loop
      vertex 7.38887 6 -8.91462
      vertex 7.48146 4.2 -8.97011
      vertex 7.48146 6 -8.97011
    endloop
  endfacet
  facet normal 0.51406 0 0.857754
    outer loop
      vertex 7.48146 4.2 -8.97011
      vertex 7.38887 6 -8.91462
      vertex 7.38887 4.2 -8.91462
    endloop
  endfacet
  facet normal 0.51406 0 0.857754
    outer loop
      vertex 7.38887 -4.2 -8.91462
      vertex 7.48146 -6 -8.97011
      vertex 7.48146 -4.2 -8.97011
    endloop
  endfacet
  facet normal 0.51406 0 0.857754
    outer loop
      vertex 7.48146 -6 -8.97011
      vertex 7.38887 -4.2 -8.91462
      vertex 7.38887 -6 -8.91462
    endloop
  endfacet
  facet normal 0.803168 0 -0.595752
    outer loop
      vertex 7.14969 4.2 -7.30217
      vertex 7.08538 6 -7.38887
      vertex 7.14969 6 -7.30217
    endloop
  endfacet
  facet normal 0.803168 0 -0.595752
    outer loop
      vertex 7.08538 6 -7.38887
      vertex 7.14969 4.2 -7.30217
      vertex 7.08538 4.2 -7.38887
    endloop
  endfacet
  facet normal 0.803168 0 -0.595752
    outer loop
      vertex 7.14969 -6 -7.30217
      vertex 7.08538 -4.2 -7.38887
      vertex 7.14969 -4.2 -7.30217
    endloop
  endfacet
  facet normal 0.803168 0 -0.595752
    outer loop
      vertex 7.08538 -4.2 -7.38887
      vertex 7.14969 -6 -7.30217
      vertex 7.08538 -6 -7.38887
    endloop
  endfacet
  facet normal -0.989176 0 -0.146737
    outer loop
      vertex 9.0947 4.2 8.10782
      vertex 9.07886 6 8.2146
      vertex 9.0947 6 8.10782
    endloop
  endfacet
  facet normal -0.989176 -0 -0.146737
    outer loop
      vertex 9.07886 6 8.2146
      vertex 9.0947 4.2 8.10782
      vertex 9.07886 4.2 8.2146
    endloop
  endfacet
  facet normal -0.989176 0 -0.146737
    outer loop
      vertex 9.0947 -6 8.10782
      vertex 9.07886 -4.2 8.2146
      vertex 9.0947 -4.2 8.10782
    endloop
  endfacet
  facet normal -0.989176 -0 -0.146737
    outer loop
      vertex 9.07886 -4.2 8.2146
      vertex 9.0947 -6 8.10782
      vertex 9.07886 -6 8.2146
    endloop
  endfacet
  facet normal -0.998794 0 -0.0490967
    outer loop
      vertex 9.1 4.2 8
      vertex 9.0947 6 8.10782
      vertex 9.1 6 8
    endloop
  endfacet
  facet normal -0.998794 -0 -0.0490967
    outer loop
      vertex 9.0947 6 8.10782
      vertex 9.1 4.2 8
      vertex 9.0947 4.2 8.10782
    endloop
  endfacet
  facet normal -0.998794 0 -0.0490967
    outer loop
      vertex 9.1 -6 8
      vertex 9.0947 -4.2 8.10782
      vertex 9.1 -4.2 8
    endloop
  endfacet
  facet normal -0.998794 -0 -0.0490967
    outer loop
      vertex 9.0947 -4.2 8.10782
      vertex 9.1 -6 8
      vertex 9.0947 -6 8.10782
    endloop
  endfacet
  facet normal -0.970028 0 -0.242993
    outer loop
      vertex 9.07886 4.2 8.2146
      vertex 9.05263 6 8.31931
      vertex 9.07886 6 8.2146
    endloop
  endfacet
  facet normal -0.970028 -0 -0.242993
    outer loop
      vertex 9.05263 6 8.31931
      vertex 9.07886 4.2 8.2146
      vertex 9.05263 4.2 8.31931
    endloop
  endfacet
  facet normal -0.970028 0 -0.242993
    outer loop
      vertex 9.07886 -6 8.2146
      vertex 9.05263 -4.2 8.31931
      vertex 9.07886 -4.2 8.2146
    endloop
  endfacet
  facet normal -0.970028 -0 -0.242993
    outer loop
      vertex 9.05263 -4.2 8.31931
      vertex 9.07886 -6 8.2146
      vertex 9.05263 -6 8.31931
    endloop
  endfacet
  facet normal 0.242906 0 0.97005
    outer loop
      vertex 7.68069 6 6.94736
      vertex 7.7854 4.2 6.92114
      vertex 7.7854 6 6.92114
    endloop
  endfacet
  facet normal 0.242906 0 0.97005
    outer loop
      vertex 7.7854 4.2 6.92114
      vertex 7.68069 6 6.94736
      vertex 7.68069 4.2 6.94736
    endloop
  endfacet
  facet normal 0.242906 0 0.97005
    outer loop
      vertex 7.68069 -4.2 6.94736
      vertex 7.7854 -6 6.92114
      vertex 7.7854 -4.2 6.92114
    endloop
  endfacet
  facet normal 0.242906 0 0.97005
    outer loop
      vertex 7.7854 -6 6.92114
      vertex 7.68069 -4.2 6.94736
      vertex 7.68069 -6 6.94736
    endloop
  endfacet
  facet normal -0.941566 0 -0.336829
    outer loop
      vertex 9.05263 4.2 8.31931
      vertex 9.01627 6 8.42095
      vertex 9.05263 6 8.31931
    endloop
  endfacet
  facet normal -0.941566 -0 -0.336829
    outer loop
      vertex 9.01627 6 8.42095
      vertex 9.05263 4.2 8.31931
      vertex 9.01627 4.2 8.42095
    endloop
  endfacet
  facet normal -0.941566 0 -0.336829
    outer loop
      vertex 9.05263 -6 8.31931
      vertex 9.01627 -4.2 8.42095
      vertex 9.05263 -4.2 8.31931
    endloop
  endfacet
  facet normal -0.941566 -0 -0.336829
    outer loop
      vertex 9.01627 -4.2 8.42095
      vertex 9.05263 -6 8.31931
      vertex 9.01627 -6 8.42095
    endloop
  endfacet
  facet normal -0.336829 0 -0.941566
    outer loop
      vertex 8.31931 4.2 9.05263
      vertex 8.42095 6 9.01627
      vertex 8.42095 4.2 9.01627
    endloop
  endfacet
  facet normal -0.336829 0 -0.941566
    outer loop
      vertex 8.42095 6 9.01627
      vertex 8.31931 4.2 9.05263
      vertex 8.31931 6 9.05263
    endloop
  endfacet
  facet normal -0.336829 0 -0.941566
    outer loop
      vertex 8.31931 -6 9.05263
      vertex 8.42095 -4.2 9.01627
      vertex 8.42095 -6 9.01627
    endloop
  endfacet
  facet normal -0.336829 0 -0.941566
    outer loop
      vertex 8.42095 -4.2 9.01627
      vertex 8.31931 -6 9.05263
      vertex 8.31931 -4.2 9.05263
    endloop
  endfacet
  facet normal 0.998794 -0 0.0490967
    outer loop
      vertex 6.9 4.2 8
      vertex 6.9053 6 7.89218
      vertex 6.9 6 8
    endloop
  endfacet
  facet normal 0.998794 0 0.0490967
    outer loop
      vertex 6.9053 6 7.89218
      vertex 6.9 4.2 8
      vertex 6.9053 4.2 7.89218
    endloop
  endfacet
  facet normal 0.998794 -0 0.0490967
    outer loop
      vertex 6.9 -6 8
      vertex 6.9053 -4.2 7.89218
      vertex 6.9 -4.2 8
    endloop
  endfacet
  facet normal 0.998794 0 0.0490967
    outer loop
      vertex 6.9053 -4.2 7.89218
      vertex 6.9 -6 8
      vertex 6.9053 -6 7.89218
    endloop
  endfacet
  facet normal 0.51406 0 -0.857754
    outer loop
      vertex 7.38887 4.2 8.91462
      vertex 7.48146 6 8.97011
      vertex 7.48146 4.2 8.97011
    endloop
  endfacet
  facet normal 0.51406 0 -0.857754
    outer loop
      vertex 7.48146 6 8.97011
      vertex 7.38887 4.2 8.91462
      vertex 7.38887 6 8.91462
    endloop
  endfacet
  facet normal 0.51406 0 -0.857754
    outer loop
      vertex 7.38887 -6 8.91462
      vertex 7.48146 -4.2 8.97011
      vertex 7.48146 -6 8.97011
    endloop
  endfacet
  facet normal 0.51406 0 -0.857754
    outer loop
      vertex 7.48146 -4.2 8.97011
      vertex 7.38887 -6 8.91462
      vertex 7.38887 -4.2 8.91462
    endloop
  endfacet
  facet normal -0.336911 0 0.941536
    outer loop
      vertex 8.31931 6 6.94736
      vertex 8.42095 4.2 6.98373
      vertex 8.42095 6 6.98373
    endloop
  endfacet
  facet normal -0.336911 0 0.941536
    outer loop
      vertex 8.42095 4.2 6.98373
      vertex 8.31931 6 6.94736
      vertex 8.31931 4.2 6.94736
    endloop
  endfacet
  facet normal -0.336911 0 0.941536
    outer loop
      vertex 8.31931 -4.2 6.94736
      vertex 8.42095 -6 6.98373
      vertex 8.42095 -4.2 6.98373
    endloop
  endfacet
  facet normal -0.336911 0 0.941536
    outer loop
      vertex 8.42095 -6 6.98373
      vertex 8.31931 -4.2 6.94736
      vertex 8.31931 -6 6.94736
    endloop
  endfacet
  facet normal 0.803168 -0 0.595752
    outer loop
      vertex 7.08538 4.2 7.38887
      vertex 7.14969 6 7.30217
      vertex 7.08538 6 7.38887
    endloop
  endfacet
  facet normal 0.803168 0 0.595752
    outer loop
      vertex 7.14969 6 7.30217
      vertex 7.08538 4.2 7.38887
      vertex 7.14969 4.2 7.30217
    endloop
  endfacet
  facet normal 0.803168 -0 0.595752
    outer loop
      vertex 7.08538 -6 7.38887
      vertex 7.14969 -4.2 7.30217
      vertex 7.08538 -4.2 7.38887
    endloop
  endfacet
  facet normal 0.803168 0 0.595752
    outer loop
      vertex 7.14969 -4.2 7.30217
      vertex 7.08538 -6 7.38887
      vertex 7.14969 -6 7.30217
    endloop
  endfacet
  facet normal 0.903977 -0 0.427581
    outer loop
      vertex 6.98373 4.2 7.57905
      vertex 7.02989 6 7.48146
      vertex 6.98373 6 7.57905
    endloop
  endfacet
  facet normal 0.903977 0 0.427581
    outer loop
      vertex 7.02989 6 7.48146
      vertex 6.98373 4.2 7.57905
      vertex 7.02989 4.2 7.48146
    endloop
  endfacet
  facet normal 0.903977 -0 0.427581
    outer loop
      vertex 6.98373 -6 7.57905
      vertex 7.02989 -4.2 7.48146
      vertex 6.98373 -4.2 7.57905
    endloop
  endfacet
  facet normal 0.903977 0 0.427581
    outer loop
      vertex 7.02989 -4.2 7.48146
      vertex 6.98373 -6 7.57905
      vertex 7.02989 -6 7.48146
    endloop
  endfacet
  facet normal 0.242993 0 -0.970028
    outer loop
      vertex 7.68069 4.2 9.05263
      vertex 7.7854 6 9.07886
      vertex 7.7854 4.2 9.07886
    endloop
  endfacet
  facet normal 0.242993 0 -0.970028
    outer loop
      vertex 7.7854 6 9.07886
      vertex 7.68069 4.2 9.05263
      vertex 7.68069 6 9.05263
    endloop
  endfacet
  facet normal 0.242993 0 -0.970028
    outer loop
      vertex 7.68069 -6 9.05263
      vertex 7.7854 -4.2 9.07886
      vertex 7.7854 -6 9.07886
    endloop
  endfacet
  facet normal 0.242993 0 -0.970028
    outer loop
      vertex 7.7854 -4.2 9.07886
      vertex 7.68069 -6 9.05263
      vertex 7.68069 -4.2 9.05263
    endloop
  endfacet
  facet normal 0.857754 -0 0.51406
    outer loop
      vertex 7.02989 4.2 7.48146
      vertex 7.08538 6 7.38887
      vertex 7.02989 6 7.48146
    endloop
  endfacet
  facet normal 0.857754 0 0.51406
    outer loop
      vertex 7.08538 6 7.38887
      vertex 7.02989 4.2 7.48146
      vertex 7.08538 4.2 7.38887
    endloop
  endfacet
  facet normal 0.857754 -0 0.51406
    outer loop
      vertex 7.02989 -6 7.48146
      vertex 7.08538 -4.2 7.38887
      vertex 7.02989 -4.2 7.48146
    endloop
  endfacet
  facet normal 0.857754 0 0.51406
    outer loop
      vertex 7.08538 -4.2 7.38887
      vertex 7.02989 -6 7.48146
      vertex 7.08538 -6 7.38887
    endloop
  endfacet
  facet normal 0.671515 0 -0.740991
    outer loop
      vertex 7.22218 4.2 8.77782
      vertex 7.30217 6 8.85031
      vertex 7.30217 4.2 8.85031
    endloop
  endfacet
  facet normal 0.671515 0 -0.740991
    outer loop
      vertex 7.30217 6 8.85031
      vertex 7.22218 4.2 8.77782
      vertex 7.22218 6 8.77782
    endloop
  endfacet
  facet normal 0.671515 0 -0.740991
    outer loop
      vertex 7.22218 -6 8.77782
      vertex 7.30217 -4.2 8.85031
      vertex 7.30217 -6 8.85031
    endloop
  endfacet
  facet normal 0.671515 0 -0.740991
    outer loop
      vertex 7.30217 -4.2 8.85031
      vertex 7.22218 -6 8.77782
      vertex 7.22218 -4.2 8.77782
    endloop
  endfacet
  facet normal 0.989176 -0 0.146737
    outer loop
      vertex 6.9053 4.2 7.89218
      vertex 6.92114 6 7.7854
      vertex 6.9053 6 7.89218
    endloop
  endfacet
  facet normal 0.989176 0 0.146737
    outer loop
      vertex 6.92114 6 7.7854
      vertex 6.9053 4.2 7.89218
      vertex 6.92114 4.2 7.7854
    endloop
  endfacet
  facet normal 0.989176 -0 0.146737
    outer loop
      vertex 6.9053 -6 7.89218
      vertex 6.92114 -4.2 7.7854
      vertex 6.9053 -4.2 7.89218
    endloop
  endfacet
  facet normal 0.989176 0 0.146737
    outer loop
      vertex 6.92114 -4.2 7.7854
      vertex 6.9053 -6 7.89218
      vertex 6.92114 -6 7.7854
    endloop
  endfacet
  facet normal 0.941536 -0 0.336911
    outer loop
      vertex 6.94736 4.2 7.68069
      vertex 6.98373 6 7.57905
      vertex 6.94736 6 7.68069
    endloop
  endfacet
  facet normal 0.941536 0 0.336911
    outer loop
      vertex 6.98373 6 7.57905
      vertex 6.94736 4.2 7.68069
      vertex 6.98373 4.2 7.57905
    endloop
  endfacet
  facet normal 0.941536 -0 0.336911
    outer loop
      vertex 6.94736 -6 7.68069
      vertex 6.98373 -4.2 7.57905
      vertex 6.94736 -4.2 7.68069
    endloop
  endfacet
  facet normal 0.941536 0 0.336911
    outer loop
      vertex 6.98373 -4.2 7.57905
      vertex 6.94736 -6 7.68069
      vertex 6.98373 -6 7.57905
    endloop
  endfacet
  facet normal -0.803168 0 0.595752
    outer loop
      vertex 8.85031 4.2 7.30217
      vertex 8.91462 6 7.38887
      vertex 8.85031 6 7.30217
    endloop
  endfacet
  facet normal -0.803168 0 0.595752
    outer loop
      vertex 8.91462 6 7.38887
      vertex 8.85031 4.2 7.30217
      vertex 8.91462 4.2 7.38887
    endloop
  endfacet
  facet normal -0.803168 0 0.595752
    outer loop
      vertex 8.85031 -6 7.30217
      vertex 8.91462 -4.2 7.38887
      vertex 8.85031 -4.2 7.30217
    endloop
  endfacet
  facet normal -0.803168 0 0.595752
    outer loop
      vertex 8.91462 -4.2 7.38887
      vertex 8.85031 -6 7.30217
      vertex 8.91462 -6 7.38887
    endloop
  endfacet
  facet normal -0.146737 0 -0.989176
    outer loop
      vertex 8.10782 4.2 9.0947
      vertex 8.2146 6 9.07886
      vertex 8.2146 4.2 9.07886
    endloop
  endfacet
  facet normal -0.146737 0 -0.989176
    outer loop
      vertex 8.2146 6 9.07886
      vertex 8.10782 4.2 9.0947
      vertex 8.10782 6 9.0947
    endloop
  endfacet
  facet normal -0.146737 0 -0.989176
    outer loop
      vertex 8.10782 -6 9.0947
      vertex 8.2146 -4.2 9.07886
      vertex 8.2146 -6 9.07886
    endloop
  endfacet
  facet normal -0.146737 0 -0.989176
    outer loop
      vertex 8.2146 -4.2 9.07886
      vertex 8.10782 -6 9.0947
      vertex 8.10782 -4.2 9.0947
    endloop
  endfacet
  facet normal -0.242906 0 0.97005
    outer loop
      vertex 8.2146 6 6.92114
      vertex 8.31931 4.2 6.94736
      vertex 8.31931 6 6.94736
    endloop
  endfacet
  facet normal -0.242906 0 0.97005
    outer loop
      vertex 8.31931 4.2 6.94736
      vertex 8.2146 6 6.92114
      vertex 8.2146 4.2 6.92114
    endloop
  endfacet
  facet normal -0.242906 0 0.97005
    outer loop
      vertex 8.2146 -4.2 6.92114
      vertex 8.31931 -6 6.94736
      vertex 8.31931 -4.2 6.94736
    endloop
  endfacet
  facet normal -0.242906 0 0.97005
    outer loop
      vertex 8.31931 -6 6.94736
      vertex 8.2146 -4.2 6.92114
      vertex 8.2146 -6 6.92114
    endloop
  endfacet
  facet normal -0.989176 0 0.146737
    outer loop
      vertex 9.07886 4.2 7.7854
      vertex 9.0947 6 7.89218
      vertex 9.07886 6 7.7854
    endloop
  endfacet
  facet normal -0.989176 0 0.146737
    outer loop
      vertex 9.0947 6 7.89218
      vertex 9.07886 4.2 7.7854
      vertex 9.0947 4.2 7.89218
    endloop
  endfacet
  facet normal -0.989176 0 0.146737
    outer loop
      vertex 9.07886 -6 7.7854
      vertex 9.0947 -4.2 7.89218
      vertex 9.07886 -4.2 7.7854
    endloop
  endfacet
  facet normal -0.989176 0 0.146737
    outer loop
      vertex 9.0947 -4.2 7.89218
      vertex 9.07886 -6 7.7854
      vertex 9.0947 -6 7.89218
    endloop
  endfacet
  facet normal -0.857754 0 0.51406
    outer loop
      vertex 8.91462 4.2 7.38887
      vertex 8.97011 6 7.48146
      vertex 8.91462 6 7.38887
    endloop
  endfacet
  facet normal -0.857754 0 0.51406
    outer loop
      vertex 8.97011 6 7.48146
      vertex 8.91462 4.2 7.38887
      vertex 8.97011 4.2 7.48146
    endloop
  endfacet
  facet normal -0.857754 0 0.51406
    outer loop
      vertex 8.91462 -6 7.38887
      vertex 8.97011 -4.2 7.48146
      vertex 8.91462 -4.2 7.38887
    endloop
  endfacet
  facet normal -0.857754 0 0.51406
    outer loop
      vertex 8.97011 -4.2 7.48146
      vertex 8.91462 -6 7.38887
      vertex 8.97011 -6 7.48146
    endloop
  endfacet
  facet normal -0.51406 0 0.857754
    outer loop
      vertex 8.51854 6 7.02989
      vertex 8.61113 4.2 7.08538
      vertex 8.61113 6 7.08538
    endloop
  endfacet
  facet normal -0.51406 0 0.857754
    outer loop
      vertex 8.61113 4.2 7.08538
      vertex 8.51854 6 7.02989
      vertex 8.51854 4.2 7.02989
    endloop
  endfacet
  facet normal -0.51406 0 0.857754
    outer loop
      vertex 8.51854 -4.2 7.02989
      vertex 8.61113 -6 7.08538
      vertex 8.61113 -4.2 7.08538
    endloop
  endfacet
  facet normal -0.51406 0 0.857754
    outer loop
      vertex 8.61113 -6 7.08538
      vertex 8.51854 -4.2 7.02989
      vertex 8.51854 -6 7.02989
    endloop
  endfacet
  facet normal 0.336911 0 0.941536
    outer loop
      vertex 7.57905 6 6.98373
      vertex 7.68069 4.2 6.94736
      vertex 7.68069 6 6.94736
    endloop
  endfacet
  facet normal 0.336911 0 0.941536
    outer loop
      vertex 7.68069 4.2 6.94736
      vertex 7.57905 6 6.98373
      vertex 7.57905 4.2 6.98373
    endloop
  endfacet
  facet normal 0.336911 0 0.941536
    outer loop
      vertex 7.57905 -4.2 6.98373
      vertex 7.68069 -6 6.94736
      vertex 7.68069 -4.2 6.94736
    endloop
  endfacet
  facet normal 0.336911 0 0.941536
    outer loop
      vertex 7.68069 -6 6.94736
      vertex 7.57905 -4.2 6.98373
      vertex 7.57905 -6 6.98373
    endloop
  endfacet
  facet normal -0.427581 0 -0.903977
    outer loop
      vertex 8.42095 4.2 9.01627
      vertex 8.51854 6 8.97011
      vertex 8.51854 4.2 8.97011
    endloop
  endfacet
  facet normal -0.427581 0 -0.903977
    outer loop
      vertex 8.51854 6 8.97011
      vertex 8.42095 4.2 9.01627
      vertex 8.42095 6 9.01627
    endloop
  endfacet
  facet normal -0.427581 0 -0.903977
    outer loop
      vertex 8.42095 -6 9.01627
      vertex 8.51854 -4.2 8.97011
      vertex 8.51854 -6 8.97011
    endloop
  endfacet
  facet normal -0.427581 0 -0.903977
    outer loop
      vertex 8.51854 -4.2 8.97011
      vertex 8.42095 -6 9.01627
      vertex 8.42095 -4.2 9.01627
    endloop
  endfacet
  facet normal -0.671515 0 -0.740991
    outer loop
      vertex 8.69783 4.2 8.85031
      vertex 8.77782 6 8.77782
      vertex 8.77782 4.2 8.77782
    endloop
  endfacet
  facet normal -0.671515 0 -0.740991
    outer loop
      vertex 8.77782 6 8.77782
      vertex 8.69783 4.2 8.85031
      vertex 8.69783 6 8.85031
    endloop
  endfacet
  facet normal -0.671515 0 -0.740991
    outer loop
      vertex 8.69783 -6 8.85031
      vertex 8.77782 -4.2 8.77782
      vertex 8.77782 -6 8.77782
    endloop
  endfacet
  facet normal -0.671515 0 -0.740991
    outer loop
      vertex 8.77782 -4.2 8.77782
      vertex 8.69783 -6 8.85031
      vertex 8.69783 -4.2 8.85031
    endloop
  endfacet
  facet normal 0.427581 0 -0.903977
    outer loop
      vertex 7.48146 4.2 8.97011
      vertex 7.57905 6 9.01627
      vertex 7.57905 4.2 9.01627
    endloop
  endfacet
  facet normal 0.427581 0 -0.903977
    outer loop
      vertex 7.57905 6 9.01627
      vertex 7.48146 4.2 8.97011
      vertex 7.48146 6 8.97011
    endloop
  endfacet
  facet normal 0.427581 0 -0.903977
    outer loop
      vertex 7.48146 -6 8.97011
      vertex 7.57905 -4.2 9.01627
      vertex 7.57905 -6 9.01627
    endloop
  endfacet
  facet normal 0.427581 0 -0.903977
    outer loop
      vertex 7.57905 -4.2 9.01627
      vertex 7.48146 -6 8.97011
      vertex 7.48146 -4.2 8.97011
    endloop
  endfacet
  facet normal 0.595752 0 -0.803168
    outer loop
      vertex 7.30217 4.2 8.85031
      vertex 7.38887 6 8.91462
      vertex 7.38887 4.2 8.91462
    endloop
  endfacet
  facet normal 0.595752 0 -0.803168
    outer loop
      vertex 7.38887 6 8.91462
      vertex 7.30217 4.2 8.85031
      vertex 7.30217 6 8.85031
    endloop
  endfacet
  facet normal 0.595752 0 -0.803168
    outer loop
      vertex 7.30217 -6 8.85031
      vertex 7.38887 -4.2 8.91462
      vertex 7.38887 -6 8.91462
    endloop
  endfacet
  facet normal 0.595752 0 -0.803168
    outer loop
      vertex 7.38887 -4.2 8.91462
      vertex 7.30217 -6 8.85031
      vertex 7.30217 -4.2 8.85031
    endloop
  endfacet
  facet normal -0.803168 0 -0.595752
    outer loop
      vertex 8.91462 4.2 8.61113
      vertex 8.85031 6 8.69783
      vertex 8.91462 6 8.61113
    endloop
  endfacet
  facet normal -0.803168 -0 -0.595752
    outer loop
      vertex 8.85031 6 8.69783
      vertex 8.91462 4.2 8.61113
      vertex 8.85031 4.2 8.69783
    endloop
  endfacet
  facet normal -0.803168 0 -0.595752
    outer loop
      vertex 8.91462 -6 8.61113
      vertex 8.85031 -4.2 8.69783
      vertex 8.91462 -4.2 8.61113
    endloop
  endfacet
  facet normal -0.803168 -0 -0.595752
    outer loop
      vertex 8.85031 -4.2 8.69783
      vertex 8.91462 -6 8.61113
      vertex 8.85031 -6 8.69783
    endloop
  endfacet
  facet normal 0.857754 0 -0.51406
    outer loop
      vertex 7.08538 4.2 8.61113
      vertex 7.02989 6 8.51854
      vertex 7.08538 6 8.61113
    endloop
  endfacet
  facet normal 0.857754 0 -0.51406
    outer loop
      vertex 7.02989 6 8.51854
      vertex 7.08538 4.2 8.61113
      vertex 7.02989 4.2 8.51854
    endloop
  endfacet
  facet normal 0.857754 0 -0.51406
    outer loop
      vertex 7.08538 -6 8.61113
      vertex 7.02989 -4.2 8.51854
      vertex 7.08538 -4.2 8.61113
    endloop
  endfacet
  facet normal 0.857754 0 -0.51406
    outer loop
      vertex 7.02989 -4.2 8.51854
      vertex 7.08538 -6 8.61113
      vertex 7.02989 -6 8.51854
    endloop
  endfacet
  facet normal -0.857754 0 -0.51406
    outer loop
      vertex 8.97011 4.2 8.51854
      vertex 8.91462 6 8.61113
      vertex 8.97011 6 8.51854
    endloop
  endfacet
  facet normal -0.857754 -0 -0.51406
    outer loop
      vertex 8.91462 6 8.61113
      vertex 8.97011 4.2 8.51854
      vertex 8.91462 4.2 8.61113
    endloop
  endfacet
  facet normal -0.857754 0 -0.51406
    outer loop
      vertex 8.97011 -6 8.51854
      vertex 8.91462 -4.2 8.61113
      vertex 8.97011 -4.2 8.51854
    endloop
  endfacet
  facet normal -0.857754 -0 -0.51406
    outer loop
      vertex 8.91462 -4.2 8.61113
      vertex 8.97011 -6 8.51854
      vertex 8.91462 -6 8.61113
    endloop
  endfacet
  facet normal 0.595752 0 0.803168
    outer loop
      vertex 7.30217 6 7.14969
      vertex 7.38887 4.2 7.08538
      vertex 7.38887 6 7.08538
    endloop
  endfacet
  facet normal 0.595752 0 0.803168
    outer loop
      vertex 7.38887 4.2 7.08538
      vertex 7.30217 6 7.14969
      vertex 7.30217 4.2 7.14969
    endloop
  endfacet
  facet normal 0.595752 0 0.803168
    outer loop
      vertex 7.30217 -4.2 7.14969
      vertex 7.38887 -6 7.08538
      vertex 7.38887 -4.2 7.08538
    endloop
  endfacet
  facet normal 0.595752 0 0.803168
    outer loop
      vertex 7.38887 -6 7.08538
      vertex 7.30217 -4.2 7.14969
      vertex 7.30217 -6 7.14969
    endloop
  endfacet
  facet normal 0.803168 0 -0.595752
    outer loop
      vertex 7.14969 4.2 8.69783
      vertex 7.08538 6 8.61113
      vertex 7.14969 6 8.69783
    endloop
  endfacet
  facet normal 0.803168 0 -0.595752
    outer loop
      vertex 7.08538 6 8.61113
      vertex 7.14969 4.2 8.69783
      vertex 7.08538 4.2 8.61113
    endloop
  endfacet
  facet normal 0.803168 0 -0.595752
    outer loop
      vertex 7.14969 -6 8.69783
      vertex 7.08538 -4.2 8.61113
      vertex 7.14969 -4.2 8.69783
    endloop
  endfacet
  facet normal 0.803168 0 -0.595752
    outer loop
      vertex 7.08538 -4.2 8.61113
      vertex 7.14969 -6 8.69783
      vertex 7.08538 -6 8.61113
    endloop
  endfacet
  facet normal 0.51406 0 0.857754
    outer loop
      vertex 7.38887 6 7.08538
      vertex 7.48146 4.2 7.02989
      vertex 7.48146 6 7.02989
    endloop
  endfacet
  facet normal 0.51406 0 0.857754
    outer loop
      vertex 7.48146 4.2 7.02989
      vertex 7.38887 6 7.08538
      vertex 7.38887 4.2 7.08538
    endloop
  endfacet
  facet normal 0.51406 0 0.857754
    outer loop
      vertex 7.38887 -4.2 7.08538
      vertex 7.48146 -6 7.02989
      vertex 7.48146 -4.2 7.02989
    endloop
  endfacet
  facet normal 0.51406 0 0.857754
    outer loop
      vertex 7.48146 -6 7.02989
      vertex 7.38887 -4.2 7.08538
      vertex 7.38887 -6 7.08538
    endloop
  endfacet
  facet normal -0.51406 0 -0.857754
    outer loop
      vertex 8.51854 4.2 8.97011
      vertex 8.61113 6 8.91462
      vertex 8.61113 4.2 8.91462
    endloop
  endfacet
  facet normal -0.51406 0 -0.857754
    outer loop
      vertex 8.61113 6 8.91462
      vertex 8.51854 4.2 8.97011
      vertex 8.51854 6 8.97011
    endloop
  endfacet
  facet normal -0.51406 0 -0.857754
    outer loop
      vertex 8.51854 -6 8.97011
      vertex 8.61113 -4.2 8.91462
      vertex 8.61113 -6 8.91462
    endloop
  endfacet
  facet normal -0.51406 0 -0.857754
    outer loop
      vertex 8.61113 -4.2 8.91462
      vertex 8.51854 -6 8.97011
      vertex 8.51854 -4.2 8.97011
    endloop
  endfacet
  facet normal -0.595752 0 -0.803168
    outer loop
      vertex 8.61113 4.2 8.91462
      vertex 8.69783 6 8.85031
      vertex 8.69783 4.2 8.85031
    endloop
  endfacet
  facet normal -0.595752 0 -0.803168
    outer loop
      vertex 8.69783 6 8.85031
      vertex 8.61113 4.2 8.91462
      vertex 8.61113 6 8.91462
    endloop
  endfacet
  facet normal -0.595752 0 -0.803168
    outer loop
      vertex 8.61113 -6 8.91462
      vertex 8.69783 -4.2 8.85031
      vertex 8.69783 -6 8.85031
    endloop
  endfacet
  facet normal -0.595752 0 -0.803168
    outer loop
      vertex 8.69783 -4.2 8.85031
      vertex 8.61113 -6 8.91462
      vertex 8.61113 -4.2 8.91462
    endloop
  endfacet
  facet normal -0.146737 0 0.989176
    outer loop
      vertex 8.10782 6 6.9053
      vertex 8.2146 4.2 6.92114
      vertex 8.2146 6 6.92114
    endloop
  endfacet
  facet normal -0.146737 0 0.989176
    outer loop
      vertex 8.2146 4.2 6.92114
      vertex 8.10782 6 6.9053
      vertex 8.10782 4.2 6.9053
    endloop
  endfacet
  facet normal -0.146737 0 0.989176
    outer loop
      vertex 8.10782 -4.2 6.9053
      vertex 8.2146 -6 6.92114
      vertex 8.2146 -4.2 6.92114
    endloop
  endfacet
  facet normal -0.146737 0 0.989176
    outer loop
      vertex 8.2146 -6 6.92114
      vertex 8.10782 -4.2 6.9053
      vertex 8.10782 -6 6.9053
    endloop
  endfacet
  facet normal -0.970028 0 0.242993
    outer loop
      vertex 9.05263 4.2 7.68069
      vertex 9.07886 6 7.7854
      vertex 9.05263 6 7.68069
    endloop
  endfacet
  facet normal -0.970028 0 0.242993
    outer loop
      vertex 9.07886 6 7.7854
      vertex 9.05263 4.2 7.68069
      vertex 9.07886 4.2 7.7854
    endloop
  endfacet
  facet normal -0.970028 0 0.242993
    outer loop
      vertex 9.05263 -6 7.68069
      vertex 9.07886 -4.2 7.7854
      vertex 9.05263 -4.2 7.68069
    endloop
  endfacet
  facet normal -0.970028 0 0.242993
    outer loop
      vertex 9.07886 -4.2 7.7854
      vertex 9.05263 -6 7.68069
      vertex 9.07886 -6 7.7854
    endloop
  endfacet
  facet normal -0.941566 0 0.336829
    outer loop
      vertex 9.01627 4.2 7.57905
      vertex 9.05263 6 7.68069
      vertex 9.01627 6 7.57905
    endloop
  endfacet
  facet normal -0.941566 0 0.336829
    outer loop
      vertex 9.05263 6 7.68069
      vertex 9.01627 4.2 7.57905
      vertex 9.05263 4.2 7.68069
    endloop
  endfacet
  facet normal -0.941566 0 0.336829
    outer loop
      vertex 9.01627 -6 7.57905
      vertex 9.05263 -4.2 7.68069
      vertex 9.01627 -4.2 7.57905
    endloop
  endfacet
  facet normal -0.941566 0 0.336829
    outer loop
      vertex 9.05263 -4.2 7.68069
      vertex 9.01627 -6 7.57905
      vertex 9.05263 -6 7.68069
    endloop
  endfacet
  facet normal -0.740991 0 -0.671515
    outer loop
      vertex 8.85031 4.2 8.69783
      vertex 8.77782 6 8.77782
      vertex 8.85031 6 8.69783
    endloop
  endfacet
  facet normal -0.740991 -0 -0.671515
    outer loop
      vertex 8.77782 6 8.77782
      vertex 8.85031 4.2 8.69783
      vertex 8.77782 4.2 8.77782
    endloop
  endfacet
  facet normal -0.740991 0 -0.671515
    outer loop
      vertex 8.85031 -6 8.69783
      vertex 8.77782 -4.2 8.77782
      vertex 8.85031 -4.2 8.69783
    endloop
  endfacet
  facet normal -0.740991 -0 -0.671515
    outer loop
      vertex 8.77782 -4.2 8.77782
      vertex 8.85031 -6 8.69783
      vertex 8.77782 -6 8.77782
    endloop
  endfacet
  facet normal 0.0490967 0 -0.998794
    outer loop
      vertex 7.89218 4.2 9.0947
      vertex 8 6 9.1
      vertex 8 4.2 9.1
    endloop
  endfacet
  facet normal 0.0490967 0 -0.998794
    outer loop
      vertex 8 6 9.1
      vertex 7.89218 4.2 9.0947
      vertex 7.89218 6 9.0947
    endloop
  endfacet
  facet normal 0.0490967 0 -0.998794
    outer loop
      vertex 7.89218 -6 9.0947
      vertex 8 -4.2 9.1
      vertex 8 -6 9.1
    endloop
  endfacet
  facet normal 0.0490967 0 -0.998794
    outer loop
      vertex 8 -4.2 9.1
      vertex 7.89218 -6 9.0947
      vertex 7.89218 -4.2 9.0947
    endloop
  endfacet
  facet normal -0.0490967 0 -0.998794
    outer loop
      vertex 8 4.2 9.1
      vertex 8.10782 6 9.0947
      vertex 8.10782 4.2 9.0947
    endloop
  endfacet
  facet normal -0.0490967 0 -0.998794
    outer loop
      vertex 8.10782 6 9.0947
      vertex 8 4.2 9.1
      vertex 8 6 9.1
    endloop
  endfacet
  facet normal -0.0490967 0 -0.998794
    outer loop
      vertex 8 -6 9.1
      vertex 8.10782 -4.2 9.0947
      vertex 8.10782 -6 9.0947
    endloop
  endfacet
  facet normal -0.0490967 0 -0.998794
    outer loop
      vertex 8.10782 -4.2 9.0947
      vertex 8 -6 9.1
      vertex 8 -4.2 9.1
    endloop
  endfacet
  facet normal -0.903977 0 -0.427581
    outer loop
      vertex 9.01627 4.2 8.42095
      vertex 8.97011 6 8.51854
      vertex 9.01627 6 8.42095
    endloop
  endfacet
  facet normal -0.903977 -0 -0.427581
    outer loop
      vertex 8.97011 6 8.51854
      vertex 9.01627 4.2 8.42095
      vertex 8.97011 4.2 8.51854
    endloop
  endfacet
  facet normal -0.903977 0 -0.427581
    outer loop
      vertex 9.01627 -6 8.42095
      vertex 8.97011 -4.2 8.51854
      vertex 9.01627 -4.2 8.42095
    endloop
  endfacet
  facet normal -0.903977 -0 -0.427581
    outer loop
      vertex 8.97011 -4.2 8.51854
      vertex 9.01627 -6 8.42095
      vertex 8.97011 -6 8.51854
    endloop
  endfacet
  facet normal -0.671515 0 0.740991
    outer loop
      vertex 8.69783 6 7.14969
      vertex 8.77782 4.2 7.22218
      vertex 8.77782 6 7.22218
    endloop
  endfacet
  facet normal -0.671515 0 0.740991
    outer loop
      vertex 8.77782 4.2 7.22218
      vertex 8.69783 6 7.14969
      vertex 8.69783 4.2 7.14969
    endloop
  endfacet
  facet normal -0.671515 0 0.740991
    outer loop
      vertex 8.69783 -4.2 7.14969
      vertex 8.77782 -6 7.22218
      vertex 8.77782 -4.2 7.22218
    endloop
  endfacet
  facet normal -0.671515 0 0.740991
    outer loop
      vertex 8.77782 -6 7.22218
      vertex 8.69783 -4.2 7.14969
      vertex 8.69783 -6 7.14969
    endloop
  endfacet
  facet normal -0.998794 0 0.0490967
    outer loop
      vertex 9.0947 4.2 7.89218
      vertex 9.1 6 8
      vertex 9.0947 6 7.89218
    endloop
  endfacet
  facet normal -0.998794 0 0.0490967
    outer loop
      vertex 9.1 6 8
      vertex 9.0947 4.2 7.89218
      vertex 9.1 4.2 8
    endloop
  endfacet
  facet normal -0.998794 0 0.0490967
    outer loop
      vertex 9.0947 -6 7.89218
      vertex 9.1 -4.2 8
      vertex 9.0947 -4.2 7.89218
    endloop
  endfacet
  facet normal -0.998794 0 0.0490967
    outer loop
      vertex 9.1 -4.2 8
      vertex 9.0947 -6 7.89218
      vertex 9.1 -6 8
    endloop
  endfacet
  facet normal 0.0490967 0 0.998794
    outer loop
      vertex 7.89218 6 6.9053
      vertex 8 4.2 6.9
      vertex 8 6 6.9
    endloop
  endfacet
  facet normal 0.0490967 0 0.998794
    outer loop
      vertex 8 4.2 6.9
      vertex 7.89218 6 6.9053
      vertex 7.89218 4.2 6.9053
    endloop
  endfacet
  facet normal 0.0490967 0 0.998794
    outer loop
      vertex 7.89218 -4.2 6.9053
      vertex 8 -6 6.9
      vertex 8 -4.2 6.9
    endloop
  endfacet
  facet normal 0.0490967 0 0.998794
    outer loop
      vertex 8 -6 6.9
      vertex 7.89218 -4.2 6.9053
      vertex 7.89218 -6 6.9053
    endloop
  endfacet
  facet normal 0.740991 0 -0.671515
    outer loop
      vertex 7.22218 4.2 8.77782
      vertex 7.14969 6 8.69783
      vertex 7.22218 6 8.77782
    endloop
  endfacet
  facet normal 0.740991 0 -0.671515
    outer loop
      vertex 7.14969 6 8.69783
      vertex 7.22218 4.2 8.77782
      vertex 7.14969 4.2 8.69783
    endloop
  endfacet
  facet normal 0.740991 0 -0.671515
    outer loop
      vertex 7.22218 -6 8.77782
      vertex 7.14969 -4.2 8.69783
      vertex 7.22218 -4.2 8.77782
    endloop
  endfacet
  facet normal 0.740991 0 -0.671515
    outer loop
      vertex 7.14969 -4.2 8.69783
      vertex 7.22218 -6 8.77782
      vertex 7.14969 -6 8.69783
    endloop
  endfacet
  facet normal 0.146737 0 -0.989176
    outer loop
      vertex 7.7854 4.2 9.07886
      vertex 7.89218 6 9.0947
      vertex 7.89218 4.2 9.0947
    endloop
  endfacet
  facet normal 0.146737 0 -0.989176
    outer loop
      vertex 7.89218 6 9.0947
      vertex 7.7854 4.2 9.07886
      vertex 7.7854 6 9.07886
    endloop
  endfacet
  facet normal 0.146737 0 -0.989176
    outer loop
      vertex 7.7854 -6 9.07886
      vertex 7.89218 -4.2 9.0947
      vertex 7.89218 -6 9.0947
    endloop
  endfacet
  facet normal 0.146737 0 -0.989176
    outer loop
      vertex 7.89218 -4.2 9.0947
      vertex 7.7854 -6 9.07886
      vertex 7.7854 -4.2 9.07886
    endloop
  endfacet
  facet normal 0.336829 0 -0.941566
    outer loop
      vertex 7.57905 4.2 9.01627
      vertex 7.68069 6 9.05263
      vertex 7.68069 4.2 9.05263
    endloop
  endfacet
  facet normal 0.336829 0 -0.941566
    outer loop
      vertex 7.68069 6 9.05263
      vertex 7.57905 4.2 9.01627
      vertex 7.57905 6 9.01627
    endloop
  endfacet
  facet normal 0.336829 0 -0.941566
    outer loop
      vertex 7.57905 -6 9.01627
      vertex 7.68069 -4.2 9.05263
      vertex 7.68069 -6 9.05263
    endloop
  endfacet
  facet normal 0.336829 0 -0.941566
    outer loop
      vertex 7.68069 -4.2 9.05263
      vertex 7.57905 -6 9.01627
      vertex 7.57905 -4.2 9.01627
    endloop
  endfacet
  facet normal 0.903977 0 -0.427581
    outer loop
      vertex 7.02989 4.2 8.51854
      vertex 6.98373 6 8.42095
      vertex 7.02989 6 8.51854
    endloop
  endfacet
  facet normal 0.903977 0 -0.427581
    outer loop
      vertex 6.98373 6 8.42095
      vertex 7.02989 4.2 8.51854
      vertex 6.98373 4.2 8.42095
    endloop
  endfacet
  facet normal 0.903977 0 -0.427581
    outer loop
      vertex 7.02989 -6 8.51854
      vertex 6.98373 -4.2 8.42095
      vertex 7.02989 -4.2 8.51854
    endloop
  endfacet
  facet normal 0.903977 0 -0.427581
    outer loop
      vertex 6.98373 -4.2 8.42095
      vertex 7.02989 -6 8.51854
      vertex 6.98373 -6 8.42095
    endloop
  endfacet
  facet normal 0.740991 -0 0.671515
    outer loop
      vertex 7.14969 4.2 7.30217
      vertex 7.22218 6 7.22218
      vertex 7.14969 6 7.30217
    endloop
  endfacet
  facet normal 0.740991 0 0.671515
    outer loop
      vertex 7.22218 6 7.22218
      vertex 7.14969 4.2 7.30217
      vertex 7.22218 4.2 7.22218
    endloop
  endfacet
  facet normal 0.740991 -0 0.671515
    outer loop
      vertex 7.14969 -6 7.30217
      vertex 7.22218 -4.2 7.22218
      vertex 7.14969 -4.2 7.30217
    endloop
  endfacet
  facet normal 0.740991 0 0.671515
    outer loop
      vertex 7.22218 -4.2 7.22218
      vertex 7.14969 -6 7.30217
      vertex 7.22218 -6 7.22218
    endloop
  endfacet
  facet normal 0.671515 0 0.740991
    outer loop
      vertex 7.22218 6 7.22218
      vertex 7.30217 4.2 7.14969
      vertex 7.30217 6 7.14969
    endloop
  endfacet
  facet normal 0.671515 0 0.740991
    outer loop
      vertex 7.30217 4.2 7.14969
      vertex 7.22218 6 7.22218
      vertex 7.22218 4.2 7.22218
    endloop
  endfacet
  facet normal 0.671515 0 0.740991
    outer loop
      vertex 7.22218 -4.2 7.22218
      vertex 7.30217 -6 7.14969
      vertex 7.30217 -4.2 7.14969
    endloop
  endfacet
  facet normal 0.671515 0 0.740991
    outer loop
      vertex 7.30217 -6 7.14969
      vertex 7.22218 -4.2 7.22218
      vertex 7.22218 -6 7.22218
    endloop
  endfacet
  facet normal 0.989176 0 -0.146737
    outer loop
      vertex 6.92114 4.2 8.2146
      vertex 6.9053 6 8.10782
      vertex 6.92114 6 8.2146
    endloop
  endfacet
  facet normal 0.989176 0 -0.146737
    outer loop
      vertex 6.9053 6 8.10782
      vertex 6.92114 4.2 8.2146
      vertex 6.9053 4.2 8.10782
    endloop
  endfacet
  facet normal 0.989176 0 -0.146737
    outer loop
      vertex 6.92114 -6 8.2146
      vertex 6.9053 -4.2 8.10782
      vertex 6.92114 -4.2 8.2146
    endloop
  endfacet
  facet normal 0.989176 0 -0.146737
    outer loop
      vertex 6.9053 -4.2 8.10782
      vertex 6.92114 -6 8.2146
      vertex 6.9053 -6 8.10782
    endloop
  endfacet
  facet normal 0.97005 0 -0.242906
    outer loop
      vertex 6.94736 4.2 8.31931
      vertex 6.92114 6 8.2146
      vertex 6.94736 6 8.31931
    endloop
  endfacet
  facet normal 0.97005 0 -0.242906
    outer loop
      vertex 6.92114 6 8.2146
      vertex 6.94736 4.2 8.31931
      vertex 6.92114 4.2 8.2146
    endloop
  endfacet
  facet normal 0.97005 0 -0.242906
    outer loop
      vertex 6.94736 -6 8.31931
      vertex 6.92114 -4.2 8.2146
      vertex 6.94736 -4.2 8.31931
    endloop
  endfacet
  facet normal 0.97005 0 -0.242906
    outer loop
      vertex 6.92114 -4.2 8.2146
      vertex 6.94736 -6 8.31931
      vertex 6.92114 -6 8.2146
    endloop
  endfacet
  facet normal 0.97005 -0 0.242906
    outer loop
      vertex 6.92114 4.2 7.7854
      vertex 6.94736 6 7.68069
      vertex 6.92114 6 7.7854
    endloop
  endfacet
  facet normal 0.97005 0 0.242906
    outer loop
      vertex 6.94736 6 7.68069
      vertex 6.92114 4.2 7.7854
      vertex 6.94736 4.2 7.68069
    endloop
  endfacet
  facet normal 0.97005 -0 0.242906
    outer loop
      vertex 6.92114 -6 7.7854
      vertex 6.94736 -4.2 7.68069
      vertex 6.92114 -4.2 7.7854
    endloop
  endfacet
  facet normal 0.97005 0 0.242906
    outer loop
      vertex 6.94736 -4.2 7.68069
      vertex 6.92114 -6 7.7854
      vertex 6.94736 -6 7.68069
    endloop
  endfacet
  facet normal 0.427581 0 0.903977
    outer loop
      vertex 7.48146 6 7.02989
      vertex 7.57905 4.2 6.98373
      vertex 7.57905 6 6.98373
    endloop
  endfacet
  facet normal 0.427581 0 0.903977
    outer loop
      vertex 7.57905 4.2 6.98373
      vertex 7.48146 6 7.02989
      vertex 7.48146 4.2 7.02989
    endloop
  endfacet
  facet normal 0.427581 0 0.903977
    outer loop
      vertex 7.48146 -4.2 7.02989
      vertex 7.57905 -6 6.98373
      vertex 7.57905 -4.2 6.98373
    endloop
  endfacet
  facet normal 0.427581 0 0.903977
    outer loop
      vertex 7.57905 -6 6.98373
      vertex 7.48146 -4.2 7.02989
      vertex 7.48146 -6 7.02989
    endloop
  endfacet
  facet normal -0.427581 0 0.903977
    outer loop
      vertex 8.42095 6 6.98373
      vertex 8.51854 4.2 7.02989
      vertex 8.51854 6 7.02989
    endloop
  endfacet
  facet normal -0.427581 0 0.903977
    outer loop
      vertex 8.51854 4.2 7.02989
      vertex 8.42095 6 6.98373
      vertex 8.42095 4.2 6.98373
    endloop
  endfacet
  facet normal -0.427581 0 0.903977
    outer loop
      vertex 8.42095 -4.2 6.98373
      vertex 8.51854 -6 7.02989
      vertex 8.51854 -4.2 7.02989
    endloop
  endfacet
  facet normal -0.427581 0 0.903977
    outer loop
      vertex 8.51854 -6 7.02989
      vertex 8.42095 -4.2 6.98373
      vertex 8.42095 -6 6.98373
    endloop
  endfacet
  facet normal -0.903977 0 0.427581
    outer loop
      vertex 8.97011 4.2 7.48146
      vertex 9.01627 6 7.57905
      vertex 8.97011 6 7.48146
    endloop
  endfacet
  facet normal -0.903977 0 0.427581
    outer loop
      vertex 9.01627 6 7.57905
      vertex 8.97011 4.2 7.48146
      vertex 9.01627 4.2 7.57905
    endloop
  endfacet
  facet normal -0.903977 0 0.427581
    outer loop
      vertex 8.97011 -6 7.48146
      vertex 9.01627 -4.2 7.57905
      vertex 8.97011 -4.2 7.48146
    endloop
  endfacet
  facet normal -0.903977 0 0.427581
    outer loop
      vertex 9.01627 -4.2 7.57905
      vertex 8.97011 -6 7.48146
      vertex 9.01627 -6 7.57905
    endloop
  endfacet
  facet normal 0.941536 0 -0.336911
    outer loop
      vertex 6.98373 4.2 8.42095
      vertex 6.94736 6 8.31931
      vertex 6.98373 6 8.42095
    endloop
  endfacet
  facet normal 0.941536 0 -0.336911
    outer loop
      vertex 6.94736 6 8.31931
      vertex 6.98373 4.2 8.42095
      vertex 6.94736 4.2 8.31931
    endloop
  endfacet
  facet normal 0.941536 0 -0.336911
    outer loop
      vertex 6.98373 -6 8.42095
      vertex 6.94736 -4.2 8.31931
      vertex 6.98373 -4.2 8.42095
    endloop
  endfacet
  facet normal 0.941536 0 -0.336911
    outer loop
      vertex 6.94736 -4.2 8.31931
      vertex 6.98373 -6 8.42095
      vertex 6.94736 -6 8.31931
    endloop
  endfacet
  facet normal -0.242993 0 -0.970028
    outer loop
      vertex 8.2146 4.2 9.07886
      vertex 8.31931 6 9.05263
      vertex 8.31931 4.2 9.05263
    endloop
  endfacet
  facet normal -0.242993 0 -0.970028
    outer loop
      vertex 8.31931 6 9.05263
      vertex 8.2146 4.2 9.07886
      vertex 8.2146 6 9.07886
    endloop
  endfacet
  facet normal -0.242993 0 -0.970028
    outer loop
      vertex 8.2146 -6 9.07886
      vertex 8.31931 -4.2 9.05263
      vertex 8.31931 -6 9.05263
    endloop
  endfacet
  facet normal -0.242993 0 -0.970028
    outer loop
      vertex 8.31931 -4.2 9.05263
      vertex 8.2146 -6 9.07886
      vertex 8.2146 -4.2 9.07886
    endloop
  endfacet
  facet normal -0.595752 0 0.803168
    outer loop
      vertex 8.61113 6 7.08538
      vertex 8.69783 4.2 7.14969
      vertex 8.69783 6 7.14969
    endloop
  endfacet
  facet normal -0.595752 0 0.803168
    outer loop
      vertex 8.69783 4.2 7.14969
      vertex 8.61113 6 7.08538
      vertex 8.61113 4.2 7.08538
    endloop
  endfacet
  facet normal -0.595752 0 0.803168
    outer loop
      vertex 8.61113 -4.2 7.08538
      vertex 8.69783 -6 7.14969
      vertex 8.69783 -4.2 7.14969
    endloop
  endfacet
  facet normal -0.595752 0 0.803168
    outer loop
      vertex 8.69783 -6 7.14969
      vertex 8.61113 -4.2 7.08538
      vertex 8.61113 -6 7.08538
    endloop
  endfacet
  facet normal -0.0490967 0 0.998794
    outer loop
      vertex 8 6 6.9
      vertex 8.10782 4.2 6.9053
      vertex 8.10782 6 6.9053
    endloop
  endfacet
  facet normal -0.0490967 0 0.998794
    outer loop
      vertex 8.10782 4.2 6.9053
      vertex 8 6 6.9
      vertex 8 4.2 6.9
    endloop
  endfacet
  facet normal -0.0490967 0 0.998794
    outer loop
      vertex 8 -4.2 6.9
      vertex 8.10782 -6 6.9053
      vertex 8.10782 -4.2 6.9053
    endloop
  endfacet
  facet normal -0.0490967 0 0.998794
    outer loop
      vertex 8.10782 -6 6.9053
      vertex 8 -4.2 6.9
      vertex 8 -6 6.9
    endloop
  endfacet
  facet normal 0.146737 0 0.989176
    outer loop
      vertex 7.7854 6 6.92114
      vertex 7.89218 4.2 6.9053
      vertex 7.89218 6 6.9053
    endloop
  endfacet
  facet normal 0.146737 0 0.989176
    outer loop
      vertex 7.89218 4.2 6.9053
      vertex 7.7854 6 6.92114
      vertex 7.7854 4.2 6.92114
    endloop
  endfacet
  facet normal 0.146737 0 0.989176
    outer loop
      vertex 7.7854 -4.2 6.92114
      vertex 7.89218 -6 6.9053
      vertex 7.89218 -4.2 6.9053
    endloop
  endfacet
  facet normal 0.146737 0 0.989176
    outer loop
      vertex 7.89218 -6 6.9053
      vertex 7.7854 -4.2 6.92114
      vertex 7.7854 -6 6.92114
    endloop
  endfacet
  facet normal 0.998794 0 -0.0490967
    outer loop
      vertex 6.9053 4.2 8.10782
      vertex 6.9 6 8
      vertex 6.9053 6 8.10782
    endloop
  endfacet
  facet normal 0.998794 0 -0.0490967
    outer loop
      vertex 6.9 6 8
      vertex 6.9053 4.2 8.10782
      vertex 6.9 4.2 8
    endloop
  endfacet
  facet normal 0.998794 0 -0.0490967
    outer loop
      vertex 6.9053 -6 8.10782
      vertex 6.9 -4.2 8
      vertex 6.9053 -4.2 8.10782
    endloop
  endfacet
  facet normal 0.998794 0 -0.0490967
    outer loop
      vertex 6.9 -4.2 8
      vertex 6.9053 -6 8.10782
      vertex 6.9 -6 8
    endloop
  endfacet
  facet normal -0.740991 0 0.671515
    outer loop
      vertex 8.77782 4.2 7.22218
      vertex 8.85031 6 7.30217
      vertex 8.77782 6 7.22218
    endloop
  endfacet
  facet normal -0.740991 0 0.671515
    outer loop
      vertex 8.85031 6 7.30217
      vertex 8.77782 4.2 7.22218
      vertex 8.85031 4.2 7.30217
    endloop
  endfacet
  facet normal -0.740991 0 0.671515
    outer loop
      vertex 8.77782 -6 7.22218
      vertex 8.85031 -4.2 7.30217
      vertex 8.77782 -4.2 7.22218
    endloop
  endfacet
  facet normal -0.740991 0 0.671515
    outer loop
      vertex 8.85031 -4.2 7.30217
      vertex 8.77782 -6 7.22218
      vertex 8.85031 -6 7.30217
    endloop
  endfacet
  facet normal -1 0 0
    outer loop
      vertex 12.2 -4.2 -12.2
      vertex 12.2 4.2 12.2
      vertex 12.2 4.2 -12.2
    endloop
  endfacet
  facet normal -1 -0 0
    outer loop
      vertex 12.2 4.2 12.2
      vertex 12.2 -4.2 -12.2
      vertex 12.2 -4.2 12.2
    endloop
  endfacet
  facet normal 0 0 -1
    outer loop
      vertex -12.2 -4.2 12.2
      vertex 12.2 4.2 12.2
      vertex 12.2 -4.2 12.2
    endloop
  endfacet
  facet normal -0 0 -1
    outer loop
      vertex 12.2 4.2 12.2
      vertex -12.2 -4.2 12.2
      vertex -12.2 4.2 12.2
    endloop
  endfacet
  facet normal -0 0 1
    outer loop
      vertex -12.2 4.2 -12.2
      vertex 12.2 -4.2 -12.2
      vertex 12.2 4.2 -12.2
    endloop
  endfacet
  facet normal 0 0 1
    outer loop
      vertex 12.2 -4.2 -12.2
      vertex -12.2 4.2 -12.2
      vertex -12.2 -4.2 -12.2
    endloop
  endfacet
  facet normal 1 -0 0
    outer loop
      vertex -12.2 -4.2 12.2
      vertex -12.2 4.2 -12.2
      vertex -12.2 4.2 12.2
    endloop
  endfacet
  facet normal 1 0 0
    outer loop
      vertex -12.2 4.2 -12.2
      vertex -12.2 -4.2 12.2
      vertex -12.2 -4.2 -12.2
    endloop
  endfacet
  facet normal 0 -1 -0
    outer loop
      vertex -2.82843 4.2 -2.82843
      vertex -7.14969 4.2 -7.30217
      vertex -2.53757 4.2 -3.09204
    endloop
  endfacet
  facet normal 0 -1 0
    outer loop
      vertex 0 4.2 -4
      vertex 7.89218 4.2 -6.9053
      vertex 8 4.2 -6.9
    endloop
  endfacet
  facet normal 0 -1 0
    outer loop
      vertex -7.08538 4.2 -7.38887
      vertex -2.53757 4.2 -3.09204
      vertex -7.14969 4.2 -7.30217
    endloop
  endfacet
  facet normal 0 -1 0
    outer loop
      vertex 0 4.2 -4
      vertex 7.7854 4.2 -6.92114
      vertex 7.89218 4.2 -6.9053
    endloop
  endfacet
  facet normal 0 -1 -0
    outer loop
      vertex -2.53757 4.2 -3.09204
      vertex -7.08538 4.2 -7.38887
      vertex -2.22228 4.2 -3.32588
    endloop
  endfacet
  facet normal 0 -1 0
    outer loop
      vertex 0 4.2 -4
      vertex 7.68069 4.2 -6.94736
      vertex 7.7854 4.2 -6.92114
    endloop
  endfacet
  facet normal 0 -1 0
    outer loop
      vertex -7.02989 4.2 -7.48146
      vertex -2.22228 4.2 -3.32588
      vertex -7.08538 4.2 -7.38887
    endloop
  endfacet
  facet normal 0 -1 0
    outer loop
      vertex 0 4.2 -4
      vertex 7.57905 4.2 -6.98373
      vertex 7.68069 4.2 -6.94736
    endloop
  endfacet
  facet normal 0 -1 0
    outer loop
      vertex -6.98373 4.2 -7.57905
      vertex -2.22228 4.2 -3.32588
      vertex -7.02989 4.2 -7.48146
    endloop
  endfacet
  facet normal 0 -1 0
    outer loop
      vertex 0 4.2 -4
      vertex 7.48146 4.2 -7.02989
      vertex 7.57905 4.2 -6.98373
    endloop
  endfacet
  facet normal 0 -1 -0
    outer loop
      vertex -2.22228 4.2 -3.32588
      vertex -6.98373 4.2 -7.57905
      vertex -1.88559 4.2 -3.52768
    endloop
  endfacet
  facet normal 0 -1 0
    outer loop
      vertex 0 4.2 -4
      vertex 7.38887 4.2 -7.08538
      vertex 7.48146 4.2 -7.02989
    endloop
  endfacet
  facet normal 0 -1 0
    outer loop
      vertex -6.94736 4.2 -7.68069
      vertex -1.88559 4.2 -3.52768
      vertex -6.98373 4.2 -7.57905
    endloop
  endfacet
  facet normal 0 -1 0
    outer loop
      vertex 0 4.2 -4
      vertex 7.30217 4.2 -7.14969
      vertex 7.38887 4.2 -7.08538
    endloop
  endfacet
  facet normal 0 -1 0
    outer loop
      vertex -6.92114 4.2 -7.7854
      vertex -1.88559 4.2 -3.52768
      vertex -6.94736 4.2 -7.68069
    endloop
  endfacet
  facet normal 0 -1 0
    outer loop
      vertex 0 4.2 -4
      vertex 7.22218 4.2 -7.22218
      vertex 7.30217 4.2 -7.14969
    endloop
  endfacet
  facet normal 0 -1 -0
    outer loop
      vertex -1.88559 4.2 -3.52768
      vertex -6.92114 4.2 -7.7854
      vertex -1.53073 4.2 -3.69552
    endloop
  endfacet
  facet normal 0 -1 0
    outer loop
      vertex 0 4.2 -4
      vertex 7.14969 4.2 -7.30217
      vertex 7.22218 4.2 -7.22218
    endloop
  endfacet
  facet normal 0 -1 0
    outer loop
      vertex -6.9053 4.2 -7.89218
      vertex -1.53073 4.2 -3.69552
      vertex -6.92114 4.2 -7.7854
    endloop
  endfacet
  facet normal 0 -1 0
    outer loop
      vertex 0 4.2 -4
      vertex 7.08538 4.2 -7.38887
      vertex 7.14969 4.2 -7.30217
    endloop
  endfacet
  facet normal 0 -1 -0
    outer loop
      vertex -1.53073 4.2 -3.69552
      vertex -6.9053 4.2 -7.89218
      vertex -1.16114 4.2 -3.82776
    endloop
  endfacet
  facet normal 0 -1 0
    outer loop
      vertex 0 4.2 -4
      vertex 7.02989 4.2 -7.48146
      vertex 7.08538 4.2 -7.38887
    endloop
  endfacet
  facet normal 0 -1 0
    outer loop
      vertex -6.9 4.2 -8
      vertex -1.16114 4.2 -3.82776
      vertex -6.9053 4.2 -7.89218
    endloop
  endfacet
  facet normal 0 -1 0
    outer loop
      vertex 0 4.2 -4
      vertex 6.98373 4.2 -7.57905
      vertex 7.02989 4.2 -7.48146
    endloop
  endfacet
  facet normal 0 -1 0
    outer loop
      vertex -6.9053 4.2 -8.10782
      vertex -1.16114 4.2 -3.82776
      vertex -6.9 4.2 -8
    endloop
  endfacet
  facet normal 0 -1 0
    outer loop
      vertex 0 4.2 -4
      vertex 6.94736 4.2 -7.68069
      vertex 6.98373 4.2 -7.57905
    endloop
  endfacet
  facet normal 0 -1 -0
    outer loop
      vertex -1.16114 4.2 -3.82776
      vertex -6.9053 4.2 -8.10782
      vertex -0.780361 4.2 -3.92314
    endloop
  endfacet
  facet normal 0 -1 0
    outer loop
      vertex 0 4.2 -4
      vertex 6.92114 4.2 -7.7854
      vertex 6.94736 4.2 -7.68069
    endloop
  endfacet
  facet normal 0 -1 0
    outer loop
      vertex -6.92114 4.2 -8.2146
      vertex -0.780361 4.2 -3.92314
      vertex -6.9053 4.2 -8.10782
    endloop
  endfacet
  facet normal 0 -1 0
    outer loop
      vertex 0 4.2 -4
      vertex 6.9053 4.2 -7.89218
      vertex 6.92114 4.2 -7.7854
    endloop
  endfacet
  facet normal 0 -1 -0
    outer loop
      vertex -0.780361 4.2 -3.92314
      vertex -6.92114 4.2 -8.2146
      vertex -0.392068 4.2 -3.98074
    endloop
  endfacet
  facet normal 0 -1 0
    outer loop
      vertex 0 4.2 -4
      vertex 6.9 4.2 -8
      vertex 6.9053 4.2 -7.89218
    endloop
  endfacet
  facet normal 0 -1 0
    outer loop
      vertex -6.94736 4.2 -8.31931
      vertex -0.392068 4.2 -3.98074
      vertex -6.92114 4.2 -8.2146
    endloop
  endfacet
  facet normal 0 -1 0
    outer loop
      vertex 0 4.2 -4
      vertex 6.9053 4.2 -8.10782
      vertex 6.9 4.2 -8
    endloop
  endfacet
  facet normal 0 -1 0
    outer loop
      vertex -6.98373 4.2 -8.42095
      vertex -0.392068 4.2 -3.98074
      vertex -6.94736 4.2 -8.31931
    endloop
  endfacet
  facet normal 0 -1 0
    outer loop
      vertex 0 4.2 -4
      vertex 6.92114 4.2 -8.2146
      vertex 6.9053 4.2 -8.10782
    endloop
  endfacet
  facet normal 0 -1 -0
    outer loop
      vertex -0.392068 4.2 -3.98074
      vertex -6.98373 4.2 -8.42095
      vertex 0 4.2 -4
    endloop
  endfacet
  facet normal 0 -1 0
    outer loop
      vertex 0 4.2 -4
      vertex 6.94736 4.2 -8.31931
      vertex 6.92114 4.2 -8.2146
    endloop
  endfacet
  facet normal 0 -1 0
    outer loop
      vertex 6.98373 4.2 -8.42095
      vertex 0 4.2 -4
      vertex -6.98373 4.2 -8.42095
    endloop
  endfacet
  facet normal 0 -1 0
    outer loop
      vertex 0 4.2 -4
      vertex 6.98373 4.2 -8.42095
      vertex 6.94736 4.2 -8.31931
    endloop
  endfacet
  facet normal 0 -1 0
    outer loop
      vertex -7.02989 4.2 -8.51854
      vertex 6.98373 4.2 -8.42095
      vertex -6.98373 4.2 -8.42095
    endloop
  endfacet
  facet normal 0 -1 0
    outer loop
      vertex -7.02989 4.2 -8.51854
      vertex 7.02989 4.2 -8.51854
      vertex 6.98373 4.2 -8.42095
    endloop
  endfacet
  facet normal 0 -1 0
    outer loop
      vertex -7.08538 4.2 -8.61113
      vertex 7.02989 4.2 -8.51854
      vertex -7.02989 4.2 -8.51854
    endloop
  endfacet
  facet normal 0 -1 0
    outer loop
      vertex -7.08538 4.2 -8.61113
      vertex 7.08538 4.2 -8.61113
      vertex 7.02989 4.2 -8.51854
    endloop
  endfacet
  facet normal 0 -1 0
    outer loop
      vertex -7.14969 4.2 -8.69783
      vertex 7.08538 4.2 -8.61113
      vertex -7.08538 4.2 -8.61113
    endloop
  endfacet
  facet normal 0 -1 0
    outer loop
      vertex -7.14969 4.2 -8.69783
      vertex 7.14969 4.2 -8.69783
      vertex 7.08538 4.2 -8.61113
    endloop
  endfacet
  facet normal 0 -1 0
    outer loop
      vertex -7.22218 4.2 -8.77782
      vertex 7.14969 4.2 -8.69783
      vertex -7.14969 4.2 -8.69783
    endloop
  endfacet
  facet normal 0 -1 0
    outer loop
      vertex -7.22218 4.2 -8.77782
      vertex 7.22218 4.2 -8.77782
      vertex 7.14969 4.2 -8.69783
    endloop
  endfacet
  facet normal 0 -1 0
    outer loop
      vertex -7.30217 4.2 -8.85031
      vertex 7.22218 4.2 -8.77782
      vertex -7.22218 4.2 -8.77782
    endloop
  endfacet
  facet normal 0 -1 0
    outer loop
      vertex -7.30217 4.2 -8.85031
      vertex 7.30217 4.2 -8.85031
      vertex 7.22218 4.2 -8.77782
    endloop
  endfacet
  facet normal 0 -1 0
    outer loop
      vertex -7.38887 4.2 -8.91462
      vertex 7.30217 4.2 -8.85031
      vertex -7.30217 4.2 -8.85031
    endloop
  endfacet
  facet normal 0 -1 0
    outer loop
      vertex -7.38887 4.2 -8.91462
      vertex 7.38887 4.2 -8.91462
      vertex 7.30217 4.2 -8.85031
    endloop
  endfacet
  facet normal 0 -1 0
    outer loop
      vertex -7.48146 4.2 -8.97011
      vertex 7.38887 4.2 -8.91462
      vertex -7.38887 4.2 -8.91462
    endloop
  endfacet
  facet normal 0 -1 0
    outer loop
      vertex -7.48146 4.2 -8.97011
      vertex 7.48146 4.2 -8.97011
      vertex 7.38887 4.2 -8.91462
    endloop
  endfacet
  facet normal 0 -1 0
    outer loop
      vertex -7.57905 4.2 -9.01627
      vertex 7.48146 4.2 -8.97011
      vertex -7.48146 4.2 -8.97011
    endloop
  endfacet
  facet normal 0 -1 0
    outer loop
      vertex -7.57905 4.2 -9.01627
      vertex 7.57905 4.2 -9.01627
      vertex 7.48146 4.2 -8.97011
    endloop
  endfacet
  facet normal 0 -1 0
    outer loop
      vertex -12.2 4.2 -12.2
      vertex -7.57905 4.2 -9.01627
      vertex -7.68069 4.2 -9.05263
    endloop
  endfacet
  facet normal 0 -1 -0
    outer loop
      vertex -7.57905 4.2 -9.01627
      vertex -12.2 4.2 -12.2
      vertex 7.57905 4.2 -9.01627
    endloop
  endfacet
  facet normal 0 -1 0
    outer loop
      vertex -12.2 4.2 -12.2
      vertex -7.68069 4.2 -9.05263
      vertex -7.7854 4.2 -9.07886
    endloop
  endfacet
  facet normal 0 -1 0
    outer loop
      vertex 12.2 4.2 -12.2
      vertex 7.57905 4.2 -9.01627
      vertex -12.2 4.2 -12.2
    endloop
  endfacet
  facet normal 0 -1 0
    outer loop
      vertex -12.2 4.2 -12.2
      vertex -7.7854 4.2 -9.07886
      vertex -7.89218 4.2 -9.0947
    endloop
  endfacet
  facet normal 0 -1 0
    outer loop
      vertex 7.57905 4.2 -9.01627
      vertex 12.2 4.2 -12.2
      vertex 7.68069 4.2 -9.05263
    endloop
  endfacet
  facet normal 0 -1 0
    outer loop
      vertex -12.2 4.2 -12.2
      vertex -7.89218 4.2 -9.0947
      vertex -8 4.2 -9.1
    endloop
  endfacet
  facet normal 0 -1 0
    outer loop
      vertex 7.68069 4.2 -9.05263
      vertex 12.2 4.2 -12.2
      vertex 7.7854 4.2 -9.07886
    endloop
  endfacet
  facet normal 0 -1 0
    outer loop
      vertex -7.68069 4.2 9.05263
      vertex -12.2 4.2 12.2
      vertex -7.7854 4.2 9.07886
    endloop
  endfacet
  facet normal 0 -1 0
    outer loop
      vertex 12.2 4.2 12.2
      vertex 7.89218 4.2 9.0947
      vertex 8 4.2 9.1
    endloop
  endfacet
  facet normal 0 -1 0
    outer loop
      vertex -7.57905 4.2 9.01627
      vertex -12.2 4.2 12.2
      vertex -7.68069 4.2 9.05263
    endloop
  endfacet
  facet normal 0 -1 0
    outer loop
      vertex 12.2 4.2 12.2
      vertex 7.7854 4.2 9.07886
      vertex 7.89218 4.2 9.0947
    endloop
  endfacet
  facet normal 0 -1 0
    outer loop
      vertex -12.2 4.2 12.2
      vertex -7.57905 4.2 9.01627
      vertex 12.2 4.2 12.2
    endloop
  endfacet
  facet normal 0 -1 0
    outer loop
      vertex 12.2 4.2 12.2
      vertex 7.68069 4.2 9.05263
      vertex 7.7854 4.2 9.07886
    endloop
  endfacet
  facet normal 0 -1 0
    outer loop
      vertex 7.57905 4.2 9.01627
      vertex 12.2 4.2 12.2
      vertex -7.57905 4.2 9.01627
    endloop
  endfacet
  facet normal 0 -1 0
    outer loop
      vertex 12.2 4.2 12.2
      vertex 7.57905 4.2 9.01627
      vertex 7.68069 4.2 9.05263
    endloop
  endfacet
  facet normal 0 -1 0
    outer loop
      vertex -7.48146 4.2 8.97011
      vertex 7.57905 4.2 9.01627
      vertex -7.57905 4.2 9.01627
    endloop
  endfacet
  facet normal 0 -1 0
    outer loop
      vertex -7.48146 4.2 8.97011
      vertex 7.48146 4.2 8.97011
      vertex 7.57905 4.2 9.01627
    endloop
  endfacet
  facet normal 0 -1 0
    outer loop
      vertex -7.38887 4.2 8.91462
      vertex 7.48146 4.2 8.97011
      vertex -7.48146 4.2 8.97011
    endloop
  endfacet
  facet normal 0 -1 0
    outer loop
      vertex -7.38887 4.2 8.91462
      vertex 7.38887 4.2 8.91462
      vertex 7.48146 4.2 8.97011
    endloop
  endfacet
  facet normal 0 -1 0
    outer loop
      vertex -7.30217 4.2 8.85031
      vertex 7.38887 4.2 8.91462
      vertex -7.38887 4.2 8.91462
    endloop
  endfacet
  facet normal 0 -1 0
    outer loop
      vertex -7.30217 4.2 8.85031
      vertex 7.30217 4.2 8.85031
      vertex 7.38887 4.2 8.91462
    endloop
  endfacet
  facet normal 0 -1 0
    outer loop
      vertex -7.22218 4.2 8.77782
      vertex 7.30217 4.2 8.85031
      vertex -7.30217 4.2 8.85031
    endloop
  endfacet
  facet normal 0 -1 0
    outer loop
      vertex -7.22218 4.2 8.77782
      vertex 7.22218 4.2 8.77782
      vertex 7.30217 4.2 8.85031
    endloop
  endfacet
  facet normal 0 -1 0
    outer loop
      vertex -7.14969 4.2 8.69783
      vertex 7.22218 4.2 8.77782
      vertex -7.22218 4.2 8.77782
    endloop
  endfacet
  facet normal 0 -1 0
    outer loop
      vertex -7.14969 4.2 8.69783
      vertex 7.14969 4.2 8.69783
      vertex 7.22218 4.2 8.77782
    endloop
  endfacet
  facet normal 0 -1 0
    outer loop
      vertex -7.08538 4.2 8.61113
      vertex 7.14969 4.2 8.69783
      vertex -7.14969 4.2 8.69783
    endloop
  endfacet
  facet normal 0 -1 0
    outer loop
      vertex -7.08538 4.2 8.61113
      vertex 7.08538 4.2 8.61113
      vertex 7.14969 4.2 8.69783
    endloop
  endfacet
  facet normal 0 -1 0
    outer loop
      vertex -7.02989 4.2 8.51854
      vertex 7.08538 4.2 8.61113
      vertex -7.08538 4.2 8.61113
    endloop
  endfacet
  facet normal 0 -1 0
    outer loop
      vertex -7.02989 4.2 8.51854
      vertex 7.02989 4.2 8.51854
      vertex 7.08538 4.2 8.61113
    endloop
  endfacet
  facet normal 0 -1 0
    outer loop
      vertex -6.98373 4.2 8.42095
      vertex 7.02989 4.2 8.51854
      vertex -7.02989 4.2 8.51854
    endloop
  endfacet
  facet normal 0 -1 0
    outer loop
      vertex -6.98373 4.2 8.42095
      vertex 6.98373 4.2 8.42095
      vertex 7.02989 4.2 8.51854
    endloop
  endfacet
  facet normal 0 -1 0
    outer loop
      vertex -0.392068 4.2 3.98074
      vertex -6.98373 4.2 8.42095
      vertex -6.94736 4.2 8.31931
    endloop
  endfacet
  facet normal 0 -1 0
    outer loop
      vertex -6.98373 4.2 8.42095
      vertex 0 4.2 4
      vertex 6.98373 4.2 8.42095
    endloop
  endfacet
  facet normal 0 -1 0
    outer loop
      vertex -0.392068 4.2 3.98074
      vertex -6.94736 4.2 8.31931
      vertex -6.92114 4.2 8.2146
    endloop
  endfacet
  facet normal 0 -1 0
    outer loop
      vertex 0.392068 4.2 3.98074
      vertex 6.98373 4.2 8.42095
      vertex 0 4.2 4
    endloop
  endfacet
  facet normal 0 -1 0
    outer loop
      vertex -0.780361 4.2 3.92314
      vertex -6.92114 4.2 8.2146
      vertex -6.9053 4.2 8.10782
    endloop
  endfacet
  facet normal 0 -1 0
    outer loop
      vertex 6.98373 4.2 8.42095
      vertex 0.392068 4.2 3.98074
      vertex 6.94736 4.2 8.31931
    endloop
  endfacet
  facet normal 0 -1 0
    outer loop
      vertex -1.16114 4.2 3.82776
      vertex -6.9053 4.2 8.10782
      vertex -6.9 4.2 8
    endloop
  endfacet
  facet normal 0 -1 0
    outer loop
      vertex 6.94736 4.2 8.31931
      vertex 0.392068 4.2 3.98074
      vertex 6.92114 4.2 8.2146
    endloop
  endfacet
  facet normal 0 -1 0
    outer loop
      vertex -1.16114 4.2 3.82776
      vertex -6.9 4.2 8
      vertex -6.9053 4.2 7.89218
    endloop
  endfacet
  facet normal 0 -1 0
    outer loop
      vertex 0.780361 4.2 3.92314
      vertex 6.92114 4.2 8.2146
      vertex 0.392068 4.2 3.98074
    endloop
  endfacet
  facet normal 0 -1 0
    outer loop
      vertex -1.53073 4.2 3.69552
      vertex -6.9053 4.2 7.89218
      vertex -6.92114 4.2 7.7854
    endloop
  endfacet
  facet normal 0 -1 0
    outer loop
      vertex 6.92114 4.2 8.2146
      vertex 0.780361 4.2 3.92314
      vertex 6.9053 4.2 8.10782
    endloop
  endfacet
  facet normal 0 -1 0
    outer loop
      vertex -1.88559 4.2 3.52768
      vertex -6.92114 4.2 7.7854
      vertex -6.94736 4.2 7.68069
    endloop
  endfacet
  facet normal 0 -1 0
    outer loop
      vertex 1.16114 4.2 3.82776
      vertex 6.9053 4.2 8.10782
      vertex 0.780361 4.2 3.92314
    endloop
  endfacet
  facet normal 0 -1 0
    outer loop
      vertex -1.88559 4.2 3.52768
      vertex -6.94736 4.2 7.68069
      vertex -6.98373 4.2 7.57905
    endloop
  endfacet
  facet normal 0 -1 0
    outer loop
      vertex 6.9053 4.2 8.10782
      vertex 1.16114 4.2 3.82776
      vertex 6.9 4.2 8
    endloop
  endfacet
  facet normal 0 -1 0
    outer loop
      vertex -2.22228 4.2 3.32588
      vertex -6.98373 4.2 7.57905
      vertex -7.02989 4.2 7.48146
    endloop
  endfacet
  facet normal 0 -1 -0
    outer loop
      vertex 6.9 4.2 8
      vertex 1.16114 4.2 3.82776
      vertex 6.9053 4.2 7.89218
    endloop
  endfacet
  facet normal 0 -1 0
    outer loop
      vertex -2.22228 4.2 3.32588
      vertex -7.02989 4.2 7.48146
      vertex -7.08538 4.2 7.38887
    endloop
  endfacet
  facet normal 0 -1 0
    outer loop
      vertex 1.53073 4.2 3.69552
      vertex 6.9053 4.2 7.89218
      vertex 1.16114 4.2 3.82776
    endloop
  endfacet
  facet normal 0 -1 0
    outer loop
      vertex -2.53757 4.2 3.09204
      vertex -7.08538 4.2 7.38887
      vertex -7.14969 4.2 7.30217
    endloop
  endfacet
  facet normal 0 -1 -0
    outer loop
      vertex 6.9053 4.2 7.89218
      vertex 1.53073 4.2 3.69552
      vertex 6.92114 4.2 7.7854
    endloop
  endfacet
  facet normal 0 -1 0
    outer loop
      vertex -2.82843 4.2 2.82843
      vertex -7.14969 4.2 7.30217
      vertex -7.22218 4.2 7.22218
    endloop
  endfacet
  facet normal 0 -1 0
    outer loop
      vertex 1.88559 4.2 3.52768
      vertex 6.92114 4.2 7.7854
      vertex 1.53073 4.2 3.69552
    endloop
  endfacet
  facet normal 0 -1 0
    outer loop
      vertex -2.82843 4.2 2.82843
      vertex -7.22218 4.2 7.22218
      vertex -7.30217 4.2 7.14969
    endloop
  endfacet
  facet normal 0 -1 -0
    outer loop
      vertex 6.92114 4.2 7.7854
      vertex 1.88559 4.2 3.52768
      vertex 6.94736 4.2 7.68069
    endloop
  endfacet
  facet normal 0 -1 0
    outer loop
      vertex -3.09204 4.2 2.53757
      vertex -7.30217 4.2 7.14969
      vertex -7.38887 4.2 7.08538
    endloop
  endfacet
  facet normal 0 -1 -0
    outer loop
      vertex 6.94736 4.2 7.68069
      vertex 1.88559 4.2 3.52768
      vertex 6.98373 4.2 7.57905
    endloop
  endfacet
  facet normal 0 -1 0
    outer loop
      vertex -3.09204 4.2 2.53757
      vertex -7.38887 4.2 7.08538
      vertex -7.48146 4.2 7.02989
    endloop
  endfacet
  facet normal 0 -1 0
    outer loop
      vertex 2.22228 4.2 3.32588
      vertex 6.98373 4.2 7.57905
      vertex 1.88559 4.2 3.52768
    endloop
  endfacet
  facet normal 0 -1 0
    outer loop
      vertex -3.32588 4.2 2.22228
      vertex -7.48146 4.2 7.02989
      vertex -7.57905 4.2 6.98373
    endloop
  endfacet
  facet normal 0 -1 -0
    outer loop
      vertex 6.98373 4.2 7.57905
      vertex 2.22228 4.2 3.32588
      vertex 7.02989 4.2 7.48146
    endloop
  endfacet
  facet normal 0 -1 0
    outer loop
      vertex -3.52768 4.2 1.88559
      vertex -7.57905 4.2 6.98373
      vertex -7.68069 4.2 6.94736
    endloop
  endfacet
  facet normal 0 -1 -0
    outer loop
      vertex 7.02989 4.2 7.48146
      vertex 2.22228 4.2 3.32588
      vertex 7.08538 4.2 7.38887
    endloop
  endfacet
  facet normal 0 -1 0
    outer loop
      vertex -3.52768 4.2 1.88559
      vertex -7.68069 4.2 6.94736
      vertex -7.7854 4.2 6.92114
    endloop
  endfacet
  facet normal 0 -1 0
    outer loop
      vertex 2.53757 4.2 3.09204
      vertex 7.08538 4.2 7.38887
      vertex 2.22228 4.2 3.32588
    endloop
  endfacet
  facet normal 0 -1 0
    outer loop
      vertex -3.69552 4.2 1.53073
      vertex -7.7854 4.2 6.92114
      vertex -7.89218 4.2 6.9053
    endloop
  endfacet
  facet normal 0 -1 -0
    outer loop
      vertex 7.08538 4.2 7.38887
      vertex 2.53757 4.2 3.09204
      vertex 7.14969 4.2 7.30217
    endloop
  endfacet
  facet normal 0 -1 0
    outer loop
      vertex -3.82776 4.2 1.16114
      vertex -7.89218 4.2 6.9053
      vertex -8 4.2 6.9
    endloop
  endfacet
  facet normal 0 -1 0
    outer loop
      vertex 2.82843 4.2 2.82843
      vertex 7.14969 4.2 7.30217
      vertex 2.53757 4.2 3.09204
    endloop
  endfacet
  facet normal 0 -1 0
    outer loop
      vertex -7.89218 4.2 9.0947
      vertex -12.2 4.2 12.2
      vertex -8 4.2 9.1
    endloop
  endfacet
  facet normal 0 -1 0
    outer loop
      vertex -12.2 4.2 12.2
      vertex -8.10782 4.2 9.0947
      vertex -8 4.2 9.1
    endloop
  endfacet
  facet normal 0 -1 0
    outer loop
      vertex -12.2 4.2 12.2
      vertex -8.2146 4.2 9.07886
      vertex -8.10782 4.2 9.0947
    endloop
  endfacet
  facet normal 0 -1 0
    outer loop
      vertex -12.2 4.2 12.2
      vertex -8.31931 4.2 9.05263
      vertex -8.2146 4.2 9.07886
    endloop
  endfacet
  facet normal 0 -1 0
    outer loop
      vertex -12.2 4.2 12.2
      vertex -8.42095 4.2 9.01627
      vertex -8.31931 4.2 9.05263
    endloop
  endfacet
  facet normal 0 -1 0
    outer loop
      vertex -12.2 4.2 12.2
      vertex -8.51854 4.2 8.97011
      vertex -8.42095 4.2 9.01627
    endloop
  endfacet
  facet normal 0 -1 0
    outer loop
      vertex -12.2 4.2 12.2
      vertex -8.61113 4.2 8.91462
      vertex -8.51854 4.2 8.97011
    endloop
  endfacet
  facet normal 0 -1 0
    outer loop
      vertex -12.2 4.2 12.2
      vertex -8.69783 4.2 8.85031
      vertex -8.61113 4.2 8.91462
    endloop
  endfacet
  facet normal 0 -1 0
    outer loop
      vertex -12.2 4.2 12.2
      vertex -8.77782 4.2 8.77782
      vertex -8.69783 4.2 8.85031
    endloop
  endfacet
  facet normal 0 -1 0
    outer loop
      vertex -12.2 4.2 12.2
      vertex -8.85031 4.2 8.69783
      vertex -8.77782 4.2 8.77782
    endloop
  endfacet
  facet normal 0 -1 0
    outer loop
      vertex -12.2 4.2 12.2
      vertex -8.91462 4.2 8.61113
      vertex -8.85031 4.2 8.69783
    endloop
  endfacet
  facet normal 0 -1 0
    outer loop
      vertex -12.2 4.2 12.2
      vertex -8.97011 4.2 8.51854
      vertex -8.91462 4.2 8.61113
    endloop
  endfacet
  facet normal 0 -1 0
    outer loop
      vertex -12.2 4.2 12.2
      vertex -9.01627 4.2 8.42095
      vertex -8.97011 4.2 8.51854
    endloop
  endfacet
  facet normal 0 -1 0
    outer loop
      vertex -12.2 4.2 12.2
      vertex -9.05263 4.2 8.31931
      vertex -9.01627 4.2 8.42095
    endloop
  endfacet
  facet normal 0 -1 0
    outer loop
      vertex -12.2 4.2 12.2
      vertex -9.07886 4.2 8.2146
      vertex -9.05263 4.2 8.31931
    endloop
  endfacet
  facet normal 0 -1 0
    outer loop
      vertex -12.2 4.2 12.2
      vertex -9.0947 4.2 8.10782
      vertex -9.07886 4.2 8.2146
    endloop
  endfacet
  facet normal 0 -1 0
    outer loop
      vertex -12.2 4.2 12.2
      vertex -9.1 4.2 8
      vertex -9.0947 4.2 8.10782
    endloop
  endfacet
  facet normal 0 -1 0
    outer loop
      vertex -12.2 4.2 12.2
      vertex -9.0947 4.2 7.89218
      vertex -9.1 4.2 8
    endloop
  endfacet
  facet normal 0 -1 0
    outer loop
      vertex -12.2 4.2 12.2
      vertex -9.07886 4.2 7.7854
      vertex -9.0947 4.2 7.89218
    endloop
  endfacet
  facet normal 0 -1 0
    outer loop
      vertex -12.2 4.2 12.2
      vertex -9.05263 4.2 7.68069
      vertex -9.07886 4.2 7.7854
    endloop
  endfacet
  facet normal 0 -1 0
    outer loop
      vertex -12.2 4.2 12.2
      vertex -9.01627 4.2 7.57905
      vertex -9.05263 4.2 7.68069
    endloop
  endfacet
  facet normal 0 -1 0
    outer loop
      vertex -12.2 4.2 12.2
      vertex -8.97011 4.2 7.48146
      vertex -9.01627 4.2 7.57905
    endloop
  endfacet
  facet normal 0 -1 0
    outer loop
      vertex -8.97011 4.2 -7.48146
      vertex -8.97011 4.2 7.48146
      vertex -12.2 4.2 12.2
    endloop
  endfacet
  facet normal 0 -1 -0
    outer loop
      vertex 7.14969 4.2 7.30217
      vertex 2.82843 4.2 2.82843
      vertex 7.22218 4.2 7.22218
    endloop
  endfacet
  facet normal 0 -1 0
    outer loop
      vertex -3.82776 4.2 1.16114
      vertex -8 4.2 6.9
      vertex -8.10782 4.2 6.9053
    endloop
  endfacet
  facet normal 0 -1 0
    outer loop
      vertex -3.92314 4.2 0.780361
      vertex -8.10782 4.2 6.9053
      vertex -8.2146 4.2 6.92114
    endloop
  endfacet
  facet normal 0 -1 0
    outer loop
      vertex -3.98074 4.2 0.392068
      vertex -8.2146 4.2 6.92114
      vertex -8.31931 4.2 6.94736
    endloop
  endfacet
  facet normal 0 -1 0
    outer loop
      vertex -6.98373 4.2 8.42095
      vertex -0.392068 4.2 3.98074
      vertex 0 4.2 4
    endloop
  endfacet
  facet normal 0 -1 0
    outer loop
      vertex -3.98074 4.2 0.392068
      vertex -8.31931 4.2 6.94736
      vertex -8.42095 4.2 6.98373
    endloop
  endfacet
  facet normal 0 -1 0
    outer loop
      vertex -6.92114 4.2 8.2146
      vertex -0.780361 4.2 3.92314
      vertex -0.392068 4.2 3.98074
    endloop
  endfacet
  facet normal 0 -1 0
    outer loop
      vertex -6.9053 4.2 8.10782
      vertex -1.16114 4.2 3.82776
      vertex -0.780361 4.2 3.92314
    endloop
  endfacet
  facet normal 0 -1 0
    outer loop
      vertex -6.9053 4.2 7.89218
      vertex -1.53073 4.2 3.69552
      vertex -1.16114 4.2 3.82776
    endloop
  endfacet
  facet normal 0 -1 0
    outer loop
      vertex -4 4.2 0
      vertex -8.42095 4.2 6.98373
      vertex -8.51854 4.2 7.02989
    endloop
  endfacet
  facet normal 0 -1 0
    outer loop
      vertex -6.92114 4.2 7.7854
      vertex -1.88559 4.2 3.52768
      vertex -1.53073 4.2 3.69552
    endloop
  endfacet
  facet normal 0 -1 0
    outer loop
      vertex -6.98373 4.2 7.57905
      vertex -2.22228 4.2 3.32588
      vertex -1.88559 4.2 3.52768
    endloop
  endfacet
  facet normal 0 -1 0
    outer loop
      vertex -7.08538 4.2 7.38887
      vertex -2.53757 4.2 3.09204
      vertex -2.22228 4.2 3.32588
    endloop
  endfacet
  facet normal 0 -1 0
    outer loop
      vertex -8.51854 4.2 -7.02989
      vertex -8.51854 4.2 7.02989
      vertex -8.61113 4.2 7.08538
    endloop
  endfacet
  facet normal 0 -1 0
    outer loop
      vertex -7.14969 4.2 7.30217
      vertex -2.82843 4.2 2.82843
      vertex -2.53757 4.2 3.09204
    endloop
  endfacet
  facet normal 0 -1 0
    outer loop
      vertex -7.30217 4.2 7.14969
      vertex -3.09204 4.2 2.53757
      vertex -2.82843 4.2 2.82843
    endloop
  endfacet
  facet normal 0 -1 0
    outer loop
      vertex -8.61113 4.2 -7.08538
      vertex -8.61113 4.2 7.08538
      vertex -8.69783 4.2 7.14969
    endloop
  endfacet
  facet normal 0 -1 0
    outer loop
      vertex -7.48146 4.2 7.02989
      vertex -3.32588 4.2 2.22228
      vertex -3.09204 4.2 2.53757
    endloop
  endfacet
  facet normal 0 -1 0
    outer loop
      vertex -8.69783 4.2 -7.14969
      vertex -8.69783 4.2 7.14969
      vertex -8.77782 4.2 7.22218
    endloop
  endfacet
  facet normal 0 -1 0
    outer loop
      vertex -7.57905 4.2 6.98373
      vertex -3.52768 4.2 1.88559
      vertex -3.32588 4.2 2.22228
    endloop
  endfacet
  facet normal 0 -1 0
    outer loop
      vertex -7.7854 4.2 6.92114
      vertex -3.69552 4.2 1.53073
      vertex -3.52768 4.2 1.88559
    endloop
  endfacet
  facet normal 0 -1 0
    outer loop
      vertex -8.77782 4.2 -7.22218
      vertex -8.77782 4.2 7.22218
      vertex -8.85031 4.2 7.30217
    endloop
  endfacet
  facet normal 0 -1 0
    outer loop
      vertex -7.89218 4.2 6.9053
      vertex -3.82776 4.2 1.16114
      vertex -3.69552 4.2 1.53073
    endloop
  endfacet
  facet normal 0 -1 0
    outer loop
      vertex -8.10782 4.2 6.9053
      vertex -3.92314 4.2 0.780361
      vertex -3.82776 4.2 1.16114
    endloop
  endfacet
  facet normal 0 -1 0
    outer loop
      vertex -8.2146 4.2 6.92114
      vertex -3.98074 4.2 0.392068
      vertex -3.92314 4.2 0.780361
    endloop
  endfacet
  facet normal 0 -1 0
    outer loop
      vertex -8.85031 4.2 -7.30217
      vertex -8.85031 4.2 7.30217
      vertex -8.91462 4.2 7.38887
    endloop
  endfacet
  facet normal 0 -1 0
    outer loop
      vertex -8.42095 4.2 6.98373
      vertex -4 4.2 0
      vertex -3.98074 4.2 0.392068
    endloop
  endfacet
  facet normal 0 -1 0
    outer loop
      vertex -8.97011 4.2 7.48146
      vertex -8.97011 4.2 -7.48146
      vertex -8.91462 4.2 7.38887
    endloop
  endfacet
  facet normal 0 -1 0
    outer loop
      vertex -8.61113 4.2 7.08538
      vertex -8.61113 4.2 -7.08538
      vertex -8.51854 4.2 -7.02989
    endloop
  endfacet
  facet normal 0 -1 0
    outer loop
      vertex -8.51854 4.2 7.02989
      vertex -8.51854 4.2 -7.02989
      vertex -4 4.2 0
    endloop
  endfacet
  facet normal -0 -1 0
    outer loop
      vertex -8.42095 4.2 -6.98373
      vertex -4 4.2 0
      vertex -8.51854 4.2 -7.02989
    endloop
  endfacet
  facet normal -0 -1 0
    outer loop
      vertex -8.31931 4.2 -6.94736
      vertex -3.98074 4.2 -0.392068
      vertex -8.42095 4.2 -6.98373
    endloop
  endfacet
  facet normal -0 -1 0
    outer loop
      vertex -8.2146 4.2 -6.92114
      vertex -3.98074 4.2 -0.392068
      vertex -8.31931 4.2 -6.94736
    endloop
  endfacet
  facet normal -0 -1 0
    outer loop
      vertex -8.10782 4.2 -6.9053
      vertex -3.92314 4.2 -0.780361
      vertex -8.2146 4.2 -6.92114
    endloop
  endfacet
  facet normal 0 -1 0
    outer loop
      vertex -7.22218 4.2 -7.22218
      vertex -2.82843 4.2 -2.82843
      vertex -7.30217 4.2 -7.14969
    endloop
  endfacet
  facet normal 0 -1 -0
    outer loop
      vertex -3.09204 4.2 -2.53757
      vertex -7.30217 4.2 -7.14969
      vertex -2.82843 4.2 -2.82843
    endloop
  endfacet
  facet normal 0 -1 0
    outer loop
      vertex -7.30217 4.2 -7.14969
      vertex -3.09204 4.2 -2.53757
      vertex -7.38887 4.2 -7.08538
    endloop
  endfacet
  facet normal 0 -1 0
    outer loop
      vertex -7.38887 4.2 -7.08538
      vertex -3.09204 4.2 -2.53757
      vertex -7.48146 4.2 -7.02989
    endloop
  endfacet
  facet normal 0 -1 -0
    outer loop
      vertex -3.32588 4.2 -2.22228
      vertex -7.48146 4.2 -7.02989
      vertex -3.09204 4.2 -2.53757
    endloop
  endfacet
  facet normal 0 -1 0
    outer loop
      vertex -7.48146 4.2 -7.02989
      vertex -3.32588 4.2 -2.22228
      vertex -7.57905 4.2 -6.98373
    endloop
  endfacet
  facet normal 0 -1 -0
    outer loop
      vertex -3.52768 4.2 -1.88559
      vertex -7.57905 4.2 -6.98373
      vertex -3.32588 4.2 -2.22228
    endloop
  endfacet
  facet normal 0 -1 0
    outer loop
      vertex -7.57905 4.2 -6.98373
      vertex -3.52768 4.2 -1.88559
      vertex -7.68069 4.2 -6.94736
    endloop
  endfacet
  facet normal 0 -1 0
    outer loop
      vertex -7.68069 4.2 -6.94736
      vertex -3.52768 4.2 -1.88559
      vertex -7.7854 4.2 -6.92114
    endloop
  endfacet
  facet normal 0 -1 -0
    outer loop
      vertex -3.69552 4.2 -1.53073
      vertex -7.7854 4.2 -6.92114
      vertex -3.52768 4.2 -1.88559
    endloop
  endfacet
  facet normal 0 -1 -0
    outer loop
      vertex -3.92314 4.2 -0.780361
      vertex -8.10782 4.2 -6.9053
      vertex -3.82776 4.2 -1.16114
    endloop
  endfacet
  facet normal 0 -1 0
    outer loop
      vertex -7.7854 4.2 -6.92114
      vertex -3.69552 4.2 -1.53073
      vertex -7.89218 4.2 -6.9053
    endloop
  endfacet
  facet normal 0 -1 -0
    outer loop
      vertex -3.82776 4.2 -1.16114
      vertex -7.89218 4.2 -6.9053
      vertex -3.69552 4.2 -1.53073
    endloop
  endfacet
  facet normal 0 -1 0
    outer loop
      vertex -7.89218 4.2 -6.9053
      vertex -3.82776 4.2 -1.16114
      vertex -8 4.2 -6.9
    endloop
  endfacet
  facet normal -0 -1 0
    outer loop
      vertex -8 4.2 -6.9
      vertex -3.82776 4.2 -1.16114
      vertex -8.10782 4.2 -6.9053
    endloop
  endfacet
  facet normal 0 -1 -0
    outer loop
      vertex -3.98074 4.2 -0.392068
      vertex -8.2146 4.2 -6.92114
      vertex -3.92314 4.2 -0.780361
    endloop
  endfacet
  facet normal 0 -1 -0
    outer loop
      vertex -4 4.2 0
      vertex -8.42095 4.2 -6.98373
      vertex -3.98074 4.2 -0.392068
    endloop
  endfacet
  facet normal 0 -1 0
    outer loop
      vertex -8.69783 4.2 7.14969
      vertex -8.69783 4.2 -7.14969
      vertex -8.61113 4.2 -7.08538
    endloop
  endfacet
  facet normal 0 -1 0
    outer loop
      vertex -8.77782 4.2 7.22218
      vertex -8.77782 4.2 -7.22218
      vertex -8.69783 4.2 -7.14969
    endloop
  endfacet
  facet normal 0 -1 0
    outer loop
      vertex -8.85031 4.2 7.30217
      vertex -8.85031 4.2 -7.30217
      vertex -8.77782 4.2 -7.22218
    endloop
  endfacet
  facet normal 0 -1 0
    outer loop
      vertex -8.91462 4.2 7.38887
      vertex -8.91462 4.2 -7.38887
      vertex -8.85031 4.2 -7.30217
    endloop
  endfacet
  facet normal 0 -1 -0
    outer loop
      vertex -8.91462 4.2 7.38887
      vertex -8.97011 4.2 -7.48146
      vertex -8.91462 4.2 -7.38887
    endloop
  endfacet
  facet normal 0 -1 0
    outer loop
      vertex -12.2 4.2 12.2
      vertex -9.01627 4.2 -7.57905
      vertex -8.97011 4.2 -7.48146
    endloop
  endfacet
  facet normal 0 -1 0
    outer loop
      vertex -12.2 4.2 -12.2
      vertex -9.01627 4.2 -7.57905
      vertex -12.2 4.2 12.2
    endloop
  endfacet
  facet normal 0 -1 0
    outer loop
      vertex -9.01627 4.2 -7.57905
      vertex -12.2 4.2 -12.2
      vertex -9.05263 4.2 -7.68069
    endloop
  endfacet
  facet normal 0 -1 0
    outer loop
      vertex -9.05263 4.2 -7.68069
      vertex -12.2 4.2 -12.2
      vertex -9.07886 4.2 -7.7854
    endloop
  endfacet
  facet normal 0 -1 0
    outer loop
      vertex -9.07886 4.2 -7.7854
      vertex -12.2 4.2 -12.2
      vertex -9.0947 4.2 -7.89218
    endloop
  endfacet
  facet normal 0 -1 0
    outer loop
      vertex -9.0947 4.2 -7.89218
      vertex -12.2 4.2 -12.2
      vertex -9.1 4.2 -8
    endloop
  endfacet
  facet normal 0 -1 -0
    outer loop
      vertex -9.1 4.2 -8
      vertex -12.2 4.2 -12.2
      vertex -9.0947 4.2 -8.10782
    endloop
  endfacet
  facet normal 0 -1 0
    outer loop
      vertex 7.7854 4.2 -9.07886
      vertex 12.2 4.2 -12.2
      vertex 7.89218 4.2 -9.0947
    endloop
  endfacet
  facet normal 0 -1 -0
    outer loop
      vertex -8.10782 4.2 -9.0947
      vertex -12.2 4.2 -12.2
      vertex -8 4.2 -9.1
    endloop
  endfacet
  facet normal 0 -1 -0
    outer loop
      vertex -8.2146 4.2 -9.07886
      vertex -12.2 4.2 -12.2
      vertex -8.10782 4.2 -9.0947
    endloop
  endfacet
  facet normal 0 -1 -0
    outer loop
      vertex -8.31931 4.2 -9.05263
      vertex -12.2 4.2 -12.2
      vertex -8.2146 4.2 -9.07886
    endloop
  endfacet
  facet normal 0 -1 -0
    outer loop
      vertex -8.42095 4.2 -9.01627
      vertex -12.2 4.2 -12.2
      vertex -8.31931 4.2 -9.05263
    endloop
  endfacet
  facet normal 0 -1 -0
    outer loop
      vertex -8.51854 4.2 -8.97011
      vertex -12.2 4.2 -12.2
      vertex -8.42095 4.2 -9.01627
    endloop
  endfacet
  facet normal 0 -1 -0
    outer loop
      vertex -8.61113 4.2 -8.91462
      vertex -12.2 4.2 -12.2
      vertex -8.51854 4.2 -8.97011
    endloop
  endfacet
  facet normal 0 -1 -0
    outer loop
      vertex -8.69783 4.2 -8.85031
      vertex -12.2 4.2 -12.2
      vertex -8.61113 4.2 -8.91462
    endloop
  endfacet
  facet normal 0 -1 -0
    outer loop
      vertex -8.77782 4.2 -8.77782
      vertex -12.2 4.2 -12.2
      vertex -8.69783 4.2 -8.85031
    endloop
  endfacet
  facet normal 0 -1 -0
    outer loop
      vertex -8.85031 4.2 -8.69783
      vertex -12.2 4.2 -12.2
      vertex -8.77782 4.2 -8.77782
    endloop
  endfacet
  facet normal 0 -1 -0
    outer loop
      vertex -8.91462 4.2 -8.61113
      vertex -12.2 4.2 -12.2
      vertex -8.85031 4.2 -8.69783
    endloop
  endfacet
  facet normal 0 -1 -0
    outer loop
      vertex -8.97011 4.2 -8.51854
      vertex -12.2 4.2 -12.2
      vertex -8.91462 4.2 -8.61113
    endloop
  endfacet
  facet normal 0 -1 -0
    outer loop
      vertex -9.01627 4.2 -8.42095
      vertex -12.2 4.2 -12.2
      vertex -8.97011 4.2 -8.51854
    endloop
  endfacet
  facet normal 0 -1 -0
    outer loop
      vertex -9.05263 4.2 -8.31931
      vertex -12.2 4.2 -12.2
      vertex -9.01627 4.2 -8.42095
    endloop
  endfacet
  facet normal 0 -1 -0
    outer loop
      vertex -9.07886 4.2 -8.2146
      vertex -12.2 4.2 -12.2
      vertex -9.05263 4.2 -8.31931
    endloop
  endfacet
  facet normal 0 -1 -0
    outer loop
      vertex -9.0947 4.2 -8.10782
      vertex -12.2 4.2 -12.2
      vertex -9.07886 4.2 -8.2146
    endloop
  endfacet
  facet normal 0 -1 0
    outer loop
      vertex -7.7854 4.2 9.07886
      vertex -12.2 4.2 12.2
      vertex -7.89218 4.2 9.0947
    endloop
  endfacet
  facet normal 0 -1 0
    outer loop
      vertex 8.10782 4.2 9.0947
      vertex 12.2 4.2 12.2
      vertex 8 4.2 9.1
    endloop
  endfacet
  facet normal 0 -1 0
    outer loop
      vertex 8.2146 4.2 9.07886
      vertex 12.2 4.2 12.2
      vertex 8.10782 4.2 9.0947
    endloop
  endfacet
  facet normal 0 -1 0
    outer loop
      vertex 8.31931 4.2 9.05263
      vertex 12.2 4.2 12.2
      vertex 8.2146 4.2 9.07886
    endloop
  endfacet
  facet normal 0 -1 0
    outer loop
      vertex 8.42095 4.2 9.01627
      vertex 12.2 4.2 12.2
      vertex 8.31931 4.2 9.05263
    endloop
  endfacet
  facet normal 0 -1 0
    outer loop
      vertex 8.51854 4.2 8.97011
      vertex 12.2 4.2 12.2
      vertex 8.42095 4.2 9.01627
    endloop
  endfacet
  facet normal 0 -1 0
    outer loop
      vertex 8.61113 4.2 8.91462
      vertex 12.2 4.2 12.2
      vertex 8.51854 4.2 8.97011
    endloop
  endfacet
  facet normal 0 -1 0
    outer loop
      vertex 8.69783 4.2 8.85031
      vertex 12.2 4.2 12.2
      vertex 8.61113 4.2 8.91462
    endloop
  endfacet
  facet normal 0 -1 0
    outer loop
      vertex 8.77782 4.2 8.77782
      vertex 12.2 4.2 12.2
      vertex 8.69783 4.2 8.85031
    endloop
  endfacet
  facet normal 0 -1 0
    outer loop
      vertex 8.85031 4.2 8.69783
      vertex 12.2 4.2 12.2
      vertex 8.77782 4.2 8.77782
    endloop
  endfacet
  facet normal 0 -1 0
    outer loop
      vertex 8.91462 4.2 8.61113
      vertex 12.2 4.2 12.2
      vertex 8.85031 4.2 8.69783
    endloop
  endfacet
  facet normal 0 -1 0
    outer loop
      vertex 8.97011 4.2 8.51854
      vertex 12.2 4.2 12.2
      vertex 8.91462 4.2 8.61113
    endloop
  endfacet
  facet normal 0 -1 0
    outer loop
      vertex 9.01627 4.2 8.42095
      vertex 12.2 4.2 12.2
      vertex 8.97011 4.2 8.51854
    endloop
  endfacet
  facet normal 0 -1 0
    outer loop
      vertex 9.05263 4.2 8.31931
      vertex 12.2 4.2 12.2
      vertex 9.01627 4.2 8.42095
    endloop
  endfacet
  facet normal 0 -1 0
    outer loop
      vertex 9.07886 4.2 8.2146
      vertex 12.2 4.2 12.2
      vertex 9.05263 4.2 8.31931
    endloop
  endfacet
  facet normal 0 -1 0
    outer loop
      vertex 9.0947 4.2 8.10782
      vertex 12.2 4.2 12.2
      vertex 9.07886 4.2 8.2146
    endloop
  endfacet
  facet normal 0 -1 0
    outer loop
      vertex 9.1 4.2 8
      vertex 12.2 4.2 12.2
      vertex 9.0947 4.2 8.10782
    endloop
  endfacet
  facet normal 0 -1 0
    outer loop
      vertex 9.0947 4.2 7.89218
      vertex 12.2 4.2 12.2
      vertex 9.1 4.2 8
    endloop
  endfacet
  facet normal 0 -1 0
    outer loop
      vertex 9.07886 4.2 7.7854
      vertex 12.2 4.2 12.2
      vertex 9.0947 4.2 7.89218
    endloop
  endfacet
  facet normal 0 -1 0
    outer loop
      vertex 9.05263 4.2 7.68069
      vertex 12.2 4.2 12.2
      vertex 9.07886 4.2 7.7854
    endloop
  endfacet
  facet normal 0 -1 0
    outer loop
      vertex 9.01627 4.2 7.57905
      vertex 12.2 4.2 12.2
      vertex 9.05263 4.2 7.68069
    endloop
  endfacet
  facet normal 0 -1 0
    outer loop
      vertex 8.97011 4.2 7.48146
      vertex 12.2 4.2 12.2
      vertex 9.01627 4.2 7.57905
    endloop
  endfacet
  facet normal 0 -1 0
    outer loop
      vertex 8.97011 4.2 -7.48146
      vertex 8.97011 4.2 7.48146
      vertex 8.91462 4.2 7.38887
    endloop
  endfacet
  facet normal 0 -1 -0
    outer loop
      vertex 7.22218 4.2 7.22218
      vertex 2.82843 4.2 2.82843
      vertex 7.30217 4.2 7.14969
    endloop
  endfacet
  facet normal 0 -1 0
    outer loop
      vertex 3.09204 4.2 2.53757
      vertex 7.30217 4.2 7.14969
      vertex 2.82843 4.2 2.82843
    endloop
  endfacet
  facet normal 0 -1 -0
    outer loop
      vertex 7.30217 4.2 7.14969
      vertex 3.09204 4.2 2.53757
      vertex 7.38887 4.2 7.08538
    endloop
  endfacet
  facet normal 0 -1 -0
    outer loop
      vertex 7.38887 4.2 7.08538
      vertex 3.09204 4.2 2.53757
      vertex 7.48146 4.2 7.02989
    endloop
  endfacet
  facet normal 0 -1 0
    outer loop
      vertex 3.32588 4.2 2.22228
      vertex 7.48146 4.2 7.02989
      vertex 3.09204 4.2 2.53757
    endloop
  endfacet
  facet normal 0 -1 -0
    outer loop
      vertex 7.48146 4.2 7.02989
      vertex 3.32588 4.2 2.22228
      vertex 7.57905 4.2 6.98373
    endloop
  endfacet
  facet normal 0 -1 0
    outer loop
      vertex 3.52768 4.2 1.88559
      vertex 7.57905 4.2 6.98373
      vertex 3.32588 4.2 2.22228
    endloop
  endfacet
  facet normal 0 -1 -0
    outer loop
      vertex 7.57905 4.2 6.98373
      vertex 3.52768 4.2 1.88559
      vertex 7.68069 4.2 6.94736
    endloop
  endfacet
  facet normal 0 -1 -0
    outer loop
      vertex 7.68069 4.2 6.94736
      vertex 3.52768 4.2 1.88559
      vertex 7.7854 4.2 6.92114
    endloop
  endfacet
  facet normal 0 -1 0
    outer loop
      vertex 3.69552 4.2 1.53073
      vertex 7.7854 4.2 6.92114
      vertex 3.52768 4.2 1.88559
    endloop
  endfacet
  facet normal 0 -1 -0
    outer loop
      vertex 7.7854 4.2 6.92114
      vertex 3.69552 4.2 1.53073
      vertex 7.89218 4.2 6.9053
    endloop
  endfacet
  facet normal 0 -1 0
    outer loop
      vertex 3.82776 4.2 1.16114
      vertex 7.89218 4.2 6.9053
      vertex 3.69552 4.2 1.53073
    endloop
  endfacet
  facet normal 0 -1 -0
    outer loop
      vertex 7.89218 4.2 6.9053
      vertex 3.82776 4.2 1.16114
      vertex 8 4.2 6.9
    endloop
  endfacet
  facet normal 0 -1 -0
    outer loop
      vertex 8 4.2 6.9
      vertex 3.82776 4.2 1.16114
      vertex 8.10782 4.2 6.9053
    endloop
  endfacet
  facet normal 0 -1 0
    outer loop
      vertex 3.92314 4.2 0.780361
      vertex 8.10782 4.2 6.9053
      vertex 3.82776 4.2 1.16114
    endloop
  endfacet
  facet normal 0 -1 -0
    outer loop
      vertex 8.10782 4.2 6.9053
      vertex 3.92314 4.2 0.780361
      vertex 8.2146 4.2 6.92114
    endloop
  endfacet
  facet normal 0 -1 0
    outer loop
      vertex 3.98074 4.2 0.392068
      vertex 8.2146 4.2 6.92114
      vertex 3.92314 4.2 0.780361
    endloop
  endfacet
  facet normal 0 -1 -0
    outer loop
      vertex 8.2146 4.2 6.92114
      vertex 3.98074 4.2 0.392068
      vertex 8.31931 4.2 6.94736
    endloop
  endfacet
  facet normal 0 -1 -0
    outer loop
      vertex 8.31931 4.2 6.94736
      vertex 3.98074 4.2 0.392068
      vertex 8.42095 4.2 6.98373
    endloop
  endfacet
  facet normal 0 -1 0
    outer loop
      vertex 4 4.2 0
      vertex 8.42095 4.2 6.98373
      vertex 3.98074 4.2 0.392068
    endloop
  endfacet
  facet normal 0 -1 -0
    outer loop
      vertex 8.42095 4.2 6.98373
      vertex 4 4.2 0
      vertex 8.51854 4.2 7.02989
    endloop
  endfacet
  facet normal 0 -1 0
    outer loop
      vertex 8.51854 4.2 -7.02989
      vertex 8.51854 4.2 7.02989
      vertex 4 4.2 0
    endloop
  endfacet
  facet normal 0 -1 0
    outer loop
      vertex 8.51854 4.2 7.02989
      vertex 8.51854 4.2 -7.02989
      vertex 8.61113 4.2 7.08538
    endloop
  endfacet
  facet normal 0 -1 0
    outer loop
      vertex 8.61113 4.2 -7.08538
      vertex 8.61113 4.2 7.08538
      vertex 8.51854 4.2 -7.02989
    endloop
  endfacet
  facet normal 0 -1 0
    outer loop
      vertex 8.61113 4.2 7.08538
      vertex 8.61113 4.2 -7.08538
      vertex 8.69783 4.2 7.14969
    endloop
  endfacet
  facet normal 0 -1 0
    outer loop
      vertex 8.69783 4.2 -7.14969
      vertex 8.69783 4.2 7.14969
      vertex 8.61113 4.2 -7.08538
    endloop
  endfacet
  facet normal 0 -1 0
    outer loop
      vertex 8.69783 4.2 7.14969
      vertex 8.69783 4.2 -7.14969
      vertex 8.77782 4.2 7.22218
    endloop
  endfacet
  facet normal 0 -1 0
    outer loop
      vertex 8.42095 4.2 -6.98373
      vertex 4 4.2 0
      vertex 3.98074 4.2 -0.392068
    endloop
  endfacet
  facet normal 0 -1 0
    outer loop
      vertex 8.2146 4.2 -6.92114
      vertex 3.98074 4.2 -0.392068
      vertex 3.92314 4.2 -0.780361
    endloop
  endfacet
  facet normal 0 -1 0
    outer loop
      vertex 8.10782 4.2 -6.9053
      vertex 3.92314 4.2 -0.780361
      vertex 3.82776 4.2 -1.16114
    endloop
  endfacet
  facet normal 0 -1 0
    outer loop
      vertex 8 4.2 -6.9
      vertex 3.82776 4.2 -1.16114
      vertex 3.69552 4.2 -1.53073
    endloop
  endfacet
  facet normal 0 -1 0
    outer loop
      vertex 8 4.2 -6.9
      vertex 3.69552 4.2 -1.53073
      vertex 3.52768 4.2 -1.88559
    endloop
  endfacet
  facet normal 0 -1 0
    outer loop
      vertex 8 4.2 -6.9
      vertex 3.52768 4.2 -1.88559
      vertex 3.32588 4.2 -2.22228
    endloop
  endfacet
  facet normal 0 -1 0
    outer loop
      vertex -7.14969 4.2 -7.30217
      vertex -2.82843 4.2 -2.82843
      vertex -7.22218 4.2 -7.22218
    endloop
  endfacet
  facet normal 0 -1 0
    outer loop
      vertex 0 4.2 -4
      vertex 8 4.2 -6.9
      vertex 0.392068 4.2 -3.98074
    endloop
  endfacet
  facet normal 0 -1 0
    outer loop
      vertex 0.392068 4.2 -3.98074
      vertex 8 4.2 -6.9
      vertex 0.780361 4.2 -3.92314
    endloop
  endfacet
  facet normal 0 -1 0
    outer loop
      vertex 0.780361 4.2 -3.92314
      vertex 8 4.2 -6.9
      vertex 1.16114 4.2 -3.82776
    endloop
  endfacet
  facet normal 0 -1 0
    outer loop
      vertex 8 4.2 -6.9
      vertex 1.53073 4.2 -3.69552
      vertex 1.16114 4.2 -3.82776
    endloop
  endfacet
  facet normal 0 -1 0
    outer loop
      vertex 8 4.2 -6.9
      vertex 1.88559 4.2 -3.52768
      vertex 1.53073 4.2 -3.69552
    endloop
  endfacet
  facet normal 0 -1 0
    outer loop
      vertex 8 4.2 -6.9
      vertex 2.22228 4.2 -3.32588
      vertex 1.88559 4.2 -3.52768
    endloop
  endfacet
  facet normal 0 -1 0
    outer loop
      vertex 8 4.2 -6.9
      vertex 2.53757 4.2 -3.09204
      vertex 2.22228 4.2 -3.32588
    endloop
  endfacet
  facet normal 0 -1 0
    outer loop
      vertex 8 4.2 -6.9
      vertex 2.82843 4.2 -2.82843
      vertex 2.53757 4.2 -3.09204
    endloop
  endfacet
  facet normal 0 -1 0
    outer loop
      vertex 8 4.2 -6.9
      vertex 3.09204 4.2 -2.53757
      vertex 2.82843 4.2 -2.82843
    endloop
  endfacet
  facet normal 0 -1 0
    outer loop
      vertex 8 4.2 -6.9
      vertex 3.32588 4.2 -2.22228
      vertex 3.09204 4.2 -2.53757
    endloop
  endfacet
  facet normal 0 -1 0
    outer loop
      vertex 3.82776 4.2 -1.16114
      vertex 8 4.2 -6.9
      vertex 8.10782 4.2 -6.9053
    endloop
  endfacet
  facet normal 0 -1 0
    outer loop
      vertex 3.92314 4.2 -0.780361
      vertex 8.10782 4.2 -6.9053
      vertex 8.2146 4.2 -6.92114
    endloop
  endfacet
  facet normal 0 -1 0
    outer loop
      vertex 3.98074 4.2 -0.392068
      vertex 8.2146 4.2 -6.92114
      vertex 8.31931 4.2 -6.94736
    endloop
  endfacet
  facet normal 0 -1 0
    outer loop
      vertex 3.98074 4.2 -0.392068
      vertex 8.31931 4.2 -6.94736
      vertex 8.42095 4.2 -6.98373
    endloop
  endfacet
  facet normal 0 -1 0
    outer loop
      vertex 4 4.2 0
      vertex 8.42095 4.2 -6.98373
      vertex 8.51854 4.2 -7.02989
    endloop
  endfacet
  facet normal 0 -1 0
    outer loop
      vertex 8.77782 4.2 -7.22218
      vertex 8.77782 4.2 7.22218
      vertex 8.69783 4.2 -7.14969
    endloop
  endfacet
  facet normal 0 -1 0
    outer loop
      vertex 8.77782 4.2 7.22218
      vertex 8.77782 4.2 -7.22218
      vertex 8.85031 4.2 7.30217
    endloop
  endfacet
  facet normal 0 -1 0
    outer loop
      vertex 8.85031 4.2 -7.30217
      vertex 8.85031 4.2 7.30217
      vertex 8.77782 4.2 -7.22218
    endloop
  endfacet
  facet normal 0 -1 0
    outer loop
      vertex 8.85031 4.2 7.30217
      vertex 8.85031 4.2 -7.30217
      vertex 8.91462 4.2 7.38887
    endloop
  endfacet
  facet normal 0 -1 0
    outer loop
      vertex 8.91462 4.2 -7.38887
      vertex 8.91462 4.2 7.38887
      vertex 8.85031 4.2 -7.30217
    endloop
  endfacet
  facet normal 0 -1 0
    outer loop
      vertex 8.97011 4.2 -7.48146
      vertex 8.91462 4.2 7.38887
      vertex 8.91462 4.2 -7.38887
    endloop
  endfacet
  facet normal 0 -1 0
    outer loop
      vertex 8.97011 4.2 7.48146
      vertex 8.97011 4.2 -7.48146
      vertex 12.2 4.2 12.2
    endloop
  endfacet
  facet normal 0 -1 0
    outer loop
      vertex 9.01627 4.2 -7.57905
      vertex 12.2 4.2 12.2
      vertex 8.97011 4.2 -7.48146
    endloop
  endfacet
  facet normal 0 -1 0
    outer loop
      vertex 12.2 4.2 -12.2
      vertex 9.01627 4.2 -7.57905
      vertex 9.05263 4.2 -7.68069
    endloop
  endfacet
  facet normal 0 -1 0
    outer loop
      vertex 12.2 4.2 -12.2
      vertex 9.05263 4.2 -7.68069
      vertex 9.07886 4.2 -7.7854
    endloop
  endfacet
  facet normal 0 -1 0
    outer loop
      vertex 12.2 4.2 -12.2
      vertex 9.07886 4.2 -7.7854
      vertex 9.0947 4.2 -7.89218
    endloop
  endfacet
  facet normal 0 -1 0
    outer loop
      vertex 12.2 4.2 -12.2
      vertex 9.0947 4.2 -7.89218
      vertex 9.1 4.2 -8
    endloop
  endfacet
  facet normal 0 -1 0
    outer loop
      vertex 12.2 4.2 -12.2
      vertex 9.1 4.2 -8
      vertex 9.0947 4.2 -8.10782
    endloop
  endfacet
  facet normal 0 -1 0
    outer loop
      vertex 12.2 4.2 -12.2
      vertex 9.0947 4.2 -8.10782
      vertex 9.07886 4.2 -8.2146
    endloop
  endfacet
  facet normal 0 -1 0
    outer loop
      vertex 7.89218 4.2 -9.0947
      vertex 12.2 4.2 -12.2
      vertex 8 4.2 -9.1
    endloop
  endfacet
  facet normal 0 -1 0
    outer loop
      vertex 8 4.2 -9.1
      vertex 12.2 4.2 -12.2
      vertex 8.10782 4.2 -9.0947
    endloop
  endfacet
  facet normal 0 -1 0
    outer loop
      vertex 9.01627 4.2 -7.57905
      vertex 12.2 4.2 -12.2
      vertex 12.2 4.2 12.2
    endloop
  endfacet
  facet normal 0 -1 0
    outer loop
      vertex 9.05263 4.2 -8.31931
      vertex 12.2 4.2 -12.2
      vertex 9.07886 4.2 -8.2146
    endloop
  endfacet
  facet normal 0 -1 0
    outer loop
      vertex 9.01627 4.2 -8.42095
      vertex 12.2 4.2 -12.2
      vertex 9.05263 4.2 -8.31931
    endloop
  endfacet
  facet normal 0 -1 0
    outer loop
      vertex 8.97011 4.2 -8.51854
      vertex 12.2 4.2 -12.2
      vertex 9.01627 4.2 -8.42095
    endloop
  endfacet
  facet normal 0 -1 0
    outer loop
      vertex 8.91462 4.2 -8.61113
      vertex 12.2 4.2 -12.2
      vertex 8.97011 4.2 -8.51854
    endloop
  endfacet
  facet normal 0 -1 0
    outer loop
      vertex 8.85031 4.2 -8.69783
      vertex 12.2 4.2 -12.2
      vertex 8.91462 4.2 -8.61113
    endloop
  endfacet
  facet normal 0 -1 0
    outer loop
      vertex 8.77782 4.2 -8.77782
      vertex 12.2 4.2 -12.2
      vertex 8.85031 4.2 -8.69783
    endloop
  endfacet
  facet normal 0 -1 0
    outer loop
      vertex 8.69783 4.2 -8.85031
      vertex 12.2 4.2 -12.2
      vertex 8.77782 4.2 -8.77782
    endloop
  endfacet
  facet normal 0 -1 0
    outer loop
      vertex 8.61113 4.2 -8.91462
      vertex 12.2 4.2 -12.2
      vertex 8.69783 4.2 -8.85031
    endloop
  endfacet
  facet normal 0 -1 0
    outer loop
      vertex 8.51854 4.2 -8.97011
      vertex 12.2 4.2 -12.2
      vertex 8.61113 4.2 -8.91462
    endloop
  endfacet
  facet normal 0 -1 0
    outer loop
      vertex 8.42095 4.2 -9.01627
      vertex 12.2 4.2 -12.2
      vertex 8.51854 4.2 -8.97011
    endloop
  endfacet
  facet normal 0 -1 0
    outer loop
      vertex 8.31931 4.2 -9.05263
      vertex 12.2 4.2 -12.2
      vertex 8.42095 4.2 -9.01627
    endloop
  endfacet
  facet normal 0 -1 0
    outer loop
      vertex 8.2146 4.2 -9.07886
      vertex 12.2 4.2 -12.2
      vertex 8.31931 4.2 -9.05263
    endloop
  endfacet
  facet normal 0 -1 0
    outer loop
      vertex 8.10782 4.2 -9.0947
      vertex 12.2 4.2 -12.2
      vertex 8.2146 4.2 -9.07886
    endloop
  endfacet
  facet normal 0 1 0
    outer loop
      vertex 2.82843 -4.2 -2.82843
      vertex 7.14969 -4.2 -7.30217
      vertex 2.53757 -4.2 -3.09204
    endloop
  endfacet
  facet normal 0 1 0
    outer loop
      vertex 0 -4.2 -4
      vertex -7.89218 -4.2 -6.9053
      vertex -8 -4.2 -6.9
    endloop
  endfacet
  facet normal 0 1 -0
    outer loop
      vertex 7.08538 -4.2 -7.38887
      vertex 2.53757 -4.2 -3.09204
      vertex 7.14969 -4.2 -7.30217
    endloop
  endfacet
  facet normal 0 1 0
    outer loop
      vertex 0 -4.2 -4
      vertex -7.7854 -4.2 -6.92114
      vertex -7.89218 -4.2 -6.9053
    endloop
  endfacet
  facet normal 0 1 0
    outer loop
      vertex 2.53757 -4.2 -3.09204
      vertex 7.08538 -4.2 -7.38887
      vertex 2.22228 -4.2 -3.32588
    endloop
  endfacet
  facet normal 0 1 0
    outer loop
      vertex 0 -4.2 -4
      vertex -7.68069 -4.2 -6.94736
      vertex -7.7854 -4.2 -6.92114
    endloop
  endfacet
  facet normal 0 1 -0
    outer loop
      vertex 7.02989 -4.2 -7.48146
      vertex 2.22228 -4.2 -3.32588
      vertex 7.08538 -4.2 -7.38887
    endloop
  endfacet
  facet normal 0 1 0
    outer loop
      vertex 0 -4.2 -4
      vertex -7.57905 -4.2 -6.98373
      vertex -7.68069 -4.2 -6.94736
    endloop
  endfacet
  facet normal 0 1 -0
    outer loop
      vertex 6.98373 -4.2 -7.57905
      vertex 2.22228 -4.2 -3.32588
      vertex 7.02989 -4.2 -7.48146
    endloop
  endfacet
  facet normal 0 1 0
    outer loop
      vertex 0 -4.2 -4
      vertex -7.48146 -4.2 -7.02989
      vertex -7.57905 -4.2 -6.98373
    endloop
  endfacet
  facet normal 0 1 0
    outer loop
      vertex 2.22228 -4.2 -3.32588
      vertex 6.98373 -4.2 -7.57905
      vertex 1.88559 -4.2 -3.52768
    endloop
  endfacet
  facet normal 0 1 0
    outer loop
      vertex 0 -4.2 -4
      vertex -7.38887 -4.2 -7.08538
      vertex -7.48146 -4.2 -7.02989
    endloop
  endfacet
  facet normal 0 1 -0
    outer loop
      vertex 6.94736 -4.2 -7.68069
      vertex 1.88559 -4.2 -3.52768
      vertex 6.98373 -4.2 -7.57905
    endloop
  endfacet
  facet normal 0 1 0
    outer loop
      vertex 0 -4.2 -4
      vertex -7.30217 -4.2 -7.14969
      vertex -7.38887 -4.2 -7.08538
    endloop
  endfacet
  facet normal 0 1 -0
    outer loop
      vertex 6.92114 -4.2 -7.7854
      vertex 1.88559 -4.2 -3.52768
      vertex 6.94736 -4.2 -7.68069
    endloop
  endfacet
  facet normal 0 1 0
    outer loop
      vertex 0 -4.2 -4
      vertex -7.22218 -4.2 -7.22218
      vertex -7.30217 -4.2 -7.14969
    endloop
  endfacet
  facet normal 0 1 0
    outer loop
      vertex 1.88559 -4.2 -3.52768
      vertex 6.92114 -4.2 -7.7854
      vertex 1.53073 -4.2 -3.69552
    endloop
  endfacet
  facet normal 0 1 0
    outer loop
      vertex 0 -4.2 -4
      vertex -7.14969 -4.2 -7.30217
      vertex -7.22218 -4.2 -7.22218
    endloop
  endfacet
  facet normal 0 1 -0
    outer loop
      vertex 6.9053 -4.2 -7.89218
      vertex 1.53073 -4.2 -3.69552
      vertex 6.92114 -4.2 -7.7854
    endloop
  endfacet
  facet normal 0 1 0
    outer loop
      vertex 0 -4.2 -4
      vertex -7.08538 -4.2 -7.38887
      vertex -7.14969 -4.2 -7.30217
    endloop
  endfacet
  facet normal 0 1 0
    outer loop
      vertex 1.53073 -4.2 -3.69552
      vertex 6.9053 -4.2 -7.89218
      vertex 1.16114 -4.2 -3.82776
    endloop
  endfacet
  facet normal 0 1 0
    outer loop
      vertex 0 -4.2 -4
      vertex -7.02989 -4.2 -7.48146
      vertex -7.08538 -4.2 -7.38887
    endloop
  endfacet
  facet normal 0 1 -0
    outer loop
      vertex 6.9 -4.2 -8
      vertex 1.16114 -4.2 -3.82776
      vertex 6.9053 -4.2 -7.89218
    endloop
  endfacet
  facet normal 0 1 0
    outer loop
      vertex 0 -4.2 -4
      vertex -6.98373 -4.2 -7.57905
      vertex -7.02989 -4.2 -7.48146
    endloop
  endfacet
  facet normal 0 1 0
    outer loop
      vertex 6.9053 -4.2 -8.10782
      vertex 1.16114 -4.2 -3.82776
      vertex 6.9 -4.2 -8
    endloop
  endfacet
  facet normal 0 1 0
    outer loop
      vertex 0 -4.2 -4
      vertex -6.94736 -4.2 -7.68069
      vertex -6.98373 -4.2 -7.57905
    endloop
  endfacet
  facet normal 0 1 0
    outer loop
      vertex 1.16114 -4.2 -3.82776
      vertex 6.9053 -4.2 -8.10782
      vertex 0.780361 -4.2 -3.92314
    endloop
  endfacet
  facet normal 0 1 0
    outer loop
      vertex 0 -4.2 -4
      vertex -6.92114 -4.2 -7.7854
      vertex -6.94736 -4.2 -7.68069
    endloop
  endfacet
  facet normal 0 1 0
    outer loop
      vertex 6.92114 -4.2 -8.2146
      vertex 0.780361 -4.2 -3.92314
      vertex 6.9053 -4.2 -8.10782
    endloop
  endfacet
  facet normal 0 1 0
    outer loop
      vertex 0 -4.2 -4
      vertex -6.9053 -4.2 -7.89218
      vertex -6.92114 -4.2 -7.7854
    endloop
  endfacet
  facet normal 0 1 0
    outer loop
      vertex 0.780361 -4.2 -3.92314
      vertex 6.92114 -4.2 -8.2146
      vertex 0.392068 -4.2 -3.98074
    endloop
  endfacet
  facet normal 0 1 0
    outer loop
      vertex 0 -4.2 -4
      vertex -6.9 -4.2 -8
      vertex -6.9053 -4.2 -7.89218
    endloop
  endfacet
  facet normal 0 1 0
    outer loop
      vertex 6.94736 -4.2 -8.31931
      vertex 0.392068 -4.2 -3.98074
      vertex 6.92114 -4.2 -8.2146
    endloop
  endfacet
  facet normal 0 1 0
    outer loop
      vertex 0 -4.2 -4
      vertex -6.9053 -4.2 -8.10782
      vertex -6.9 -4.2 -8
    endloop
  endfacet
  facet normal 0 1 0
    outer loop
      vertex 6.98373 -4.2 -8.42095
      vertex 0.392068 -4.2 -3.98074
      vertex 6.94736 -4.2 -8.31931
    endloop
  endfacet
  facet normal 0 1 0
    outer loop
      vertex 0 -4.2 -4
      vertex -6.92114 -4.2 -8.2146
      vertex -6.9053 -4.2 -8.10782
    endloop
  endfacet
  facet normal 0 1 0
    outer loop
      vertex 0.392068 -4.2 -3.98074
      vertex 6.98373 -4.2 -8.42095
      vertex 0 -4.2 -4
    endloop
  endfacet
  facet normal 0 1 0
    outer loop
      vertex 0 -4.2 -4
      vertex -6.94736 -4.2 -8.31931
      vertex -6.92114 -4.2 -8.2146
    endloop
  endfacet
  facet normal 0 1 0
    outer loop
      vertex -6.98373 -4.2 -8.42095
      vertex 0 -4.2 -4
      vertex 6.98373 -4.2 -8.42095
    endloop
  endfacet
  facet normal 0 1 0
    outer loop
      vertex 0 -4.2 -4
      vertex -6.98373 -4.2 -8.42095
      vertex -6.94736 -4.2 -8.31931
    endloop
  endfacet
  facet normal 0 1 0
    outer loop
      vertex 7.02989 -4.2 -8.51854
      vertex -6.98373 -4.2 -8.42095
      vertex 6.98373 -4.2 -8.42095
    endloop
  endfacet
  facet normal 0 1 0
    outer loop
      vertex 7.02989 -4.2 -8.51854
      vertex -7.02989 -4.2 -8.51854
      vertex -6.98373 -4.2 -8.42095
    endloop
  endfacet
  facet normal 0 1 0
    outer loop
      vertex 7.08538 -4.2 -8.61113
      vertex -7.02989 -4.2 -8.51854
      vertex 7.02989 -4.2 -8.51854
    endloop
  endfacet
  facet normal 0 1 0
    outer loop
      vertex 7.08538 -4.2 -8.61113
      vertex -7.08538 -4.2 -8.61113
      vertex -7.02989 -4.2 -8.51854
    endloop
  endfacet
  facet normal 0 1 0
    outer loop
      vertex 7.14969 -4.2 -8.69783
      vertex -7.08538 -4.2 -8.61113
      vertex 7.08538 -4.2 -8.61113
    endloop
  endfacet
  facet normal 0 1 0
    outer loop
      vertex 7.14969 -4.2 -8.69783
      vertex -7.14969 -4.2 -8.69783
      vertex -7.08538 -4.2 -8.61113
    endloop
  endfacet
  facet normal 0 1 0
    outer loop
      vertex 7.22218 -4.2 -8.77782
      vertex -7.14969 -4.2 -8.69783
      vertex 7.14969 -4.2 -8.69783
    endloop
  endfacet
  facet normal 0 1 0
    outer loop
      vertex 7.22218 -4.2 -8.77782
      vertex -7.22218 -4.2 -8.77782
      vertex -7.14969 -4.2 -8.69783
    endloop
  endfacet
  facet normal 0 1 0
    outer loop
      vertex 7.30217 -4.2 -8.85031
      vertex -7.22218 -4.2 -8.77782
      vertex 7.22218 -4.2 -8.77782
    endloop
  endfacet
  facet normal 0 1 0
    outer loop
      vertex 7.30217 -4.2 -8.85031
      vertex -7.30217 -4.2 -8.85031
      vertex -7.22218 -4.2 -8.77782
    endloop
  endfacet
  facet normal 0 1 0
    outer loop
      vertex 7.38887 -4.2 -8.91462
      vertex -7.30217 -4.2 -8.85031
      vertex 7.30217 -4.2 -8.85031
    endloop
  endfacet
  facet normal 0 1 0
    outer loop
      vertex 7.38887 -4.2 -8.91462
      vertex -7.38887 -4.2 -8.91462
      vertex -7.30217 -4.2 -8.85031
    endloop
  endfacet
  facet normal 0 1 0
    outer loop
      vertex 7.48146 -4.2 -8.97011
      vertex -7.38887 -4.2 -8.91462
      vertex 7.38887 -4.2 -8.91462
    endloop
  endfacet
  facet normal 0 1 0
    outer loop
      vertex 7.48146 -4.2 -8.97011
      vertex -7.48146 -4.2 -8.97011
      vertex -7.38887 -4.2 -8.91462
    endloop
  endfacet
  facet normal 0 1 0
    outer loop
      vertex 7.57905 -4.2 -9.01627
      vertex -7.48146 -4.2 -8.97011
      vertex 7.48146 -4.2 -8.97011
    endloop
  endfacet
  facet normal 0 1 0
    outer loop
      vertex 7.57905 -4.2 -9.01627
      vertex -7.57905 -4.2 -9.01627
      vertex -7.48146 -4.2 -8.97011
    endloop
  endfacet
  facet normal 0 1 0
    outer loop
      vertex 12.2 -4.2 -12.2
      vertex 7.57905 -4.2 -9.01627
      vertex 7.68069 -4.2 -9.05263
    endloop
  endfacet
  facet normal 0 1 0
    outer loop
      vertex 7.57905 -4.2 -9.01627
      vertex 12.2 -4.2 -12.2
      vertex -7.57905 -4.2 -9.01627
    endloop
  endfacet
  facet normal 0 1 0
    outer loop
      vertex 12.2 -4.2 -12.2
      vertex 7.68069 -4.2 -9.05263
      vertex 7.7854 -4.2 -9.07886
    endloop
  endfacet
  facet normal 0 1 0
    outer loop
      vertex -12.2 -4.2 -12.2
      vertex -7.57905 -4.2 -9.01627
      vertex 12.2 -4.2 -12.2
    endloop
  endfacet
  facet normal 0 1 0
    outer loop
      vertex 12.2 -4.2 -12.2
      vertex 7.7854 -4.2 -9.07886
      vertex 7.89218 -4.2 -9.0947
    endloop
  endfacet
  facet normal 0 1 0
    outer loop
      vertex -7.57905 -4.2 -9.01627
      vertex -12.2 -4.2 -12.2
      vertex -7.68069 -4.2 -9.05263
    endloop
  endfacet
  facet normal 0 1 0
    outer loop
      vertex 12.2 -4.2 -12.2
      vertex 7.89218 -4.2 -9.0947
      vertex 8 -4.2 -9.1
    endloop
  endfacet
  facet normal 0 1 0
    outer loop
      vertex -7.68069 -4.2 -9.05263
      vertex -12.2 -4.2 -12.2
      vertex -7.7854 -4.2 -9.07886
    endloop
  endfacet
  facet normal 0 1 0
    outer loop
      vertex 7.68069 -4.2 9.05263
      vertex 12.2 -4.2 12.2
      vertex 7.7854 -4.2 9.07886
    endloop
  endfacet
  facet normal 0 1 0
    outer loop
      vertex -12.2 -4.2 12.2
      vertex -7.89218 -4.2 9.0947
      vertex -8 -4.2 9.1
    endloop
  endfacet
  facet normal 0 1 0
    outer loop
      vertex 7.57905 -4.2 9.01627
      vertex 12.2 -4.2 12.2
      vertex 7.68069 -4.2 9.05263
    endloop
  endfacet
  facet normal 0 1 0
    outer loop
      vertex -12.2 -4.2 12.2
      vertex -7.7854 -4.2 9.07886
      vertex -7.89218 -4.2 9.0947
    endloop
  endfacet
  facet normal 0 1 0
    outer loop
      vertex 12.2 -4.2 12.2
      vertex 7.57905 -4.2 9.01627
      vertex -12.2 -4.2 12.2
    endloop
  endfacet
  facet normal 0 1 0
    outer loop
      vertex -12.2 -4.2 12.2
      vertex -7.68069 -4.2 9.05263
      vertex -7.7854 -4.2 9.07886
    endloop
  endfacet
  facet normal 0 1 -0
    outer loop
      vertex -7.57905 -4.2 9.01627
      vertex -12.2 -4.2 12.2
      vertex 7.57905 -4.2 9.01627
    endloop
  endfacet
  facet normal 0 1 0
    outer loop
      vertex -12.2 -4.2 12.2
      vertex -7.57905 -4.2 9.01627
      vertex -7.68069 -4.2 9.05263
    endloop
  endfacet
  facet normal 0 1 -0
    outer loop
      vertex 7.48146 -4.2 8.97011
      vertex -7.57905 -4.2 9.01627
      vertex 7.57905 -4.2 9.01627
    endloop
  endfacet
  facet normal 0 1 0
    outer loop
      vertex 7.48146 -4.2 8.97011
      vertex -7.48146 -4.2 8.97011
      vertex -7.57905 -4.2 9.01627
    endloop
  endfacet
  facet normal 0 1 -0
    outer loop
      vertex 7.38887 -4.2 8.91462
      vertex -7.48146 -4.2 8.97011
      vertex 7.48146 -4.2 8.97011
    endloop
  endfacet
  facet normal 0 1 0
    outer loop
      vertex 7.38887 -4.2 8.91462
      vertex -7.38887 -4.2 8.91462
      vertex -7.48146 -4.2 8.97011
    endloop
  endfacet
  facet normal 0 1 -0
    outer loop
      vertex 7.30217 -4.2 8.85031
      vertex -7.38887 -4.2 8.91462
      vertex 7.38887 -4.2 8.91462
    endloop
  endfacet
  facet normal 0 1 0
    outer loop
      vertex 7.30217 -4.2 8.85031
      vertex -7.30217 -4.2 8.85031
      vertex -7.38887 -4.2 8.91462
    endloop
  endfacet
  facet normal 0 1 -0
    outer loop
      vertex 7.22218 -4.2 8.77782
      vertex -7.30217 -4.2 8.85031
      vertex 7.30217 -4.2 8.85031
    endloop
  endfacet
  facet normal 0 1 0
    outer loop
      vertex 7.22218 -4.2 8.77782
      vertex -7.22218 -4.2 8.77782
      vertex -7.30217 -4.2 8.85031
    endloop
  endfacet
  facet normal 0 1 -0
    outer loop
      vertex 7.14969 -4.2 8.69783
      vertex -7.22218 -4.2 8.77782
      vertex 7.22218 -4.2 8.77782
    endloop
  endfacet
  facet normal 0 1 0
    outer loop
      vertex 7.14969 -4.2 8.69783
      vertex -7.14969 -4.2 8.69783
      vertex -7.22218 -4.2 8.77782
    endloop
  endfacet
  facet normal 0 1 -0
    outer loop
      vertex 7.08538 -4.2 8.61113
      vertex -7.14969 -4.2 8.69783
      vertex 7.14969 -4.2 8.69783
    endloop
  endfacet
  facet normal 0 1 0
    outer loop
      vertex 7.08538 -4.2 8.61113
      vertex -7.08538 -4.2 8.61113
      vertex -7.14969 -4.2 8.69783
    endloop
  endfacet
  facet normal 0 1 -0
    outer loop
      vertex 7.02989 -4.2 8.51854
      vertex -7.08538 -4.2 8.61113
      vertex 7.08538 -4.2 8.61113
    endloop
  endfacet
  facet normal 0 1 0
    outer loop
      vertex 7.02989 -4.2 8.51854
      vertex -7.02989 -4.2 8.51854
      vertex -7.08538 -4.2 8.61113
    endloop
  endfacet
  facet normal 0 1 -0
    outer loop
      vertex 6.98373 -4.2 8.42095
      vertex -7.02989 -4.2 8.51854
      vertex 7.02989 -4.2 8.51854
    endloop
  endfacet
  facet normal 0 1 0
    outer loop
      vertex 6.98373 -4.2 8.42095
      vertex -6.98373 -4.2 8.42095
      vertex -7.02989 -4.2 8.51854
    endloop
  endfacet
  facet normal 0 1 0
    outer loop
      vertex 0.392068 -4.2 3.98074
      vertex 6.98373 -4.2 8.42095
      vertex 6.94736 -4.2 8.31931
    endloop
  endfacet
  facet normal 0 1 0
    outer loop
      vertex 6.98373 -4.2 8.42095
      vertex 0 -4.2 4
      vertex -6.98373 -4.2 8.42095
    endloop
  endfacet
  facet normal 0 1 0
    outer loop
      vertex 0.392068 -4.2 3.98074
      vertex 6.94736 -4.2 8.31931
      vertex 6.92114 -4.2 8.2146
    endloop
  endfacet
  facet normal 0 1 -0
    outer loop
      vertex -0.392068 -4.2 3.98074
      vertex -6.98373 -4.2 8.42095
      vertex 0 -4.2 4
    endloop
  endfacet
  facet normal 0 1 0
    outer loop
      vertex 0.780361 -4.2 3.92314
      vertex 6.92114 -4.2 8.2146
      vertex 6.9053 -4.2 8.10782
    endloop
  endfacet
  facet normal 0 1 0
    outer loop
      vertex -6.98373 -4.2 8.42095
      vertex -0.392068 -4.2 3.98074
      vertex -6.94736 -4.2 8.31931
    endloop
  endfacet
  facet normal 0 1 0
    outer loop
      vertex 1.16114 -4.2 3.82776
      vertex 6.9053 -4.2 8.10782
      vertex 6.9 -4.2 8
    endloop
  endfacet
  facet normal 0 1 0
    outer loop
      vertex -6.94736 -4.2 8.31931
      vertex -0.392068 -4.2 3.98074
      vertex -6.92114 -4.2 8.2146
    endloop
  endfacet
  facet normal 0 1 0
    outer loop
      vertex 1.16114 -4.2 3.82776
      vertex 6.9 -4.2 8
      vertex 6.9053 -4.2 7.89218
    endloop
  endfacet
  facet normal 0 1 -0
    outer loop
      vertex -0.780361 -4.2 3.92314
      vertex -6.92114 -4.2 8.2146
      vertex -0.392068 -4.2 3.98074
    endloop
  endfacet
  facet normal 0 1 0
    outer loop
      vertex 1.53073 -4.2 3.69552
      vertex 6.9053 -4.2 7.89218
      vertex 6.92114 -4.2 7.7854
    endloop
  endfacet
  facet normal 0 1 0
    outer loop
      vertex -6.92114 -4.2 8.2146
      vertex -0.780361 -4.2 3.92314
      vertex -6.9053 -4.2 8.10782
    endloop
  endfacet
  facet normal 0 1 0
    outer loop
      vertex 1.88559 -4.2 3.52768
      vertex 6.92114 -4.2 7.7854
      vertex 6.94736 -4.2 7.68069
    endloop
  endfacet
  facet normal 0 1 -0
    outer loop
      vertex -1.16114 -4.2 3.82776
      vertex -6.9053 -4.2 8.10782
      vertex -0.780361 -4.2 3.92314
    endloop
  endfacet
  facet normal 0 1 0
    outer loop
      vertex 1.88559 -4.2 3.52768
      vertex 6.94736 -4.2 7.68069
      vertex 6.98373 -4.2 7.57905
    endloop
  endfacet
  facet normal 0 1 0
    outer loop
      vertex -6.9053 -4.2 8.10782
      vertex -1.16114 -4.2 3.82776
      vertex -6.9 -4.2 8
    endloop
  endfacet
  facet normal 0 1 0
    outer loop
      vertex 2.22228 -4.2 3.32588
      vertex 6.98373 -4.2 7.57905
      vertex 7.02989 -4.2 7.48146
    endloop
  endfacet
  facet normal 0 1 0
    outer loop
      vertex -6.9 -4.2 8
      vertex -1.16114 -4.2 3.82776
      vertex -6.9053 -4.2 7.89218
    endloop
  endfacet
  facet normal 0 1 0
    outer loop
      vertex 2.22228 -4.2 3.32588
      vertex 7.02989 -4.2 7.48146
      vertex 7.08538 -4.2 7.38887
    endloop
  endfacet
  facet normal 0 1 -0
    outer loop
      vertex -1.53073 -4.2 3.69552
      vertex -6.9053 -4.2 7.89218
      vertex -1.16114 -4.2 3.82776
    endloop
  endfacet
  facet normal 0 1 0
    outer loop
      vertex 2.53757 -4.2 3.09204
      vertex 7.08538 -4.2 7.38887
      vertex 7.14969 -4.2 7.30217
    endloop
  endfacet
  facet normal 0 1 0
    outer loop
      vertex -6.9053 -4.2 7.89218
      vertex -1.53073 -4.2 3.69552
      vertex -6.92114 -4.2 7.7854
    endloop
  endfacet
  facet normal 0 1 0
    outer loop
      vertex 2.82843 -4.2 2.82843
      vertex 7.14969 -4.2 7.30217
      vertex 7.22218 -4.2 7.22218
    endloop
  endfacet
  facet normal 0 1 -0
    outer loop
      vertex -1.88559 -4.2 3.52768
      vertex -6.92114 -4.2 7.7854
      vertex -1.53073 -4.2 3.69552
    endloop
  endfacet
  facet normal 0 1 0
    outer loop
      vertex 2.82843 -4.2 2.82843
      vertex 7.22218 -4.2 7.22218
      vertex 7.30217 -4.2 7.14969
    endloop
  endfacet
  facet normal 0 1 0
    outer loop
      vertex -6.92114 -4.2 7.7854
      vertex -1.88559 -4.2 3.52768
      vertex -6.94736 -4.2 7.68069
    endloop
  endfacet
  facet normal 0 1 0
    outer loop
      vertex 3.09204 -4.2 2.53757
      vertex 7.30217 -4.2 7.14969
      vertex 7.38887 -4.2 7.08538
    endloop
  endfacet
  facet normal 0 1 0
    outer loop
      vertex -6.94736 -4.2 7.68069
      vertex -1.88559 -4.2 3.52768
      vertex -6.98373 -4.2 7.57905
    endloop
  endfacet
  facet normal 0 1 0
    outer loop
      vertex 3.09204 -4.2 2.53757
      vertex 7.38887 -4.2 7.08538
      vertex 7.48146 -4.2 7.02989
    endloop
  endfacet
  facet normal 0 1 -0
    outer loop
      vertex -2.22228 -4.2 3.32588
      vertex -6.98373 -4.2 7.57905
      vertex -1.88559 -4.2 3.52768
    endloop
  endfacet
  facet normal 0 1 0
    outer loop
      vertex 3.32588 -4.2 2.22228
      vertex 7.48146 -4.2 7.02989
      vertex 7.57905 -4.2 6.98373
    endloop
  endfacet
  facet normal 0 1 0
    outer loop
      vertex -6.98373 -4.2 7.57905
      vertex -2.22228 -4.2 3.32588
      vertex -7.02989 -4.2 7.48146
    endloop
  endfacet
  facet normal 0 1 0
    outer loop
      vertex 3.52768 -4.2 1.88559
      vertex 7.57905 -4.2 6.98373
      vertex 7.68069 -4.2 6.94736
    endloop
  endfacet
  facet normal 0 1 0
    outer loop
      vertex -7.02989 -4.2 7.48146
      vertex -2.22228 -4.2 3.32588
      vertex -7.08538 -4.2 7.38887
    endloop
  endfacet
  facet normal 0 1 0
    outer loop
      vertex 3.52768 -4.2 1.88559
      vertex 7.68069 -4.2 6.94736
      vertex 7.7854 -4.2 6.92114
    endloop
  endfacet
  facet normal 0 1 -0
    outer loop
      vertex -2.53757 -4.2 3.09204
      vertex -7.08538 -4.2 7.38887
      vertex -2.22228 -4.2 3.32588
    endloop
  endfacet
  facet normal 0 1 0
    outer loop
      vertex 3.69552 -4.2 1.53073
      vertex 7.7854 -4.2 6.92114
      vertex 7.89218 -4.2 6.9053
    endloop
  endfacet
  facet normal 0 1 0
    outer loop
      vertex -7.08538 -4.2 7.38887
      vertex -2.53757 -4.2 3.09204
      vertex -7.14969 -4.2 7.30217
    endloop
  endfacet
  facet normal 0 1 0
    outer loop
      vertex 3.82776 -4.2 1.16114
      vertex 7.89218 -4.2 6.9053
      vertex 8 -4.2 6.9
    endloop
  endfacet
  facet normal 0 1 -0
    outer loop
      vertex -2.82843 -4.2 2.82843
      vertex -7.14969 -4.2 7.30217
      vertex -2.53757 -4.2 3.09204
    endloop
  endfacet
  facet normal 0 1 0
    outer loop
      vertex 7.89218 -4.2 9.0947
      vertex 12.2 -4.2 12.2
      vertex 8 -4.2 9.1
    endloop
  endfacet
  facet normal 0 1 0
    outer loop
      vertex 12.2 -4.2 12.2
      vertex 8.10782 -4.2 9.0947
      vertex 8 -4.2 9.1
    endloop
  endfacet
  facet normal 0 1 0
    outer loop
      vertex 12.2 -4.2 12.2
      vertex 8.2146 -4.2 9.07886
      vertex 8.10782 -4.2 9.0947
    endloop
  endfacet
  facet normal 0 1 0
    outer loop
      vertex 12.2 -4.2 12.2
      vertex 8.31931 -4.2 9.05263
      vertex 8.2146 -4.2 9.07886
    endloop
  endfacet
  facet normal 0 1 0
    outer loop
      vertex 12.2 -4.2 12.2
      vertex 8.42095 -4.2 9.01627
      vertex 8.31931 -4.2 9.05263
    endloop
  endfacet
  facet normal 0 1 0
    outer loop
      vertex 12.2 -4.2 12.2
      vertex 8.51854 -4.2 8.97011
      vertex 8.42095 -4.2 9.01627
    endloop
  endfacet
  facet normal 0 1 0
    outer loop
      vertex 12.2 -4.2 12.2
      vertex 8.61113 -4.2 8.91462
      vertex 8.51854 -4.2 8.97011
    endloop
  endfacet
  facet normal 0 1 0
    outer loop
      vertex 12.2 -4.2 12.2
      vertex 8.69783 -4.2 8.85031
      vertex 8.61113 -4.2 8.91462
    endloop
  endfacet
  facet normal 0 1 0
    outer loop
      vertex 12.2 -4.2 12.2
      vertex 8.77782 -4.2 8.77782
      vertex 8.69783 -4.2 8.85031
    endloop
  endfacet
  facet normal 0 1 0
    outer loop
      vertex 12.2 -4.2 12.2
      vertex 8.85031 -4.2 8.69783
      vertex 8.77782 -4.2 8.77782
    endloop
  endfacet
  facet normal 0 1 0
    outer loop
      vertex 12.2 -4.2 12.2
      vertex 8.91462 -4.2 8.61113
      vertex 8.85031 -4.2 8.69783
    endloop
  endfacet
  facet normal 0 1 0
    outer loop
      vertex 12.2 -4.2 12.2
      vertex 8.97011 -4.2 8.51854
      vertex 8.91462 -4.2 8.61113
    endloop
  endfacet
  facet normal 0 1 0
    outer loop
      vertex 12.2 -4.2 12.2
      vertex 9.01627 -4.2 8.42095
      vertex 8.97011 -4.2 8.51854
    endloop
  endfacet
  facet normal 0 1 0
    outer loop
      vertex 12.2 -4.2 12.2
      vertex 9.05263 -4.2 8.31931
      vertex 9.01627 -4.2 8.42095
    endloop
  endfacet
  facet normal 0 1 0
    outer loop
      vertex 12.2 -4.2 12.2
      vertex 9.07886 -4.2 8.2146
      vertex 9.05263 -4.2 8.31931
    endloop
  endfacet
  facet normal 0 1 0
    outer loop
      vertex 12.2 -4.2 12.2
      vertex 9.0947 -4.2 8.10782
      vertex 9.07886 -4.2 8.2146
    endloop
  endfacet
  facet normal 0 1 0
    outer loop
      vertex 12.2 -4.2 12.2
      vertex 9.1 -4.2 8
      vertex 9.0947 -4.2 8.10782
    endloop
  endfacet
  facet normal 0 1 0
    outer loop
      vertex 12.2 -4.2 12.2
      vertex 9.0947 -4.2 7.89218
      vertex 9.1 -4.2 8
    endloop
  endfacet
  facet normal 0 1 0
    outer loop
      vertex 12.2 -4.2 12.2
      vertex 9.07886 -4.2 7.7854
      vertex 9.0947 -4.2 7.89218
    endloop
  endfacet
  facet normal 0 1 0
    outer loop
      vertex 12.2 -4.2 12.2
      vertex 9.05263 -4.2 7.68069
      vertex 9.07886 -4.2 7.7854
    endloop
  endfacet
  facet normal 0 1 0
    outer loop
      vertex 12.2 -4.2 12.2
      vertex 9.01627 -4.2 7.57905
      vertex 9.05263 -4.2 7.68069
    endloop
  endfacet
  facet normal 0 1 0
    outer loop
      vertex 12.2 -4.2 12.2
      vertex 8.97011 -4.2 7.48146
      vertex 9.01627 -4.2 7.57905
    endloop
  endfacet
  facet normal 0 1 0
    outer loop
      vertex 8.97011 -4.2 -7.48146
      vertex 8.97011 -4.2 7.48146
      vertex 12.2 -4.2 12.2
    endloop
  endfacet
  facet normal 0 1 0
    outer loop
      vertex -7.14969 -4.2 7.30217
      vertex -2.82843 -4.2 2.82843
      vertex -7.22218 -4.2 7.22218
    endloop
  endfacet
  facet normal 0 1 0
    outer loop
      vertex 3.82776 -4.2 1.16114
      vertex 8 -4.2 6.9
      vertex 8.10782 -4.2 6.9053
    endloop
  endfacet
  facet normal 0 1 0
    outer loop
      vertex 3.92314 -4.2 0.780361
      vertex 8.10782 -4.2 6.9053
      vertex 8.2146 -4.2 6.92114
    endloop
  endfacet
  facet normal 0 1 0
    outer loop
      vertex 3.98074 -4.2 0.392068
      vertex 8.2146 -4.2 6.92114
      vertex 8.31931 -4.2 6.94736
    endloop
  endfacet
  facet normal 0 1 0
    outer loop
      vertex 6.98373 -4.2 8.42095
      vertex 0.392068 -4.2 3.98074
      vertex 0 -4.2 4
    endloop
  endfacet
  facet normal 0 1 0
    outer loop
      vertex 3.98074 -4.2 0.392068
      vertex 8.31931 -4.2 6.94736
      vertex 8.42095 -4.2 6.98373
    endloop
  endfacet
  facet normal 0 1 0
    outer loop
      vertex 6.92114 -4.2 8.2146
      vertex 0.780361 -4.2 3.92314
      vertex 0.392068 -4.2 3.98074
    endloop
  endfacet
  facet normal 0 1 0
    outer loop
      vertex 6.9053 -4.2 8.10782
      vertex 1.16114 -4.2 3.82776
      vertex 0.780361 -4.2 3.92314
    endloop
  endfacet
  facet normal 0 1 0
    outer loop
      vertex 6.9053 -4.2 7.89218
      vertex 1.53073 -4.2 3.69552
      vertex 1.16114 -4.2 3.82776
    endloop
  endfacet
  facet normal 0 1 0
    outer loop
      vertex 4 -4.2 0
      vertex 8.42095 -4.2 6.98373
      vertex 8.51854 -4.2 7.02989
    endloop
  endfacet
  facet normal 0 1 0
    outer loop
      vertex 6.92114 -4.2 7.7854
      vertex 1.88559 -4.2 3.52768
      vertex 1.53073 -4.2 3.69552
    endloop
  endfacet
  facet normal 0 1 0
    outer loop
      vertex 6.98373 -4.2 7.57905
      vertex 2.22228 -4.2 3.32588
      vertex 1.88559 -4.2 3.52768
    endloop
  endfacet
  facet normal 0 1 0
    outer loop
      vertex 7.08538 -4.2 7.38887
      vertex 2.53757 -4.2 3.09204
      vertex 2.22228 -4.2 3.32588
    endloop
  endfacet
  facet normal 0 1 0
    outer loop
      vertex 8.51854 -4.2 -7.02989
      vertex 8.51854 -4.2 7.02989
      vertex 8.61113 -4.2 7.08538
    endloop
  endfacet
  facet normal 0 1 0
    outer loop
      vertex 7.14969 -4.2 7.30217
      vertex 2.82843 -4.2 2.82843
      vertex 2.53757 -4.2 3.09204
    endloop
  endfacet
  facet normal 0 1 0
    outer loop
      vertex 7.30217 -4.2 7.14969
      vertex 3.09204 -4.2 2.53757
      vertex 2.82843 -4.2 2.82843
    endloop
  endfacet
  facet normal 0 1 0
    outer loop
      vertex 8.61113 -4.2 -7.08538
      vertex 8.61113 -4.2 7.08538
      vertex 8.69783 -4.2 7.14969
    endloop
  endfacet
  facet normal 0 1 0
    outer loop
      vertex 7.48146 -4.2 7.02989
      vertex 3.32588 -4.2 2.22228
      vertex 3.09204 -4.2 2.53757
    endloop
  endfacet
  facet normal 0 1 0
    outer loop
      vertex 8.69783 -4.2 -7.14969
      vertex 8.69783 -4.2 7.14969
      vertex 8.77782 -4.2 7.22218
    endloop
  endfacet
  facet normal 0 1 0
    outer loop
      vertex 7.57905 -4.2 6.98373
      vertex 3.52768 -4.2 1.88559
      vertex 3.32588 -4.2 2.22228
    endloop
  endfacet
  facet normal 0 1 0
    outer loop
      vertex 7.7854 -4.2 6.92114
      vertex 3.69552 -4.2 1.53073
      vertex 3.52768 -4.2 1.88559
    endloop
  endfacet
  facet normal 0 1 0
    outer loop
      vertex 8.77782 -4.2 -7.22218
      vertex 8.77782 -4.2 7.22218
      vertex 8.85031 -4.2 7.30217
    endloop
  endfacet
  facet normal 0 1 0
    outer loop
      vertex 7.89218 -4.2 6.9053
      vertex 3.82776 -4.2 1.16114
      vertex 3.69552 -4.2 1.53073
    endloop
  endfacet
  facet normal 0 1 0
    outer loop
      vertex 8.10782 -4.2 6.9053
      vertex 3.92314 -4.2 0.780361
      vertex 3.82776 -4.2 1.16114
    endloop
  endfacet
  facet normal 0 1 0
    outer loop
      vertex 8.2146 -4.2 6.92114
      vertex 3.98074 -4.2 0.392068
      vertex 3.92314 -4.2 0.780361
    endloop
  endfacet
  facet normal 0 1 0
    outer loop
      vertex 8.85031 -4.2 -7.30217
      vertex 8.85031 -4.2 7.30217
      vertex 8.91462 -4.2 7.38887
    endloop
  endfacet
  facet normal 0 1 0
    outer loop
      vertex 8.42095 -4.2 6.98373
      vertex 4 -4.2 0
      vertex 3.98074 -4.2 0.392068
    endloop
  endfacet
  facet normal 0 1 0
    outer loop
      vertex 8.97011 -4.2 7.48146
      vertex 8.97011 -4.2 -7.48146
      vertex 8.91462 -4.2 7.38887
    endloop
  endfacet
  facet normal 0 1 0
    outer loop
      vertex 8.61113 -4.2 7.08538
      vertex 8.61113 -4.2 -7.08538
      vertex 8.51854 -4.2 -7.02989
    endloop
  endfacet
  facet normal 0 1 0
    outer loop
      vertex 8.51854 -4.2 7.02989
      vertex 8.51854 -4.2 -7.02989
      vertex 4 -4.2 0
    endloop
  endfacet
  facet normal -0 1 -0
    outer loop
      vertex 8.42095 -4.2 -6.98373
      vertex 4 -4.2 0
      vertex 8.51854 -4.2 -7.02989
    endloop
  endfacet
  facet normal -0 1 -0
    outer loop
      vertex 8.31931 -4.2 -6.94736
      vertex 3.98074 -4.2 -0.392068
      vertex 8.42095 -4.2 -6.98373
    endloop
  endfacet
  facet normal -0 1 -0
    outer loop
      vertex 8.2146 -4.2 -6.92114
      vertex 3.98074 -4.2 -0.392068
      vertex 8.31931 -4.2 -6.94736
    endloop
  endfacet
  facet normal -0 1 -0
    outer loop
      vertex 8.10782 -4.2 -6.9053
      vertex 3.92314 -4.2 -0.780361
      vertex 8.2146 -4.2 -6.92114
    endloop
  endfacet
  facet normal 0 1 -0
    outer loop
      vertex 7.22218 -4.2 -7.22218
      vertex 2.82843 -4.2 -2.82843
      vertex 7.30217 -4.2 -7.14969
    endloop
  endfacet
  facet normal 0 1 0
    outer loop
      vertex 3.09204 -4.2 -2.53757
      vertex 7.30217 -4.2 -7.14969
      vertex 2.82843 -4.2 -2.82843
    endloop
  endfacet
  facet normal 0 1 -0
    outer loop
      vertex 7.30217 -4.2 -7.14969
      vertex 3.09204 -4.2 -2.53757
      vertex 7.38887 -4.2 -7.08538
    endloop
  endfacet
  facet normal 0 1 -0
    outer loop
      vertex 7.38887 -4.2 -7.08538
      vertex 3.09204 -4.2 -2.53757
      vertex 7.48146 -4.2 -7.02989
    endloop
  endfacet
  facet normal 0 1 0
    outer loop
      vertex 3.32588 -4.2 -2.22228
      vertex 7.48146 -4.2 -7.02989
      vertex 3.09204 -4.2 -2.53757
    endloop
  endfacet
  facet normal 0 1 -0
    outer loop
      vertex 7.48146 -4.2 -7.02989
      vertex 3.32588 -4.2 -2.22228
      vertex 7.57905 -4.2 -6.98373
    endloop
  endfacet
  facet normal 0 1 0
    outer loop
      vertex 3.52768 -4.2 -1.88559
      vertex 7.57905 -4.2 -6.98373
      vertex 3.32588 -4.2 -2.22228
    endloop
  endfacet
  facet normal 0 1 -0
    outer loop
      vertex 7.57905 -4.2 -6.98373
      vertex 3.52768 -4.2 -1.88559
      vertex 7.68069 -4.2 -6.94736
    endloop
  endfacet
  facet normal 0 1 -0
    outer loop
      vertex 7.68069 -4.2 -6.94736
      vertex 3.52768 -4.2 -1.88559
      vertex 7.7854 -4.2 -6.92114
    endloop
  endfacet
  facet normal 0 1 0
    outer loop
      vertex 3.69552 -4.2 -1.53073
      vertex 7.7854 -4.2 -6.92114
      vertex 3.52768 -4.2 -1.88559
    endloop
  endfacet
  facet normal 0 1 0
    outer loop
      vertex 3.92314 -4.2 -0.780361
      vertex 8.10782 -4.2 -6.9053
      vertex 3.82776 -4.2 -1.16114
    endloop
  endfacet
  facet normal 0 1 -0
    outer loop
      vertex 7.7854 -4.2 -6.92114
      vertex 3.69552 -4.2 -1.53073
      vertex 7.89218 -4.2 -6.9053
    endloop
  endfacet
  facet normal 0 1 0
    outer loop
      vertex 3.82776 -4.2 -1.16114
      vertex 7.89218 -4.2 -6.9053
      vertex 3.69552 -4.2 -1.53073
    endloop
  endfacet
  facet normal 0 1 -0
    outer loop
      vertex 7.89218 -4.2 -6.9053
      vertex 3.82776 -4.2 -1.16114
      vertex 8 -4.2 -6.9
    endloop
  endfacet
  facet normal -0 1 -0
    outer loop
      vertex 8 -4.2 -6.9
      vertex 3.82776 -4.2 -1.16114
      vertex 8.10782 -4.2 -6.9053
    endloop
  endfacet
  facet normal 0 1 0
    outer loop
      vertex 3.98074 -4.2 -0.392068
      vertex 8.2146 -4.2 -6.92114
      vertex 3.92314 -4.2 -0.780361
    endloop
  endfacet
  facet normal 0 1 0
    outer loop
      vertex 4 -4.2 0
      vertex 8.42095 -4.2 -6.98373
      vertex 3.98074 -4.2 -0.392068
    endloop
  endfacet
  facet normal 0 1 0
    outer loop
      vertex 8.69783 -4.2 7.14969
      vertex 8.69783 -4.2 -7.14969
      vertex 8.61113 -4.2 -7.08538
    endloop
  endfacet
  facet normal 0 1 0
    outer loop
      vertex 8.77782 -4.2 7.22218
      vertex 8.77782 -4.2 -7.22218
      vertex 8.69783 -4.2 -7.14969
    endloop
  endfacet
  facet normal 0 1 0
    outer loop
      vertex 8.85031 -4.2 7.30217
      vertex 8.85031 -4.2 -7.30217
      vertex 8.77782 -4.2 -7.22218
    endloop
  endfacet
  facet normal 0 1 0
    outer loop
      vertex 8.91462 -4.2 7.38887
      vertex 8.91462 -4.2 -7.38887
      vertex 8.85031 -4.2 -7.30217
    endloop
  endfacet
  facet normal 0 1 0
    outer loop
      vertex 8.91462 -4.2 7.38887
      vertex 8.97011 -4.2 -7.48146
      vertex 8.91462 -4.2 -7.38887
    endloop
  endfacet
  facet normal 0 1 0
    outer loop
      vertex 12.2 -4.2 12.2
      vertex 9.01627 -4.2 -7.57905
      vertex 8.97011 -4.2 -7.48146
    endloop
  endfacet
  facet normal 0 1 -0
    outer loop
      vertex 12.2 -4.2 -12.2
      vertex 9.01627 -4.2 -7.57905
      vertex 12.2 -4.2 12.2
    endloop
  endfacet
  facet normal 0 1 0
    outer loop
      vertex 9.01627 -4.2 -7.57905
      vertex 12.2 -4.2 -12.2
      vertex 9.05263 -4.2 -7.68069
    endloop
  endfacet
  facet normal 0 1 0
    outer loop
      vertex 9.05263 -4.2 -7.68069
      vertex 12.2 -4.2 -12.2
      vertex 9.07886 -4.2 -7.7854
    endloop
  endfacet
  facet normal 0 1 0
    outer loop
      vertex 9.07886 -4.2 -7.7854
      vertex 12.2 -4.2 -12.2
      vertex 9.0947 -4.2 -7.89218
    endloop
  endfacet
  facet normal 0 1 0
    outer loop
      vertex 9.0947 -4.2 -7.89218
      vertex 12.2 -4.2 -12.2
      vertex 9.1 -4.2 -8
    endloop
  endfacet
  facet normal 0 1 0
    outer loop
      vertex 9.1 -4.2 -8
      vertex 12.2 -4.2 -12.2
      vertex 9.0947 -4.2 -8.10782
    endloop
  endfacet
  facet normal 0 1 0
    outer loop
      vertex -7.7854 -4.2 -9.07886
      vertex -12.2 -4.2 -12.2
      vertex -7.89218 -4.2 -9.0947
    endloop
  endfacet
  facet normal 0 1 0
    outer loop
      vertex 8.10782 -4.2 -9.0947
      vertex 12.2 -4.2 -12.2
      vertex 8 -4.2 -9.1
    endloop
  endfacet
  facet normal 0 1 0
    outer loop
      vertex 8.2146 -4.2 -9.07886
      vertex 12.2 -4.2 -12.2
      vertex 8.10782 -4.2 -9.0947
    endloop
  endfacet
  facet normal 0 1 0
    outer loop
      vertex 8.31931 -4.2 -9.05263
      vertex 12.2 -4.2 -12.2
      vertex 8.2146 -4.2 -9.07886
    endloop
  endfacet
  facet normal 0 1 0
    outer loop
      vertex 8.42095 -4.2 -9.01627
      vertex 12.2 -4.2 -12.2
      vertex 8.31931 -4.2 -9.05263
    endloop
  endfacet
  facet normal 0 1 0
    outer loop
      vertex 8.51854 -4.2 -8.97011
      vertex 12.2 -4.2 -12.2
      vertex 8.42095 -4.2 -9.01627
    endloop
  endfacet
  facet normal 0 1 0
    outer loop
      vertex 8.61113 -4.2 -8.91462
      vertex 12.2 -4.2 -12.2
      vertex 8.51854 -4.2 -8.97011
    endloop
  endfacet
  facet normal 0 1 0
    outer loop
      vertex 8.69783 -4.2 -8.85031
      vertex 12.2 -4.2 -12.2
      vertex 8.61113 -4.2 -8.91462
    endloop
  endfacet
  facet normal 0 1 0
    outer loop
      vertex 8.77782 -4.2 -8.77782
      vertex 12.2 -4.2 -12.2
      vertex 8.69783 -4.2 -8.85031
    endloop
  endfacet
  facet normal 0 1 0
    outer loop
      vertex 8.85031 -4.2 -8.69783
      vertex 12.2 -4.2 -12.2
      vertex 8.77782 -4.2 -8.77782
    endloop
  endfacet
  facet normal 0 1 0
    outer loop
      vertex 8.91462 -4.2 -8.61113
      vertex 12.2 -4.2 -12.2
      vertex 8.85031 -4.2 -8.69783
    endloop
  endfacet
  facet normal 0 1 0
    outer loop
      vertex 8.97011 -4.2 -8.51854
      vertex 12.2 -4.2 -12.2
      vertex 8.91462 -4.2 -8.61113
    endloop
  endfacet
  facet normal 0 1 0
    outer loop
      vertex 9.01627 -4.2 -8.42095
      vertex 12.2 -4.2 -12.2
      vertex 8.97011 -4.2 -8.51854
    endloop
  endfacet
  facet normal 0 1 0
    outer loop
      vertex 9.05263 -4.2 -8.31931
      vertex 12.2 -4.2 -12.2
      vertex 9.01627 -4.2 -8.42095
    endloop
  endfacet
  facet normal 0 1 0
    outer loop
      vertex 9.07886 -4.2 -8.2146
      vertex 12.2 -4.2 -12.2
      vertex 9.05263 -4.2 -8.31931
    endloop
  endfacet
  facet normal 0 1 0
    outer loop
      vertex 9.0947 -4.2 -8.10782
      vertex 12.2 -4.2 -12.2
      vertex 9.07886 -4.2 -8.2146
    endloop
  endfacet
  facet normal 0 1 0
    outer loop
      vertex 7.7854 -4.2 9.07886
      vertex 12.2 -4.2 12.2
      vertex 7.89218 -4.2 9.0947
    endloop
  endfacet
  facet normal 0 1 -0
    outer loop
      vertex -8.10782 -4.2 9.0947
      vertex -12.2 -4.2 12.2
      vertex -8 -4.2 9.1
    endloop
  endfacet
  facet normal 0 1 -0
    outer loop
      vertex -8.2146 -4.2 9.07886
      vertex -12.2 -4.2 12.2
      vertex -8.10782 -4.2 9.0947
    endloop
  endfacet
  facet normal 0 1 -0
    outer loop
      vertex -8.31931 -4.2 9.05263
      vertex -12.2 -4.2 12.2
      vertex -8.2146 -4.2 9.07886
    endloop
  endfacet
  facet normal 0 1 -0
    outer loop
      vertex -8.42095 -4.2 9.01627
      vertex -12.2 -4.2 12.2
      vertex -8.31931 -4.2 9.05263
    endloop
  endfacet
  facet normal 0 1 -0
    outer loop
      vertex -8.51854 -4.2 8.97011
      vertex -12.2 -4.2 12.2
      vertex -8.42095 -4.2 9.01627
    endloop
  endfacet
  facet normal 0 1 -0
    outer loop
      vertex -8.61113 -4.2 8.91462
      vertex -12.2 -4.2 12.2
      vertex -8.51854 -4.2 8.97011
    endloop
  endfacet
  facet normal 0 1 -0
    outer loop
      vertex -8.69783 -4.2 8.85031
      vertex -12.2 -4.2 12.2
      vertex -8.61113 -4.2 8.91462
    endloop
  endfacet
  facet normal 0 1 -0
    outer loop
      vertex -8.77782 -4.2 8.77782
      vertex -12.2 -4.2 12.2
      vertex -8.69783 -4.2 8.85031
    endloop
  endfacet
  facet normal 0 1 -0
    outer loop
      vertex -8.85031 -4.2 8.69783
      vertex -12.2 -4.2 12.2
      vertex -8.77782 -4.2 8.77782
    endloop
  endfacet
  facet normal 0 1 -0
    outer loop
      vertex -8.91462 -4.2 8.61113
      vertex -12.2 -4.2 12.2
      vertex -8.85031 -4.2 8.69783
    endloop
  endfacet
  facet normal 0 1 -0
    outer loop
      vertex -8.97011 -4.2 8.51854
      vertex -12.2 -4.2 12.2
      vertex -8.91462 -4.2 8.61113
    endloop
  endfacet
  facet normal 0 1 -0
    outer loop
      vertex -9.01627 -4.2 8.42095
      vertex -12.2 -4.2 12.2
      vertex -8.97011 -4.2 8.51854
    endloop
  endfacet
  facet normal 0 1 -0
    outer loop
      vertex -9.05263 -4.2 8.31931
      vertex -12.2 -4.2 12.2
      vertex -9.01627 -4.2 8.42095
    endloop
  endfacet
  facet normal 0 1 -0
    outer loop
      vertex -9.07886 -4.2 8.2146
      vertex -12.2 -4.2 12.2
      vertex -9.05263 -4.2 8.31931
    endloop
  endfacet
  facet normal 0 1 -0
    outer loop
      vertex -9.0947 -4.2 8.10782
      vertex -12.2 -4.2 12.2
      vertex -9.07886 -4.2 8.2146
    endloop
  endfacet
  facet normal 0 1 -0
    outer loop
      vertex -9.1 -4.2 8
      vertex -12.2 -4.2 12.2
      vertex -9.0947 -4.2 8.10782
    endloop
  endfacet
  facet normal 0 1 0
    outer loop
      vertex -9.0947 -4.2 7.89218
      vertex -12.2 -4.2 12.2
      vertex -9.1 -4.2 8
    endloop
  endfacet
  facet normal 0 1 0
    outer loop
      vertex -9.07886 -4.2 7.7854
      vertex -12.2 -4.2 12.2
      vertex -9.0947 -4.2 7.89218
    endloop
  endfacet
  facet normal 0 1 0
    outer loop
      vertex -9.05263 -4.2 7.68069
      vertex -12.2 -4.2 12.2
      vertex -9.07886 -4.2 7.7854
    endloop
  endfacet
  facet normal 0 1 0
    outer loop
      vertex -9.01627 -4.2 7.57905
      vertex -12.2 -4.2 12.2
      vertex -9.05263 -4.2 7.68069
    endloop
  endfacet
  facet normal 0 1 0
    outer loop
      vertex -8.97011 -4.2 7.48146
      vertex -12.2 -4.2 12.2
      vertex -9.01627 -4.2 7.57905
    endloop
  endfacet
  facet normal 0 1 0
    outer loop
      vertex -8.97011 -4.2 -7.48146
      vertex -8.97011 -4.2 7.48146
      vertex -8.91462 -4.2 7.38887
    endloop
  endfacet
  facet normal 0 1 0
    outer loop
      vertex -7.22218 -4.2 7.22218
      vertex -2.82843 -4.2 2.82843
      vertex -7.30217 -4.2 7.14969
    endloop
  endfacet
  facet normal 0 1 -0
    outer loop
      vertex -3.09204 -4.2 2.53757
      vertex -7.30217 -4.2 7.14969
      vertex -2.82843 -4.2 2.82843
    endloop
  endfacet
  facet normal 0 1 0
    outer loop
      vertex -7.30217 -4.2 7.14969
      vertex -3.09204 -4.2 2.53757
      vertex -7.38887 -4.2 7.08538
    endloop
  endfacet
  facet normal 0 1 0
    outer loop
      vertex -7.38887 -4.2 7.08538
      vertex -3.09204 -4.2 2.53757
      vertex -7.48146 -4.2 7.02989
    endloop
  endfacet
  facet normal 0 1 -0
    outer loop
      vertex -3.32588 -4.2 2.22228
      vertex -7.48146 -4.2 7.02989
      vertex -3.09204 -4.2 2.53757
    endloop
  endfacet
  facet normal 0 1 0
    outer loop
      vertex -7.48146 -4.2 7.02989
      vertex -3.32588 -4.2 2.22228
      vertex -7.57905 -4.2 6.98373
    endloop
  endfacet
  facet normal 0 1 -0
    outer loop
      vertex -3.52768 -4.2 1.88559
      vertex -7.57905 -4.2 6.98373
      vertex -3.32588 -4.2 2.22228
    endloop
  endfacet
  facet normal 0 1 0
    outer loop
      vertex -7.57905 -4.2 6.98373
      vertex -3.52768 -4.2 1.88559
      vertex -7.68069 -4.2 6.94736
    endloop
  endfacet
  facet normal 0 1 0
    outer loop
      vertex -7.68069 -4.2 6.94736
      vertex -3.52768 -4.2 1.88559
      vertex -7.7854 -4.2 6.92114
    endloop
  endfacet
  facet normal 0 1 -0
    outer loop
      vertex -3.69552 -4.2 1.53073
      vertex -7.7854 -4.2 6.92114
      vertex -3.52768 -4.2 1.88559
    endloop
  endfacet
  facet normal 0 1 0
    outer loop
      vertex -7.7854 -4.2 6.92114
      vertex -3.69552 -4.2 1.53073
      vertex -7.89218 -4.2 6.9053
    endloop
  endfacet
  facet normal 0 1 -0
    outer loop
      vertex -3.82776 -4.2 1.16114
      vertex -7.89218 -4.2 6.9053
      vertex -3.69552 -4.2 1.53073
    endloop
  endfacet
  facet normal 0 1 0
    outer loop
      vertex -7.89218 -4.2 6.9053
      vertex -3.82776 -4.2 1.16114
      vertex -8 -4.2 6.9
    endloop
  endfacet
  facet normal 0 1 0
    outer loop
      vertex -8 -4.2 6.9
      vertex -3.82776 -4.2 1.16114
      vertex -8.10782 -4.2 6.9053
    endloop
  endfacet
  facet normal 0 1 -0
    outer loop
      vertex -3.92314 -4.2 0.780361
      vertex -8.10782 -4.2 6.9053
      vertex -3.82776 -4.2 1.16114
    endloop
  endfacet
  facet normal 0 1 0
    outer loop
      vertex -8.10782 -4.2 6.9053
      vertex -3.92314 -4.2 0.780361
      vertex -8.2146 -4.2 6.92114
    endloop
  endfacet
  facet normal 0 1 -0
    outer loop
      vertex -3.98074 -4.2 0.392068
      vertex -8.2146 -4.2 6.92114
      vertex -3.92314 -4.2 0.780361
    endloop
  endfacet
  facet normal 0 1 0
    outer loop
      vertex -8.2146 -4.2 6.92114
      vertex -3.98074 -4.2 0.392068
      vertex -8.31931 -4.2 6.94736
    endloop
  endfacet
  facet normal 0 1 0
    outer loop
      vertex -8.31931 -4.2 6.94736
      vertex -3.98074 -4.2 0.392068
      vertex -8.42095 -4.2 6.98373
    endloop
  endfacet
  facet normal 0 1 -0
    outer loop
      vertex -4 -4.2 0
      vertex -8.42095 -4.2 6.98373
      vertex -3.98074 -4.2 0.392068
    endloop
  endfacet
  facet normal 0 1 0
    outer loop
      vertex -8.42095 -4.2 6.98373
      vertex -4 -4.2 0
      vertex -8.51854 -4.2 7.02989
    endloop
  endfacet
  facet normal 0 1 0
    outer loop
      vertex -8.51854 -4.2 -7.02989
      vertex -8.51854 -4.2 7.02989
      vertex -4 -4.2 0
    endloop
  endfacet
  facet normal 0 1 0
    outer loop
      vertex -8.51854 -4.2 7.02989
      vertex -8.51854 -4.2 -7.02989
      vertex -8.61113 -4.2 7.08538
    endloop
  endfacet
  facet normal 0 1 0
    outer loop
      vertex -8.61113 -4.2 -7.08538
      vertex -8.61113 -4.2 7.08538
      vertex -8.51854 -4.2 -7.02989
    endloop
  endfacet
  facet normal 0 1 0
    outer loop
      vertex -8.61113 -4.2 7.08538
      vertex -8.61113 -4.2 -7.08538
      vertex -8.69783 -4.2 7.14969
    endloop
  endfacet
  facet normal 0 1 0
    outer loop
      vertex -8.69783 -4.2 -7.14969
      vertex -8.69783 -4.2 7.14969
      vertex -8.61113 -4.2 -7.08538
    endloop
  endfacet
  facet normal 0 1 0
    outer loop
      vertex -8.69783 -4.2 7.14969
      vertex -8.69783 -4.2 -7.14969
      vertex -8.77782 -4.2 7.22218
    endloop
  endfacet
  facet normal 0 1 0
    outer loop
      vertex -8.42095 -4.2 -6.98373
      vertex -4 -4.2 0
      vertex -3.98074 -4.2 -0.392068
    endloop
  endfacet
  facet normal 0 1 0
    outer loop
      vertex -8.2146 -4.2 -6.92114
      vertex -3.98074 -4.2 -0.392068
      vertex -3.92314 -4.2 -0.780361
    endloop
  endfacet
  facet normal 0 1 0
    outer loop
      vertex -8.10782 -4.2 -6.9053
      vertex -3.92314 -4.2 -0.780361
      vertex -3.82776 -4.2 -1.16114
    endloop
  endfacet
  facet normal 0 1 0
    outer loop
      vertex -8 -4.2 -6.9
      vertex -3.82776 -4.2 -1.16114
      vertex -3.69552 -4.2 -1.53073
    endloop
  endfacet
  facet normal 0 1 0
    outer loop
      vertex -8 -4.2 -6.9
      vertex -3.69552 -4.2 -1.53073
      vertex -3.52768 -4.2 -1.88559
    endloop
  endfacet
  facet normal 0 1 0
    outer loop
      vertex -8 -4.2 -6.9
      vertex -3.52768 -4.2 -1.88559
      vertex -3.32588 -4.2 -2.22228
    endloop
  endfacet
  facet normal 0 1 -0
    outer loop
      vertex 7.14969 -4.2 -7.30217
      vertex 2.82843 -4.2 -2.82843
      vertex 7.22218 -4.2 -7.22218
    endloop
  endfacet
  facet normal 0 1 0
    outer loop
      vertex 0 -4.2 -4
      vertex -8 -4.2 -6.9
      vertex -0.392068 -4.2 -3.98074
    endloop
  endfacet
  facet normal 0 1 0
    outer loop
      vertex -0.392068 -4.2 -3.98074
      vertex -8 -4.2 -6.9
      vertex -0.780361 -4.2 -3.92314
    endloop
  endfacet
  facet normal 0 1 0
    outer loop
      vertex -0.780361 -4.2 -3.92314
      vertex -8 -4.2 -6.9
      vertex -1.16114 -4.2 -3.82776
    endloop
  endfacet
  facet normal 0 1 0
    outer loop
      vertex -8 -4.2 -6.9
      vertex -1.53073 -4.2 -3.69552
      vertex -1.16114 -4.2 -3.82776
    endloop
  endfacet
  facet normal 0 1 0
    outer loop
      vertex -8 -4.2 -6.9
      vertex -1.88559 -4.2 -3.52768
      vertex -1.53073 -4.2 -3.69552
    endloop
  endfacet
  facet normal 0 1 0
    outer loop
      vertex -8 -4.2 -6.9
      vertex -2.22228 -4.2 -3.32588
      vertex -1.88559 -4.2 -3.52768
    endloop
  endfacet
  facet normal 0 1 0
    outer loop
      vertex -8 -4.2 -6.9
      vertex -2.53757 -4.2 -3.09204
      vertex -2.22228 -4.2 -3.32588
    endloop
  endfacet
  facet normal 0 1 0
    outer loop
      vertex -8 -4.2 -6.9
      vertex -2.82843 -4.2 -2.82843
      vertex -2.53757 -4.2 -3.09204
    endloop
  endfacet
  facet normal 0 1 0
    outer loop
      vertex -8 -4.2 -6.9
      vertex -3.09204 -4.2 -2.53757
      vertex -2.82843 -4.2 -2.82843
    endloop
  endfacet
  facet normal 0 1 0
    outer loop
      vertex -8 -4.2 -6.9
      vertex -3.32588 -4.2 -2.22228
      vertex -3.09204 -4.2 -2.53757
    endloop
  endfacet
  facet normal 0 1 0
    outer loop
      vertex -3.82776 -4.2 -1.16114
      vertex -8 -4.2 -6.9
      vertex -8.10782 -4.2 -6.9053
    endloop
  endfacet
  facet normal 0 1 0
    outer loop
      vertex -3.92314 -4.2 -0.780361
      vertex -8.10782 -4.2 -6.9053
      vertex -8.2146 -4.2 -6.92114
    endloop
  endfacet
  facet normal 0 1 0
    outer loop
      vertex -3.98074 -4.2 -0.392068
      vertex -8.2146 -4.2 -6.92114
      vertex -8.31931 -4.2 -6.94736
    endloop
  endfacet
  facet normal 0 1 0
    outer loop
      vertex -3.98074 -4.2 -0.392068
      vertex -8.31931 -4.2 -6.94736
      vertex -8.42095 -4.2 -6.98373
    endloop
  endfacet
  facet normal 0 1 0
    outer loop
      vertex -4 -4.2 0
      vertex -8.42095 -4.2 -6.98373
      vertex -8.51854 -4.2 -7.02989
    endloop
  endfacet
  facet normal 0 1 0
    outer loop
      vertex -8.77782 -4.2 -7.22218
      vertex -8.77782 -4.2 7.22218
      vertex -8.69783 -4.2 -7.14969
    endloop
  endfacet
  facet normal 0 1 0
    outer loop
      vertex -8.77782 -4.2 7.22218
      vertex -8.77782 -4.2 -7.22218
      vertex -8.85031 -4.2 7.30217
    endloop
  endfacet
  facet normal 0 1 0
    outer loop
      vertex -8.85031 -4.2 -7.30217
      vertex -8.85031 -4.2 7.30217
      vertex -8.77782 -4.2 -7.22218
    endloop
  endfacet
  facet normal 0 1 0
    outer loop
      vertex -8.85031 -4.2 7.30217
      vertex -8.85031 -4.2 -7.30217
      vertex -8.91462 -4.2 7.38887
    endloop
  endfacet
  facet normal 0 1 0
    outer loop
      vertex -8.91462 -4.2 -7.38887
      vertex -8.91462 -4.2 7.38887
      vertex -8.85031 -4.2 -7.30217
    endloop
  endfacet
  facet normal 0 1 0
    outer loop
      vertex -8.97011 -4.2 -7.48146
      vertex -8.91462 -4.2 7.38887
      vertex -8.91462 -4.2 -7.38887
    endloop
  endfacet
  facet normal 0 1 0
    outer loop
      vertex -8.97011 -4.2 7.48146
      vertex -8.97011 -4.2 -7.48146
      vertex -12.2 -4.2 12.2
    endloop
  endfacet
  facet normal 0 1 -0
    outer loop
      vertex -9.01627 -4.2 -7.57905
      vertex -12.2 -4.2 12.2
      vertex -8.97011 -4.2 -7.48146
    endloop
  endfacet
  facet normal 0 1 0
    outer loop
      vertex -12.2 -4.2 -12.2
      vertex -9.01627 -4.2 -7.57905
      vertex -9.05263 -4.2 -7.68069
    endloop
  endfacet
  facet normal 0 1 0
    outer loop
      vertex -12.2 -4.2 -12.2
      vertex -9.05263 -4.2 -7.68069
      vertex -9.07886 -4.2 -7.7854
    endloop
  endfacet
  facet normal 0 1 0
    outer loop
      vertex -12.2 -4.2 -12.2
      vertex -9.07886 -4.2 -7.7854
      vertex -9.0947 -4.2 -7.89218
    endloop
  endfacet
  facet normal 0 1 0
    outer loop
      vertex -12.2 -4.2 -12.2
      vertex -9.0947 -4.2 -7.89218
      vertex -9.1 -4.2 -8
    endloop
  endfacet
  facet normal 0 1 0
    outer loop
      vertex -12.2 -4.2 -12.2
      vertex -9.1 -4.2 -8
      vertex -9.0947 -4.2 -8.10782
    endloop
  endfacet
  facet normal 0 1 0
    outer loop
      vertex -12.2 -4.2 -12.2
      vertex -9.0947 -4.2 -8.10782
      vertex -9.07886 -4.2 -8.2146
    endloop
  endfacet
  facet normal 0 1 0
    outer loop
      vertex -7.89218 -4.2 -9.0947
      vertex -12.2 -4.2 -12.2
      vertex -8 -4.2 -9.1
    endloop
  endfacet
  facet normal 0 1 0
    outer loop
      vertex -8 -4.2 -9.1
      vertex -12.2 -4.2 -12.2
      vertex -8.10782 -4.2 -9.0947
    endloop
  endfacet
  facet normal 0 1 0
    outer loop
      vertex -9.01627 -4.2 -7.57905
      vertex -12.2 -4.2 -12.2
      vertex -12.2 -4.2 12.2
    endloop
  endfacet
  facet normal 0 1 0
    outer loop
      vertex -9.05263 -4.2 -8.31931
      vertex -12.2 -4.2 -12.2
      vertex -9.07886 -4.2 -8.2146
    endloop
  endfacet
  facet normal 0 1 0
    outer loop
      vertex -9.01627 -4.2 -8.42095
      vertex -12.2 -4.2 -12.2
      vertex -9.05263 -4.2 -8.31931
    endloop
  endfacet
  facet normal 0 1 0
    outer loop
      vertex -8.97011 -4.2 -8.51854
      vertex -12.2 -4.2 -12.2
      vertex -9.01627 -4.2 -8.42095
    endloop
  endfacet
  facet normal 0 1 0
    outer loop
      vertex -8.91462 -4.2 -8.61113
      vertex -12.2 -4.2 -12.2
      vertex -8.97011 -4.2 -8.51854
    endloop
  endfacet
  facet normal 0 1 0
    outer loop
      vertex -8.85031 -4.2 -8.69783
      vertex -12.2 -4.2 -12.2
      vertex -8.91462 -4.2 -8.61113
    endloop
  endfacet
  facet normal 0 1 0
    outer loop
      vertex -8.77782 -4.2 -8.77782
      vertex -12.2 -4.2 -12.2
      vertex -8.85031 -4.2 -8.69783
    endloop
  endfacet
  facet normal 0 1 0
    outer loop
      vertex -8.69783 -4.2 -8.85031
      vertex -12.2 -4.2 -12.2
      vertex -8.77782 -4.2 -8.77782
    endloop
  endfacet
  facet normal 0 1 0
    outer loop
      vertex -8.61113 -4.2 -8.91462
      vertex -12.2 -4.2 -12.2
      vertex -8.69783 -4.2 -8.85031
    endloop
  endfacet
  facet normal 0 1 0
    outer loop
      vertex -8.51854 -4.2 -8.97011
      vertex -12.2 -4.2 -12.2
      vertex -8.61113 -4.2 -8.91462
    endloop
  endfacet
  facet normal 0 1 0
    outer loop
      vertex -8.42095 -4.2 -9.01627
      vertex -12.2 -4.2 -12.2
      vertex -8.51854 -4.2 -8.97011
    endloop
  endfacet
  facet normal 0 1 0
    outer loop
      vertex -8.31931 -4.2 -9.05263
      vertex -12.2 -4.2 -12.2
      vertex -8.42095 -4.2 -9.01627
    endloop
  endfacet
  facet normal 0 1 0
    outer loop
      vertex -8.2146 -4.2 -9.07886
      vertex -12.2 -4.2 -12.2
      vertex -8.31931 -4.2 -9.05263
    endloop
  endfacet
  facet normal 0 1 0
    outer loop
      vertex -8.10782 -4.2 -9.0947
      vertex -12.2 -4.2 -12.2
      vertex -8.2146 -4.2 -9.07886
    endloop
  endfacet
  facet normal -0.671545 0 0.740964
    outer loop
      vertex 2.53757 -4.2 -3.09204
      vertex 2.82843 -7.5 -2.82843
      vertex 2.82843 -4.2 -2.82843
    endloop
  endfacet
  facet normal -0.671545 0 0.740964
    outer loop
      vertex 2.82843 -7.5 -2.82843
      vertex 2.53757 -4.2 -3.09204
      vertex 2.53757 -7.5 -3.09204
    endloop
  endfacet
  facet normal -0.671545 0 0.740964
    outer loop
      vertex 2.53757 6 -3.09204
      vertex 2.82843 4.2 -2.82843
      vertex 2.82843 6 -2.82843
    endloop
  endfacet
  facet normal -0.671545 0 0.740964
    outer loop
      vertex 2.82843 4.2 -2.82843
      vertex 2.53757 6 -3.09204
      vertex 2.53757 4.2 -3.09204
    endloop
  endfacet
  facet normal -0.989176 0 -0.146736
    outer loop
      vertex 3.98074 -7.5 0.392068
      vertex 3.92314 -4.2 0.780361
      vertex 3.98074 -4.2 0.392068
    endloop
  endfacet
  facet normal -0.989176 -0 -0.146736
    outer loop
      vertex 3.92314 -4.2 0.780361
      vertex 3.98074 -7.5 0.392068
      vertex 3.92314 -7.5 0.780361
    endloop
  endfacet
  facet normal -0.989176 0 -0.146736
    outer loop
      vertex 3.98074 4.2 0.392068
      vertex 3.92314 6 0.780361
      vertex 3.98074 6 0.392068
    endloop
  endfacet
  facet normal -0.989176 -0 -0.146736
    outer loop
      vertex 3.92314 6 0.780361
      vertex 3.98074 4.2 0.392068
      vertex 3.92314 4.2 0.780361
    endloop
  endfacet
  facet normal -0.998796 0 -0.049065
    outer loop
      vertex 4 -7.5 0
      vertex 3.98074 -4.2 0.392068
      vertex 4 -4.2 0
    endloop
  endfacet
  facet normal -0.998796 -0 -0.049065
    outer loop
      vertex 3.98074 -4.2 0.392068
      vertex 4 -7.5 0
      vertex 3.98074 -7.5 0.392068
    endloop
  endfacet
  facet normal -0.998796 0 -0.049065
    outer loop
      vertex 4 4.2 0
      vertex 3.98074 6 0.392068
      vertex 4 6 0
    endloop
  endfacet
  facet normal -0.998796 -0 -0.049065
    outer loop
      vertex 3.98074 6 0.392068
      vertex 4 4.2 0
      vertex 3.98074 4.2 0.392068
    endloop
  endfacet
  facet normal -0.427563 0 0.903986
    outer loop
      vertex 1.53073 -4.2 -3.69552
      vertex 1.88559 -7.5 -3.52768
      vertex 1.88559 -4.2 -3.52768
    endloop
  endfacet
  facet normal -0.427563 0 0.903986
    outer loop
      vertex 1.88559 -7.5 -3.52768
      vertex 1.53073 -4.2 -3.69552
      vertex 1.53073 -7.5 -3.69552
    endloop
  endfacet
  facet normal -0.427563 0 0.903986
    outer loop
      vertex 1.53073 6 -3.69552
      vertex 1.88559 4.2 -3.52768
      vertex 1.88559 6 -3.52768
    endloop
  endfacet
  facet normal -0.427563 0 0.903986
    outer loop
      vertex 1.88559 4.2 -3.52768
      vertex 1.53073 6 -3.69552
      vertex 1.53073 4.2 -3.69552
    endloop
  endfacet
  facet normal -0.970031 0 -0.24298
    outer loop
      vertex 3.92314 -7.5 0.780361
      vertex 3.82776 -4.2 1.16114
      vertex 3.92314 -4.2 0.780361
    endloop
  endfacet
  facet normal -0.970031 -0 -0.24298
    outer loop
      vertex 3.82776 -4.2 1.16114
      vertex 3.92314 -7.5 0.780361
      vertex 3.82776 -7.5 1.16114
    endloop
  endfacet
  facet normal -0.970031 0 -0.24298
    outer loop
      vertex 3.92314 4.2 0.780361
      vertex 3.82776 6 1.16114
      vertex 3.92314 6 0.780361
    endloop
  endfacet
  facet normal -0.970031 -0 -0.24298
    outer loop
      vertex 3.82776 6 1.16114
      vertex 3.92314 4.2 0.780361
      vertex 3.82776 4.2 1.16114
    endloop
  endfacet
  facet normal 0.671545 0 -0.740964
    outer loop
      vertex -2.82843 -7.5 2.82843
      vertex -2.53757 -4.2 3.09204
      vertex -2.53757 -7.5 3.09204
    endloop
  endfacet
  facet normal 0.671545 0 -0.740964
    outer loop
      vertex -2.53757 -4.2 3.09204
      vertex -2.82843 -7.5 2.82843
      vertex -2.82843 -4.2 2.82843
    endloop
  endfacet
  facet normal 0.671545 0 -0.740964
    outer loop
      vertex -2.82843 4.2 2.82843
      vertex -2.53757 6 3.09204
      vertex -2.53757 4.2 3.09204
    endloop
  endfacet
  facet normal 0.671545 0 -0.740964
    outer loop
      vertex -2.53757 6 3.09204
      vertex -2.82843 4.2 2.82843
      vertex -2.82843 6 2.82843
    endloop
  endfacet
  facet normal 0.427563 0 0.903986
    outer loop
      vertex -1.88559 -4.2 -3.52768
      vertex -1.53073 -7.5 -3.69552
      vertex -1.53073 -4.2 -3.69552
    endloop
  endfacet
  facet normal 0.427563 0 0.903986
    outer loop
      vertex -1.53073 -7.5 -3.69552
      vertex -1.88559 -4.2 -3.52768
      vertex -1.88559 -7.5 -3.52768
    endloop
  endfacet
  facet normal 0.427563 0 0.903986
    outer loop
      vertex -1.88559 6 -3.52768
      vertex -1.53073 4.2 -3.69552
      vertex -1.53073 6 -3.69552
    endloop
  endfacet
  facet normal 0.427563 0 0.903986
    outer loop
      vertex -1.53073 4.2 -3.69552
      vertex -1.88559 6 -3.52768
      vertex -1.88559 4.2 -3.52768
    endloop
  endfacet
  facet normal 0.970031 0 -0.24298
    outer loop
      vertex -3.82776 -7.5 1.16114
      vertex -3.92314 -4.2 0.780361
      vertex -3.82776 -4.2 1.16114
    endloop
  endfacet
  facet normal 0.970031 0 -0.24298
    outer loop
      vertex -3.92314 -4.2 0.780361
      vertex -3.82776 -7.5 1.16114
      vertex -3.92314 -7.5 0.780361
    endloop
  endfacet
  facet normal 0.970031 0 -0.24298
    outer loop
      vertex -3.82776 4.2 1.16114
      vertex -3.92314 6 0.780361
      vertex -3.82776 6 1.16114
    endloop
  endfacet
  facet normal 0.970031 0 -0.24298
    outer loop
      vertex -3.92314 6 0.780361
      vertex -3.82776 4.2 1.16114
      vertex -3.92314 4.2 0.780361
    endloop
  endfacet
  facet normal -0.941545 0 -0.336887
    outer loop
      vertex 3.82776 -7.5 1.16114
      vertex 3.69552 -4.2 1.53073
      vertex 3.82776 -4.2 1.16114
    endloop
  endfacet
  facet normal -0.941545 -0 -0.336887
    outer loop
      vertex 3.69552 -4.2 1.53073
      vertex 3.82776 -7.5 1.16114
      vertex 3.69552 -7.5 1.53073
    endloop
  endfacet
  facet normal -0.941545 0 -0.336887
    outer loop
      vertex 3.82776 4.2 1.16114
      vertex 3.69552 6 1.53073
      vertex 3.82776 6 1.16114
    endloop
  endfacet
  facet normal -0.941545 -0 -0.336887
    outer loop
      vertex 3.69552 6 1.53073
      vertex 3.82776 4.2 1.16114
      vertex 3.69552 4.2 1.53073
    endloop
  endfacet
  facet normal -0.427563 0 -0.903986
    outer loop
      vertex 1.53073 -7.5 3.69552
      vertex 1.88559 -4.2 3.52768
      vertex 1.88559 -7.5 3.52768
    endloop
  endfacet
  facet normal -0.427563 0 -0.903986
    outer loop
      vertex 1.88559 -4.2 3.52768
      vertex 1.53073 -7.5 3.69552
      vertex 1.53073 -4.2 3.69552
    endloop
  endfacet
  facet normal -0.427563 0 -0.903986
    outer loop
      vertex 1.53073 4.2 3.69552
      vertex 1.88559 6 3.52768
      vertex 1.88559 4.2 3.52768
    endloop
  endfacet
  facet normal -0.427563 0 -0.903986
    outer loop
      vertex 1.88559 6 3.52768
      vertex 1.53073 4.2 3.69552
      vertex 1.53073 6 3.69552
    endloop
  endfacet
  facet normal 0.989176 0 -0.146736
    outer loop
      vertex -3.92314 -7.5 0.780361
      vertex -3.98074 -4.2 0.392068
      vertex -3.92314 -4.2 0.780361
    endloop
  endfacet
  facet normal 0.989176 0 -0.146736
    outer loop
      vertex -3.98074 -4.2 0.392068
      vertex -3.92314 -7.5 0.780361
      vertex -3.98074 -7.5 0.392068
    endloop
  endfacet
  facet normal 0.989176 0 -0.146736
    outer loop
      vertex -3.92314 4.2 0.780361
      vertex -3.98074 6 0.392068
      vertex -3.92314 6 0.780361
    endloop
  endfacet
  facet normal 0.989176 0 -0.146736
    outer loop
      vertex -3.98074 6 0.392068
      vertex -3.92314 4.2 0.780361
      vertex -3.98074 4.2 0.392068
    endloop
  endfacet
  facet normal 0.146736 0 0.989176
    outer loop
      vertex -0.780361 6 -3.92314
      vertex -0.392068 4.2 -3.98074
      vertex -0.392068 6 -3.98074
    endloop
  endfacet
  facet normal 0.146736 0 0.989176
    outer loop
      vertex -0.392068 4.2 -3.98074
      vertex -0.780361 6 -3.92314
      vertex -0.780361 4.2 -3.92314
    endloop
  endfacet
  facet normal 0.146736 0 0.989176
    outer loop
      vertex -0.780361 -4.2 -3.92314
      vertex -0.392068 -7.5 -3.98074
      vertex -0.392068 -4.2 -3.98074
    endloop
  endfacet
  facet normal 0.146736 0 0.989176
    outer loop
      vertex -0.392068 -7.5 -3.98074
      vertex -0.780361 -4.2 -3.92314
      vertex -0.780361 -7.5 -3.92314
    endloop
  endfacet
  facet normal -0.336887 0 0.941545
    outer loop
      vertex 1.16114 -4.2 -3.82776
      vertex 1.53073 -7.5 -3.69552
      vertex 1.53073 -4.2 -3.69552
    endloop
  endfacet
  facet normal -0.336887 0 0.941545
    outer loop
      vertex 1.53073 -7.5 -3.69552
      vertex 1.16114 -4.2 -3.82776
      vertex 1.16114 -7.5 -3.82776
    endloop
  endfacet
  facet normal -0.336887 0 0.941545
    outer loop
      vertex 1.16114 6 -3.82776
      vertex 1.53073 4.2 -3.69552
      vertex 1.53073 6 -3.69552
    endloop
  endfacet
  facet normal -0.336887 0 0.941545
    outer loop
      vertex 1.53073 4.2 -3.69552
      vertex 1.16114 6 -3.82776
      vertex 1.16114 4.2 -3.82776
    endloop
  endfacet
  facet normal -0.903986 0 0.427563
    outer loop
      vertex 3.52768 -7.5 -1.88559
      vertex 3.69552 -4.2 -1.53073
      vertex 3.52768 -4.2 -1.88559
    endloop
  endfacet
  facet normal -0.903986 0 0.427563
    outer loop
      vertex 3.69552 -4.2 -1.53073
      vertex 3.52768 -7.5 -1.88559
      vertex 3.69552 -7.5 -1.53073
    endloop
  endfacet
  facet normal -0.903986 0 0.427563
    outer loop
      vertex 3.52768 4.2 -1.88559
      vertex 3.69552 6 -1.53073
      vertex 3.52768 6 -1.88559
    endloop
  endfacet
  facet normal -0.903986 0 0.427563
    outer loop
      vertex 3.69552 6 -1.53073
      vertex 3.52768 4.2 -1.88559
      vertex 3.69552 4.2 -1.53073
    endloop
  endfacet
  facet normal 0.857733 -0 0.514095
    outer loop
      vertex -3.52768 -7.5 -1.88559
      vertex -3.32588 -4.2 -2.22228
      vertex -3.52768 -4.2 -1.88559
    endloop
  endfacet
  facet normal 0.857733 0 0.514095
    outer loop
      vertex -3.32588 -4.2 -2.22228
      vertex -3.52768 -7.5 -1.88559
      vertex -3.32588 -7.5 -2.22228
    endloop
  endfacet
  facet normal 0.857733 -0 0.514095
    outer loop
      vertex -3.52768 4.2 -1.88559
      vertex -3.32588 6 -2.22228
      vertex -3.52768 6 -1.88559
    endloop
  endfacet
  facet normal 0.857733 0 0.514095
    outer loop
      vertex -3.32588 6 -2.22228
      vertex -3.52768 4.2 -1.88559
      vertex -3.32588 4.2 -2.22228
    endloop
  endfacet
  facet normal 0.970031 -0 0.24298
    outer loop
      vertex -3.92314 -7.5 -0.780361
      vertex -3.82776 -4.2 -1.16114
      vertex -3.92314 -4.2 -0.780361
    endloop
  endfacet
  facet normal 0.970031 0 0.24298
    outer loop
      vertex -3.82776 -4.2 -1.16114
      vertex -3.92314 -7.5 -0.780361
      vertex -3.82776 -7.5 -1.16114
    endloop
  endfacet
  facet normal 0.970031 -0 0.24298
    outer loop
      vertex -3.92314 4.2 -0.780361
      vertex -3.82776 6 -1.16114
      vertex -3.92314 6 -0.780361
    endloop
  endfacet
  facet normal 0.970031 0 0.24298
    outer loop
      vertex -3.82776 6 -1.16114
      vertex -3.92314 4.2 -0.780361
      vertex -3.82776 4.2 -1.16114
    endloop
  endfacet
  facet normal -0.146736 0 0.989176
    outer loop
      vertex 0.392068 6 -3.98074
      vertex 0.780361 4.2 -3.92314
      vertex 0.780361 6 -3.92314
    endloop
  endfacet
  facet normal -0.146736 0 0.989176
    outer loop
      vertex 0.780361 4.2 -3.92314
      vertex 0.392068 6 -3.98074
      vertex 0.392068 4.2 -3.98074
    endloop
  endfacet
  facet normal -0.146736 0 0.989176
    outer loop
      vertex 0.392068 -4.2 -3.98074
      vertex 0.780361 -7.5 -3.92314
      vertex 0.780361 -4.2 -3.92314
    endloop
  endfacet
  facet normal -0.146736 0 0.989176
    outer loop
      vertex 0.780361 -7.5 -3.92314
      vertex 0.392068 -4.2 -3.98074
      vertex 0.392068 -7.5 -3.98074
    endloop
  endfacet
  facet normal 0.336887 0 0.941545
    outer loop
      vertex -1.53073 -4.2 -3.69552
      vertex -1.16114 -7.5 -3.82776
      vertex -1.16114 -4.2 -3.82776
    endloop
  endfacet
  facet normal 0.336887 0 0.941545
    outer loop
      vertex -1.16114 -7.5 -3.82776
      vertex -1.53073 -4.2 -3.69552
      vertex -1.53073 -7.5 -3.69552
    endloop
  endfacet
  facet normal 0.336887 0 0.941545
    outer loop
      vertex -1.53073 6 -3.69552
      vertex -1.16114 4.2 -3.82776
      vertex -1.16114 6 -3.82776
    endloop
  endfacet
  facet normal 0.336887 0 0.941545
    outer loop
      vertex -1.16114 4.2 -3.82776
      vertex -1.53073 6 -3.69552
      vertex -1.53073 4.2 -3.69552
    endloop
  endfacet
  facet normal 0.336887 0 -0.941545
    outer loop
      vertex -1.53073 -7.5 3.69552
      vertex -1.16114 -4.2 3.82776
      vertex -1.16114 -7.5 3.82776
    endloop
  endfacet
  facet normal 0.336887 0 -0.941545
    outer loop
      vertex -1.16114 -4.2 3.82776
      vertex -1.53073 -7.5 3.69552
      vertex -1.53073 -4.2 3.69552
    endloop
  endfacet
  facet normal 0.336887 0 -0.941545
    outer loop
      vertex -1.53073 4.2 3.69552
      vertex -1.16114 6 3.82776
      vertex -1.16114 4.2 3.82776
    endloop
  endfacet
  facet normal 0.336887 0 -0.941545
    outer loop
      vertex -1.16114 6 3.82776
      vertex -1.53073 4.2 3.69552
      vertex -1.53073 6 3.69552
    endloop
  endfacet
  facet normal -0.049065 0 0.998796
    outer loop
      vertex 0 6 -4
      vertex 0.392068 4.2 -3.98074
      vertex 0.392068 6 -3.98074
    endloop
  endfacet
  facet normal -0.049065 0 0.998796
    outer loop
      vertex 0.392068 4.2 -3.98074
      vertex 0 6 -4
      vertex 0 4.2 -4
    endloop
  endfacet
  facet normal -0.049065 0 0.998796
    outer loop
      vertex 0 -4.2 -4
      vertex 0.392068 -7.5 -3.98074
      vertex 0.392068 -4.2 -3.98074
    endloop
  endfacet
  facet normal -0.049065 0 0.998796
    outer loop
      vertex 0.392068 -7.5 -3.98074
      vertex 0 -4.2 -4
      vertex 0 -7.5 -4
    endloop
  endfacet
  facet normal -0.514095 0 0.857733
    outer loop
      vertex 1.88559 -4.2 -3.52768
      vertex 2.22228 -7.5 -3.32588
      vertex 2.22228 -4.2 -3.32588
    endloop
  endfacet
  facet normal -0.514095 0 0.857733
    outer loop
      vertex 2.22228 -7.5 -3.32588
      vertex 1.88559 -4.2 -3.52768
      vertex 1.88559 -7.5 -3.52768
    endloop
  endfacet
  facet normal -0.514095 0 0.857733
    outer loop
      vertex 1.88559 6 -3.52768
      vertex 2.22228 4.2 -3.32588
      vertex 2.22228 6 -3.32588
    endloop
  endfacet
  facet normal -0.514095 0 0.857733
    outer loop
      vertex 2.22228 4.2 -3.32588
      vertex 1.88559 6 -3.52768
      vertex 1.88559 4.2 -3.52768
    endloop
  endfacet
  facet normal 0.595708 0 0.803201
    outer loop
      vertex -2.53757 -4.2 -3.09204
      vertex -2.22228 -7.5 -3.32588
      vertex -2.22228 -4.2 -3.32588
    endloop
  endfacet
  facet normal 0.595708 0 0.803201
    outer loop
      vertex -2.22228 -7.5 -3.32588
      vertex -2.53757 -4.2 -3.09204
      vertex -2.53757 -7.5 -3.09204
    endloop
  endfacet
  facet normal 0.595708 0 0.803201
    outer loop
      vertex -2.53757 6 -3.09204
      vertex -2.22228 4.2 -3.32588
      vertex -2.22228 6 -3.32588
    endloop
  endfacet
  facet normal 0.595708 0 0.803201
    outer loop
      vertex -2.22228 4.2 -3.32588
      vertex -2.53757 6 -3.09204
      vertex -2.53757 4.2 -3.09204
    endloop
  endfacet
  facet normal 0.903986 -0 0.427563
    outer loop
      vertex -3.69552 -7.5 -1.53073
      vertex -3.52768 -4.2 -1.88559
      vertex -3.69552 -4.2 -1.53073
    endloop
  endfacet
  facet normal 0.903986 0 0.427563
    outer loop
      vertex -3.52768 -4.2 -1.88559
      vertex -3.69552 -7.5 -1.53073
      vertex -3.52768 -7.5 -1.88559
    endloop
  endfacet
  facet normal 0.903986 -0 0.427563
    outer loop
      vertex -3.69552 4.2 -1.53073
      vertex -3.52768 6 -1.88559
      vertex -3.69552 6 -1.53073
    endloop
  endfacet
  facet normal 0.903986 0 0.427563
    outer loop
      vertex -3.52768 6 -1.88559
      vertex -3.69552 4.2 -1.53073
      vertex -3.52768 4.2 -1.88559
    endloop
  endfacet
  facet normal 0.146736 0 -0.989176
    outer loop
      vertex -0.780361 4.2 3.92314
      vertex -0.392068 6 3.98074
      vertex -0.392068 4.2 3.98074
    endloop
  endfacet
  facet normal 0.146736 0 -0.989176
    outer loop
      vertex -0.392068 6 3.98074
      vertex -0.780361 4.2 3.92314
      vertex -0.780361 6 3.92314
    endloop
  endfacet
  facet normal 0.146736 0 -0.989176
    outer loop
      vertex -0.780361 -7.5 3.92314
      vertex -0.392068 -4.2 3.98074
      vertex -0.392068 -7.5 3.98074
    endloop
  endfacet
  facet normal 0.146736 0 -0.989176
    outer loop
      vertex -0.392068 -4.2 3.98074
      vertex -0.780361 -7.5 3.92314
      vertex -0.780361 -4.2 3.92314
    endloop
  endfacet
  facet normal -0.595708 0 0.803201
    outer loop
      vertex 2.22228 -4.2 -3.32588
      vertex 2.53757 -7.5 -3.09204
      vertex 2.53757 -4.2 -3.09204
    endloop
  endfacet
  facet normal -0.595708 0 0.803201
    outer loop
      vertex 2.53757 -7.5 -3.09204
      vertex 2.22228 -4.2 -3.32588
      vertex 2.22228 -7.5 -3.32588
    endloop
  endfacet
  facet normal -0.595708 0 0.803201
    outer loop
      vertex 2.22228 6 -3.32588
      vertex 2.53757 4.2 -3.09204
      vertex 2.53757 6 -3.09204
    endloop
  endfacet
  facet normal -0.595708 0 0.803201
    outer loop
      vertex 2.53757 4.2 -3.09204
      vertex 2.22228 6 -3.32588
      vertex 2.22228 4.2 -3.32588
    endloop
  endfacet
  facet normal 0.24298 0 0.970031
    outer loop
      vertex -1.16114 -4.2 -3.82776
      vertex -0.780361 -7.5 -3.92314
      vertex -0.780361 -4.2 -3.92314
    endloop
  endfacet
  facet normal 0.24298 0 0.970031
    outer loop
      vertex -0.780361 -7.5 -3.92314
      vertex -1.16114 -4.2 -3.82776
      vertex -1.16114 -7.5 -3.82776
    endloop
  endfacet
  facet normal 0.24298 0 0.970031
    outer loop
      vertex -1.16114 6 -3.82776
      vertex -0.780361 4.2 -3.92314
      vertex -0.780361 6 -3.92314
    endloop
  endfacet
  facet normal 0.24298 0 0.970031
    outer loop
      vertex -0.780361 4.2 -3.92314
      vertex -1.16114 6 -3.82776
      vertex -1.16114 4.2 -3.82776
    endloop
  endfacet
  facet normal -0.514095 0 -0.857733
    outer loop
      vertex 1.88559 4.2 3.52768
      vertex 2.22228 6 3.32588
      vertex 2.22228 4.2 3.32588
    endloop
  endfacet
  facet normal -0.514095 0 -0.857733
    outer loop
      vertex 2.22228 6 3.32588
      vertex 1.88559 4.2 3.52768
      vertex 1.88559 6 3.52768
    endloop
  endfacet
  facet normal -0.514095 0 -0.857733
    outer loop
      vertex 1.88559 -7.5 3.52768
      vertex 2.22228 -4.2 3.32588
      vertex 2.22228 -7.5 3.32588
    endloop
  endfacet
  facet normal -0.514095 0 -0.857733
    outer loop
      vertex 2.22228 -4.2 3.32588
      vertex 1.88559 -7.5 3.52768
      vertex 1.88559 -4.2 3.52768
    endloop
  endfacet
  facet normal -0.740964 0 -0.671545
    outer loop
      vertex 3.09204 -7.5 2.53757
      vertex 2.82843 -4.2 2.82843
      vertex 3.09204 -4.2 2.53757
    endloop
  endfacet
  facet normal -0.740964 -0 -0.671545
    outer loop
      vertex 2.82843 -4.2 2.82843
      vertex 3.09204 -7.5 2.53757
      vertex 2.82843 -7.5 2.82843
    endloop
  endfacet
  facet normal -0.740964 0 -0.671545
    outer loop
      vertex 3.09204 4.2 2.53757
      vertex 2.82843 6 2.82843
      vertex 3.09204 6 2.53757
    endloop
  endfacet
  facet normal -0.740964 -0 -0.671545
    outer loop
      vertex 2.82843 6 2.82843
      vertex 3.09204 4.2 2.53757
      vertex 2.82843 4.2 2.82843
    endloop
  endfacet
  facet normal -0.803201 0 -0.595708
    outer loop
      vertex 3.32588 -7.5 2.22228
      vertex 3.09204 -4.2 2.53757
      vertex 3.32588 -4.2 2.22228
    endloop
  endfacet
  facet normal -0.803201 -0 -0.595708
    outer loop
      vertex 3.09204 -4.2 2.53757
      vertex 3.32588 -7.5 2.22228
      vertex 3.09204 -7.5 2.53757
    endloop
  endfacet
  facet normal -0.803201 0 -0.595708
    outer loop
      vertex 3.32588 4.2 2.22228
      vertex 3.09204 6 2.53757
      vertex 3.32588 6 2.22228
    endloop
  endfacet
  facet normal -0.803201 -0 -0.595708
    outer loop
      vertex 3.09204 6 2.53757
      vertex 3.32588 4.2 2.22228
      vertex 3.09204 4.2 2.53757
    endloop
  endfacet
  facet normal -0.595708 0 -0.803201
    outer loop
      vertex 2.22228 -7.5 3.32588
      vertex 2.53757 -4.2 3.09204
      vertex 2.53757 -7.5 3.09204
    endloop
  endfacet
  facet normal -0.595708 0 -0.803201
    outer loop
      vertex 2.53757 -4.2 3.09204
      vertex 2.22228 -7.5 3.32588
      vertex 2.22228 -4.2 3.32588
    endloop
  endfacet
  facet normal -0.595708 0 -0.803201
    outer loop
      vertex 2.22228 4.2 3.32588
      vertex 2.53757 6 3.09204
      vertex 2.53757 4.2 3.09204
    endloop
  endfacet
  facet normal -0.595708 0 -0.803201
    outer loop
      vertex 2.53757 6 3.09204
      vertex 2.22228 4.2 3.32588
      vertex 2.22228 6 3.32588
    endloop
  endfacet
  facet normal -0.989176 0 0.146736
    outer loop
      vertex 3.92314 -7.5 -0.780361
      vertex 3.98074 -4.2 -0.392068
      vertex 3.92314 -4.2 -0.780361
    endloop
  endfacet
  facet normal -0.989176 0 0.146736
    outer loop
      vertex 3.98074 -4.2 -0.392068
      vertex 3.92314 -7.5 -0.780361
      vertex 3.98074 -7.5 -0.392068
    endloop
  endfacet
  facet normal -0.989176 0 0.146736
    outer loop
      vertex 3.92314 4.2 -0.780361
      vertex 3.98074 6 -0.392068
      vertex 3.92314 6 -0.780361
    endloop
  endfacet
  facet normal -0.989176 0 0.146736
    outer loop
      vertex 3.98074 6 -0.392068
      vertex 3.92314 4.2 -0.780361
      vertex 3.98074 4.2 -0.392068
    endloop
  endfacet
  facet normal 0.941545 0 -0.336887
    outer loop
      vertex -3.69552 -7.5 1.53073
      vertex -3.82776 -4.2 1.16114
      vertex -3.69552 -4.2 1.53073
    endloop
  endfacet
  facet normal 0.941545 0 -0.336887
    outer loop
      vertex -3.82776 -4.2 1.16114
      vertex -3.69552 -7.5 1.53073
      vertex -3.82776 -7.5 1.16114
    endloop
  endfacet
  facet normal 0.941545 0 -0.336887
    outer loop
      vertex -3.69552 4.2 1.53073
      vertex -3.82776 6 1.16114
      vertex -3.69552 6 1.53073
    endloop
  endfacet
  facet normal 0.941545 0 -0.336887
    outer loop
      vertex -3.82776 6 1.16114
      vertex -3.69552 4.2 1.53073
      vertex -3.82776 4.2 1.16114
    endloop
  endfacet
  facet normal -0.857733 0 -0.514095
    outer loop
      vertex 3.52768 -7.5 1.88559
      vertex 3.32588 -4.2 2.22228
      vertex 3.52768 -4.2 1.88559
    endloop
  endfacet
  facet normal -0.857733 -0 -0.514095
    outer loop
      vertex 3.32588 -4.2 2.22228
      vertex 3.52768 -7.5 1.88559
      vertex 3.32588 -7.5 2.22228
    endloop
  endfacet
  facet normal -0.857733 0 -0.514095
    outer loop
      vertex 3.52768 4.2 1.88559
      vertex 3.32588 6 2.22228
      vertex 3.52768 6 1.88559
    endloop
  endfacet
  facet normal -0.857733 -0 -0.514095
    outer loop
      vertex 3.32588 6 2.22228
      vertex 3.52768 4.2 1.88559
      vertex 3.32588 4.2 2.22228
    endloop
  endfacet
  facet normal -0.336887 0 -0.941545
    outer loop
      vertex 1.16114 -7.5 3.82776
      vertex 1.53073 -4.2 3.69552
      vertex 1.53073 -7.5 3.69552
    endloop
  endfacet
  facet normal -0.336887 0 -0.941545
    outer loop
      vertex 1.53073 -4.2 3.69552
      vertex 1.16114 -7.5 3.82776
      vertex 1.16114 -4.2 3.82776
    endloop
  endfacet
  facet normal -0.336887 0 -0.941545
    outer loop
      vertex 1.16114 4.2 3.82776
      vertex 1.53073 6 3.69552
      vertex 1.53073 4.2 3.69552
    endloop
  endfacet
  facet normal -0.336887 0 -0.941545
    outer loop
      vertex 1.53073 6 3.69552
      vertex 1.16114 4.2 3.82776
      vertex 1.16114 6 3.82776
    endloop
  endfacet
  facet normal -0.998796 0 0.049065
    outer loop
      vertex 3.98074 -7.5 -0.392068
      vertex 4 -4.2 0
      vertex 3.98074 -4.2 -0.392068
    endloop
  endfacet
  facet normal -0.998796 0 0.049065
    outer loop
      vertex 4 -4.2 0
      vertex 3.98074 -7.5 -0.392068
      vertex 4 -7.5 0
    endloop
  endfacet
  facet normal -0.998796 0 0.049065
    outer loop
      vertex 3.98074 4.2 -0.392068
      vertex 4 6 0
      vertex 3.98074 6 -0.392068
    endloop
  endfacet
  facet normal -0.998796 0 0.049065
    outer loop
      vertex 4 6 0
      vertex 3.98074 4.2 -0.392068
      vertex 4 4.2 0
    endloop
  endfacet
  facet normal 0.049065 0 0.998796
    outer loop
      vertex -0.392068 6 -3.98074
      vertex 0 4.2 -4
      vertex 0 6 -4
    endloop
  endfacet
  facet normal 0.049065 0 0.998796
    outer loop
      vertex 0 4.2 -4
      vertex -0.392068 6 -3.98074
      vertex -0.392068 4.2 -3.98074
    endloop
  endfacet
  facet normal 0.049065 0 0.998796
    outer loop
      vertex -0.392068 -4.2 -3.98074
      vertex 0 -7.5 -4
      vertex 0 -4.2 -4
    endloop
  endfacet
  facet normal 0.049065 0 0.998796
    outer loop
      vertex 0 -7.5 -4
      vertex -0.392068 -4.2 -3.98074
      vertex -0.392068 -7.5 -3.98074
    endloop
  endfacet
  facet normal -0.970031 0 0.24298
    outer loop
      vertex 3.82776 -7.5 -1.16114
      vertex 3.92314 -4.2 -0.780361
      vertex 3.82776 -4.2 -1.16114
    endloop
  endfacet
  facet normal -0.970031 0 0.24298
    outer loop
      vertex 3.92314 -4.2 -0.780361
      vertex 3.82776 -7.5 -1.16114
      vertex 3.92314 -7.5 -0.780361
    endloop
  endfacet
  facet normal -0.970031 0 0.24298
    outer loop
      vertex 3.82776 4.2 -1.16114
      vertex 3.92314 6 -0.780361
      vertex 3.82776 6 -1.16114
    endloop
  endfacet
  facet normal -0.970031 0 0.24298
    outer loop
      vertex 3.92314 6 -0.780361
      vertex 3.82776 4.2 -1.16114
      vertex 3.92314 4.2 -0.780361
    endloop
  endfacet
  facet normal -0.857733 0 0.514095
    outer loop
      vertex 3.32588 -7.5 -2.22228
      vertex 3.52768 -4.2 -1.88559
      vertex 3.32588 -4.2 -2.22228
    endloop
  endfacet
  facet normal -0.857733 0 0.514095
    outer loop
      vertex 3.52768 -4.2 -1.88559
      vertex 3.32588 -7.5 -2.22228
      vertex 3.52768 -7.5 -1.88559
    endloop
  endfacet
  facet normal -0.857733 0 0.514095
    outer loop
      vertex 3.32588 4.2 -2.22228
      vertex 3.52768 6 -1.88559
      vertex 3.32588 6 -2.22228
    endloop
  endfacet
  facet normal -0.857733 0 0.514095
    outer loop
      vertex 3.52768 6 -1.88559
      vertex 3.32588 4.2 -2.22228
      vertex 3.52768 4.2 -1.88559
    endloop
  endfacet
  facet normal -0.803201 0 0.595708
    outer loop
      vertex 3.09204 -7.5 -2.53757
      vertex 3.32588 -4.2 -2.22228
      vertex 3.09204 -4.2 -2.53757
    endloop
  endfacet
  facet normal -0.803201 0 0.595708
    outer loop
      vertex 3.32588 -4.2 -2.22228
      vertex 3.09204 -7.5 -2.53757
      vertex 3.32588 -7.5 -2.22228
    endloop
  endfacet
  facet normal -0.803201 0 0.595708
    outer loop
      vertex 3.09204 4.2 -2.53757
      vertex 3.32588 6 -2.22228
      vertex 3.09204 6 -2.53757
    endloop
  endfacet
  facet normal -0.803201 0 0.595708
    outer loop
      vertex 3.32588 6 -2.22228
      vertex 3.09204 4.2 -2.53757
      vertex 3.32588 4.2 -2.22228
    endloop
  endfacet
  facet normal 0.24298 0 -0.970031
    outer loop
      vertex -1.16114 4.2 3.82776
      vertex -0.780361 6 3.92314
      vertex -0.780361 4.2 3.92314
    endloop
  endfacet
  facet normal 0.24298 0 -0.970031
    outer loop
      vertex -0.780361 6 3.92314
      vertex -1.16114 4.2 3.82776
      vertex -1.16114 6 3.82776
    endloop
  endfacet
  facet normal 0.24298 0 -0.970031
    outer loop
      vertex -1.16114 -7.5 3.82776
      vertex -0.780361 -4.2 3.92314
      vertex -0.780361 -7.5 3.92314
    endloop
  endfacet
  facet normal 0.24298 0 -0.970031
    outer loop
      vertex -0.780361 -4.2 3.92314
      vertex -1.16114 -7.5 3.82776
      vertex -1.16114 -4.2 3.82776
    endloop
  endfacet
  facet normal -0.941545 0 0.336887
    outer loop
      vertex 3.69552 -7.5 -1.53073
      vertex 3.82776 -4.2 -1.16114
      vertex 3.69552 -4.2 -1.53073
    endloop
  endfacet
  facet normal -0.941545 0 0.336887
    outer loop
      vertex 3.82776 -4.2 -1.16114
      vertex 3.69552 -7.5 -1.53073
      vertex 3.82776 -7.5 -1.16114
    endloop
  endfacet
  facet normal -0.941545 0 0.336887
    outer loop
      vertex 3.69552 4.2 -1.53073
      vertex 3.82776 6 -1.16114
      vertex 3.69552 6 -1.53073
    endloop
  endfacet
  facet normal -0.941545 0 0.336887
    outer loop
      vertex 3.82776 6 -1.16114
      vertex 3.69552 4.2 -1.53073
      vertex 3.82776 4.2 -1.16114
    endloop
  endfacet
  facet normal -0.049065 0 -0.998796
    outer loop
      vertex 0 4.2 4
      vertex 0.392068 6 3.98074
      vertex 0.392068 4.2 3.98074
    endloop
  endfacet
  facet normal -0.049065 0 -0.998796
    outer loop
      vertex 0.392068 6 3.98074
      vertex 0 4.2 4
      vertex 0 6 4
    endloop
  endfacet
  facet normal -0.049065 0 -0.998796
    outer loop
      vertex 0 -7.5 4
      vertex 0.392068 -4.2 3.98074
      vertex 0.392068 -7.5 3.98074
    endloop
  endfacet
  facet normal -0.049065 0 -0.998796
    outer loop
      vertex 0.392068 -4.2 3.98074
      vertex 0 -7.5 4
      vertex 0 -4.2 4
    endloop
  endfacet
  facet normal 0.514095 0 -0.857733
    outer loop
      vertex -2.22228 4.2 3.32588
      vertex -1.88559 6 3.52768
      vertex -1.88559 4.2 3.52768
    endloop
  endfacet
  facet normal 0.514095 0 -0.857733
    outer loop
      vertex -1.88559 6 3.52768
      vertex -2.22228 4.2 3.32588
      vertex -2.22228 6 3.32588
    endloop
  endfacet
  facet normal 0.514095 0 -0.857733
    outer loop
      vertex -2.22228 -7.5 3.32588
      vertex -1.88559 -4.2 3.52768
      vertex -1.88559 -7.5 3.52768
    endloop
  endfacet
  facet normal 0.514095 0 -0.857733
    outer loop
      vertex -1.88559 -4.2 3.52768
      vertex -2.22228 -7.5 3.32588
      vertex -2.22228 -4.2 3.32588
    endloop
  endfacet
  facet normal 0.903986 0 -0.427563
    outer loop
      vertex -3.52768 -7.5 1.88559
      vertex -3.69552 -4.2 1.53073
      vertex -3.52768 -4.2 1.88559
    endloop
  endfacet
  facet normal 0.903986 0 -0.427563
    outer loop
      vertex -3.69552 -4.2 1.53073
      vertex -3.52768 -7.5 1.88559
      vertex -3.69552 -7.5 1.53073
    endloop
  endfacet
  facet normal 0.903986 0 -0.427563
    outer loop
      vertex -3.52768 4.2 1.88559
      vertex -3.69552 6 1.53073
      vertex -3.52768 6 1.88559
    endloop
  endfacet
  facet normal 0.903986 0 -0.427563
    outer loop
      vertex -3.69552 6 1.53073
      vertex -3.52768 4.2 1.88559
      vertex -3.69552 4.2 1.53073
    endloop
  endfacet
  facet normal -0.903986 0 -0.427563
    outer loop
      vertex 3.69552 -7.5 1.53073
      vertex 3.52768 -4.2 1.88559
      vertex 3.69552 -4.2 1.53073
    endloop
  endfacet
  facet normal -0.903986 -0 -0.427563
    outer loop
      vertex 3.52768 -4.2 1.88559
      vertex 3.69552 -7.5 1.53073
      vertex 3.52768 -7.5 1.88559
    endloop
  endfacet
  facet normal -0.903986 0 -0.427563
    outer loop
      vertex 3.69552 4.2 1.53073
      vertex 3.52768 6 1.88559
      vertex 3.69552 6 1.53073
    endloop
  endfacet
  facet normal -0.903986 -0 -0.427563
    outer loop
      vertex 3.52768 6 1.88559
      vertex 3.69552 4.2 1.53073
      vertex 3.52768 4.2 1.88559
    endloop
  endfacet
  facet normal -0.146736 0 -0.989176
    outer loop
      vertex 0.392068 4.2 3.98074
      vertex 0.780361 6 3.92314
      vertex 0.780361 4.2 3.92314
    endloop
  endfacet
  facet normal -0.146736 0 -0.989176
    outer loop
      vertex 0.780361 6 3.92314
      vertex 0.392068 4.2 3.98074
      vertex 0.392068 6 3.98074
    endloop
  endfacet
  facet normal -0.146736 0 -0.989176
    outer loop
      vertex 0.392068 -7.5 3.98074
      vertex 0.780361 -4.2 3.92314
      vertex 0.780361 -7.5 3.92314
    endloop
  endfacet
  facet normal -0.146736 0 -0.989176
    outer loop
      vertex 0.780361 -4.2 3.92314
      vertex 0.392068 -7.5 3.98074
      vertex 0.392068 -4.2 3.98074
    endloop
  endfacet
  facet normal -0.671545 0 -0.740964
    outer loop
      vertex 2.53757 -7.5 3.09204
      vertex 2.82843 -4.2 2.82843
      vertex 2.82843 -7.5 2.82843
    endloop
  endfacet
  facet normal -0.671545 0 -0.740964
    outer loop
      vertex 2.82843 -4.2 2.82843
      vertex 2.53757 -7.5 3.09204
      vertex 2.53757 -4.2 3.09204
    endloop
  endfacet
  facet normal -0.671545 0 -0.740964
    outer loop
      vertex 2.53757 4.2 3.09204
      vertex 2.82843 6 2.82843
      vertex 2.82843 4.2 2.82843
    endloop
  endfacet
  facet normal -0.671545 0 -0.740964
    outer loop
      vertex 2.82843 6 2.82843
      vertex 2.53757 4.2 3.09204
      vertex 2.53757 6 3.09204
    endloop
  endfacet
  facet normal 0.595708 0 -0.803201
    outer loop
      vertex -2.53757 -7.5 3.09204
      vertex -2.22228 -4.2 3.32588
      vertex -2.22228 -7.5 3.32588
    endloop
  endfacet
  facet normal 0.595708 0 -0.803201
    outer loop
      vertex -2.22228 -4.2 3.32588
      vertex -2.53757 -7.5 3.09204
      vertex -2.53757 -4.2 3.09204
    endloop
  endfacet
  facet normal 0.595708 0 -0.803201
    outer loop
      vertex -2.53757 4.2 3.09204
      vertex -2.22228 6 3.32588
      vertex -2.22228 4.2 3.32588
    endloop
  endfacet
  facet normal 0.595708 0 -0.803201
    outer loop
      vertex -2.22228 6 3.32588
      vertex -2.53757 4.2 3.09204
      vertex -2.53757 6 3.09204
    endloop
  endfacet
  facet normal 0.740964 -0 0.671545
    outer loop
      vertex -3.09204 -7.5 -2.53757
      vertex -2.82843 -4.2 -2.82843
      vertex -3.09204 -4.2 -2.53757
    endloop
  endfacet
  facet normal 0.740964 0 0.671545
    outer loop
      vertex -2.82843 -4.2 -2.82843
      vertex -3.09204 -7.5 -2.53757
      vertex -2.82843 -7.5 -2.82843
    endloop
  endfacet
  facet normal 0.740964 -0 0.671545
    outer loop
      vertex -3.09204 4.2 -2.53757
      vertex -2.82843 6 -2.82843
      vertex -3.09204 6 -2.53757
    endloop
  endfacet
  facet normal 0.740964 0 0.671545
    outer loop
      vertex -2.82843 6 -2.82843
      vertex -3.09204 4.2 -2.53757
      vertex -2.82843 4.2 -2.82843
    endloop
  endfacet
  facet normal -0.24298 0 0.970031
    outer loop
      vertex 0.780361 -4.2 -3.92314
      vertex 1.16114 -7.5 -3.82776
      vertex 1.16114 -4.2 -3.82776
    endloop
  endfacet
  facet normal -0.24298 0 0.970031
    outer loop
      vertex 1.16114 -7.5 -3.82776
      vertex 0.780361 -4.2 -3.92314
      vertex 0.780361 -7.5 -3.92314
    endloop
  endfacet
  facet normal -0.24298 0 0.970031
    outer loop
      vertex 0.780361 6 -3.92314
      vertex 1.16114 4.2 -3.82776
      vertex 1.16114 6 -3.82776
    endloop
  endfacet
  facet normal -0.24298 0 0.970031
    outer loop
      vertex 1.16114 4.2 -3.82776
      vertex 0.780361 6 -3.92314
      vertex 0.780361 4.2 -3.92314
    endloop
  endfacet
  facet normal 0.427563 0 -0.903986
    outer loop
      vertex -1.88559 -7.5 3.52768
      vertex -1.53073 -4.2 3.69552
      vertex -1.53073 -7.5 3.69552
    endloop
  endfacet
  facet normal 0.427563 0 -0.903986
    outer loop
      vertex -1.53073 -4.2 3.69552
      vertex -1.88559 -7.5 3.52768
      vertex -1.88559 -4.2 3.52768
    endloop
  endfacet
  facet normal 0.427563 0 -0.903986
    outer loop
      vertex -1.88559 4.2 3.52768
      vertex -1.53073 6 3.69552
      vertex -1.53073 4.2 3.69552
    endloop
  endfacet
  facet normal 0.427563 0 -0.903986
    outer loop
      vertex -1.53073 6 3.69552
      vertex -1.88559 4.2 3.52768
      vertex -1.88559 6 3.52768
    endloop
  endfacet
  facet normal 0.941545 -0 0.336887
    outer loop
      vertex -3.82776 -7.5 -1.16114
      vertex -3.69552 -4.2 -1.53073
      vertex -3.82776 -4.2 -1.16114
    endloop
  endfacet
  facet normal 0.941545 0 0.336887
    outer loop
      vertex -3.69552 -4.2 -1.53073
      vertex -3.82776 -7.5 -1.16114
      vertex -3.69552 -7.5 -1.53073
    endloop
  endfacet
  facet normal 0.941545 -0 0.336887
    outer loop
      vertex -3.82776 4.2 -1.16114
      vertex -3.69552 6 -1.53073
      vertex -3.82776 6 -1.16114
    endloop
  endfacet
  facet normal 0.941545 0 0.336887
    outer loop
      vertex -3.69552 6 -1.53073
      vertex -3.82776 4.2 -1.16114
      vertex -3.69552 4.2 -1.53073
    endloop
  endfacet
  facet normal 0.514095 0 0.857733
    outer loop
      vertex -2.22228 -4.2 -3.32588
      vertex -1.88559 -7.5 -3.52768
      vertex -1.88559 -4.2 -3.52768
    endloop
  endfacet
  facet normal 0.514095 0 0.857733
    outer loop
      vertex -1.88559 -7.5 -3.52768
      vertex -2.22228 -4.2 -3.32588
      vertex -2.22228 -7.5 -3.32588
    endloop
  endfacet
  facet normal 0.514095 0 0.857733
    outer loop
      vertex -2.22228 6 -3.32588
      vertex -1.88559 4.2 -3.52768
      vertex -1.88559 6 -3.52768
    endloop
  endfacet
  facet normal 0.514095 0 0.857733
    outer loop
      vertex -1.88559 4.2 -3.52768
      vertex -2.22228 6 -3.32588
      vertex -2.22228 4.2 -3.32588
    endloop
  endfacet
  facet normal 0.049065 0 -0.998796
    outer loop
      vertex -0.392068 4.2 3.98074
      vertex 0 6 4
      vertex 0 4.2 4
    endloop
  endfacet
  facet normal 0.049065 0 -0.998796
    outer loop
      vertex 0 6 4
      vertex -0.392068 4.2 3.98074
      vertex -0.392068 6 3.98074
    endloop
  endfacet
  facet normal 0.049065 0 -0.998796
    outer loop
      vertex -0.392068 -7.5 3.98074
      vertex 0 -4.2 4
      vertex 0 -7.5 4
    endloop
  endfacet
  facet normal 0.049065 0 -0.998796
    outer loop
      vertex 0 -4.2 4
      vertex -0.392068 -7.5 3.98074
      vertex -0.392068 -4.2 3.98074
    endloop
  endfacet
  facet normal 0.803201 -0 0.595708
    outer loop
      vertex -3.32588 -7.5 -2.22228
      vertex -3.09204 -4.2 -2.53757
      vertex -3.32588 -4.2 -2.22228
    endloop
  endfacet
  facet normal 0.803201 0 0.595708
    outer loop
      vertex -3.09204 -4.2 -2.53757
      vertex -3.32588 -7.5 -2.22228
      vertex -3.09204 -7.5 -2.53757
    endloop
  endfacet
  facet normal 0.803201 -0 0.595708
    outer loop
      vertex -3.32588 4.2 -2.22228
      vertex -3.09204 6 -2.53757
      vertex -3.32588 6 -2.22228
    endloop
  endfacet
  facet normal 0.803201 0 0.595708
    outer loop
      vertex -3.09204 6 -2.53757
      vertex -3.32588 4.2 -2.22228
      vertex -3.09204 4.2 -2.53757
    endloop
  endfacet
  facet normal 0.740964 0 -0.671545
    outer loop
      vertex -2.82843 -7.5 2.82843
      vertex -3.09204 -4.2 2.53757
      vertex -2.82843 -4.2 2.82843
    endloop
  endfacet
  facet normal 0.740964 0 -0.671545
    outer loop
      vertex -3.09204 -4.2 2.53757
      vertex -2.82843 -7.5 2.82843
      vertex -3.09204 -7.5 2.53757
    endloop
  endfacet
  facet normal 0.740964 0 -0.671545
    outer loop
      vertex -2.82843 4.2 2.82843
      vertex -3.09204 6 2.53757
      vertex -2.82843 6 2.82843
    endloop
  endfacet
  facet normal 0.740964 0 -0.671545
    outer loop
      vertex -3.09204 6 2.53757
      vertex -2.82843 4.2 2.82843
      vertex -3.09204 4.2 2.53757
    endloop
  endfacet
  facet normal 0.989176 -0 0.146736
    outer loop
      vertex -3.98074 -7.5 -0.392068
      vertex -3.92314 -4.2 -0.780361
      vertex -3.98074 -4.2 -0.392068
    endloop
  endfacet
  facet normal 0.989176 0 0.146736
    outer loop
      vertex -3.92314 -4.2 -0.780361
      vertex -3.98074 -7.5 -0.392068
      vertex -3.92314 -7.5 -0.780361
    endloop
  endfacet
  facet normal 0.989176 -0 0.146736
    outer loop
      vertex -3.98074 4.2 -0.392068
      vertex -3.92314 6 -0.780361
      vertex -3.98074 6 -0.392068
    endloop
  endfacet
  facet normal 0.989176 0 0.146736
    outer loop
      vertex -3.92314 6 -0.780361
      vertex -3.98074 4.2 -0.392068
      vertex -3.92314 4.2 -0.780361
    endloop
  endfacet
  facet normal 0.998796 -0 0.049065
    outer loop
      vertex -4 -7.5 0
      vertex -3.98074 -4.2 -0.392068
      vertex -4 -4.2 0
    endloop
  endfacet
  facet normal 0.998796 0 0.049065
    outer loop
      vertex -3.98074 -4.2 -0.392068
      vertex -4 -7.5 0
      vertex -3.98074 -7.5 -0.392068
    endloop
  endfacet
  facet normal 0.998796 -0 0.049065
    outer loop
      vertex -4 4.2 0
      vertex -3.98074 6 -0.392068
      vertex -4 6 0
    endloop
  endfacet
  facet normal 0.998796 0 0.049065
    outer loop
      vertex -3.98074 6 -0.392068
      vertex -4 4.2 0
      vertex -3.98074 4.2 -0.392068
    endloop
  endfacet
  facet normal -0.24298 0 -0.970031
    outer loop
      vertex 0.780361 4.2 3.92314
      vertex 1.16114 6 3.82776
      vertex 1.16114 4.2 3.82776
    endloop
  endfacet
  facet normal -0.24298 0 -0.970031
    outer loop
      vertex 1.16114 6 3.82776
      vertex 0.780361 4.2 3.92314
      vertex 0.780361 6 3.92314
    endloop
  endfacet
  facet normal -0.24298 0 -0.970031
    outer loop
      vertex 0.780361 -7.5 3.92314
      vertex 1.16114 -4.2 3.82776
      vertex 1.16114 -7.5 3.82776
    endloop
  endfacet
  facet normal -0.24298 0 -0.970031
    outer loop
      vertex 1.16114 -4.2 3.82776
      vertex 0.780361 -7.5 3.92314
      vertex 0.780361 -4.2 3.92314
    endloop
  endfacet
  facet normal 0.671545 0 0.740964
    outer loop
      vertex -2.82843 -4.2 -2.82843
      vertex -2.53757 -7.5 -3.09204
      vertex -2.53757 -4.2 -3.09204
    endloop
  endfacet
  facet normal 0.671545 0 0.740964
    outer loop
      vertex -2.53757 -7.5 -3.09204
      vertex -2.82843 -4.2 -2.82843
      vertex -2.82843 -7.5 -2.82843
    endloop
  endfacet
  facet normal 0.671545 0 0.740964
    outer loop
      vertex -2.82843 6 -2.82843
      vertex -2.53757 4.2 -3.09204
      vertex -2.53757 6 -3.09204
    endloop
  endfacet
  facet normal 0.671545 0 0.740964
    outer loop
      vertex -2.53757 4.2 -3.09204
      vertex -2.82843 6 -2.82843
      vertex -2.82843 4.2 -2.82843
    endloop
  endfacet
  facet normal 0.803201 0 -0.595708
    outer loop
      vertex -3.09204 -7.5 2.53757
      vertex -3.32588 -4.2 2.22228
      vertex -3.09204 -4.2 2.53757
    endloop
  endfacet
  facet normal 0.803201 0 -0.595708
    outer loop
      vertex -3.32588 -4.2 2.22228
      vertex -3.09204 -7.5 2.53757
      vertex -3.32588 -7.5 2.22228
    endloop
  endfacet
  facet normal 0.803201 0 -0.595708
    outer loop
      vertex -3.09204 4.2 2.53757
      vertex -3.32588 6 2.22228
      vertex -3.09204 6 2.53757
    endloop
  endfacet
  facet normal 0.803201 0 -0.595708
    outer loop
      vertex -3.32588 6 2.22228
      vertex -3.09204 4.2 2.53757
      vertex -3.32588 4.2 2.22228
    endloop
  endfacet
  facet normal 0.857733 0 -0.514095
    outer loop
      vertex -3.32588 -7.5 2.22228
      vertex -3.52768 -4.2 1.88559
      vertex -3.32588 -4.2 2.22228
    endloop
  endfacet
  facet normal 0.857733 0 -0.514095
    outer loop
      vertex -3.52768 -4.2 1.88559
      vertex -3.32588 -7.5 2.22228
      vertex -3.52768 -7.5 1.88559
    endloop
  endfacet
  facet normal 0.857733 0 -0.514095
    outer loop
      vertex -3.32588 4.2 2.22228
      vertex -3.52768 6 1.88559
      vertex -3.32588 6 2.22228
    endloop
  endfacet
  facet normal 0.857733 0 -0.514095
    outer loop
      vertex -3.52768 6 1.88559
      vertex -3.32588 4.2 2.22228
      vertex -3.52768 4.2 1.88559
    endloop
  endfacet
  facet normal 0.998796 0 -0.049065
    outer loop
      vertex -3.98074 -7.5 0.392068
      vertex -4 -4.2 0
      vertex -3.98074 -4.2 0.392068
    endloop
  endfacet
  facet normal 0.998796 0 -0.049065
    outer loop
      vertex -4 -4.2 0
      vertex -3.98074 -7.5 0.392068
      vertex -4 -7.5 0
    endloop
  endfacet
  facet normal 0.998796 0 -0.049065
    outer loop
      vertex -3.98074 4.2 0.392068
      vertex -4 6 0
      vertex -3.98074 6 0.392068
    endloop
  endfacet
  facet normal 0.998796 0 -0.049065
    outer loop
      vertex -4 6 0
      vertex -3.98074 4.2 0.392068
      vertex -4 4.2 0
    endloop
  endfacet
  facet normal -0.740964 0 0.671545
    outer loop
      vertex 2.82843 -7.5 -2.82843
      vertex 3.09204 -4.2 -2.53757
      vertex 2.82843 -4.2 -2.82843
    endloop
  endfacet
  facet normal -0.740964 0 0.671545
    outer loop
      vertex 3.09204 -4.2 -2.53757
      vertex 2.82843 -7.5 -2.82843
      vertex 3.09204 -7.5 -2.53757
    endloop
  endfacet
  facet normal -0.740964 0 0.671545
    outer loop
      vertex 2.82843 4.2 -2.82843
      vertex 3.09204 6 -2.53757
      vertex 2.82843 6 -2.82843
    endloop
  endfacet
  facet normal -0.740964 0 0.671545
    outer loop
      vertex 3.09204 6 -2.53757
      vertex 2.82843 4.2 -2.82843
      vertex 3.09204 4.2 -2.53757
    endloop
  endfacet
  facet normal -0.98914 -0.146978 0
    outer loop
      vertex 40.3921 0.161728 -8
      vertex 40.3683 0.321898 8
      vertex 40.3683 0.321898 -8
    endloop
  endfacet
  facet normal -0.98914 -0.146978 0
    outer loop
      vertex 40.3683 0.321898 8
      vertex 40.3921 0.161728 -8
      vertex 40.3921 0.161728 8
    endloop
  endfacet
  facet normal -0.998809 -0.0487893 0
    outer loop
      vertex 40.4 0 -8
      vertex 40.3921 0.161728 8
      vertex 40.3921 0.161728 -8
    endloop
  endfacet
  facet normal -0.998809 -0.0487893 0
    outer loop
      vertex 40.3921 0.161728 8
      vertex 40.4 0 -8
      vertex 40.4 0 8
    endloop
  endfacet
  facet normal -0.970096 -0.242722 0
    outer loop
      vertex 40.3683 0.321898 -8
      vertex 40.329 0.47897 8
      vertex 40.329 0.47897 -8
    endloop
  endfacet
  facet normal -0.970096 -0.242722 0
    outer loop
      vertex 40.329 0.47897 8
      vertex 40.3683 0.321898 -8
      vertex 40.3683 0.321898 8
    endloop
  endfacet
  facet normal -0.904064 -0.427398 0
    outer loop
      vertex 40.2744 0.631427 -8
      vertex 40.2052 0.777804 8
      vertex 40.2052 0.777804 -8
    endloop
  endfacet
  facet normal -0.904064 -0.427398 0
    outer loop
      vertex 40.2052 0.777804 8
      vertex 40.2744 0.631427 -8
      vertex 40.2744 0.631427 8
    endloop
  endfacet
  facet normal -0.427494 0.904018 0
    outer loop
      vertex 39.5278 -1.45517 -8
      vertex 39.3814 -1.5244 8
      vertex 39.5278 -1.45517 8
    endloop
  endfacet
  facet normal -0.427494 0.904018 0
    outer loop
      vertex 39.3814 -1.5244 8
      vertex 39.5278 -1.45517 -8
      vertex 39.3814 -1.5244 -8
    endloop
  endfacet
  facet normal -0.337002 0.941504 0
    outer loop
      vertex 39.3814 -1.5244 -8
      vertex 39.229 -1.57895 8
      vertex 39.3814 -1.5244 8
    endloop
  endfacet
  facet normal -0.337002 0.941504 0
    outer loop
      vertex 39.229 -1.57895 8
      vertex 39.3814 -1.5244 -8
      vertex 39.229 -1.57895 -8
    endloop
  endfacet
  facet normal -0.0491058 -0.998794 0
    outer loop
      vertex 38.75 1.65 -8
      vertex 38.9117 1.64205 8
      vertex 38.75 1.65 8
    endloop
  endfacet
  facet normal -0.0491058 -0.998794 -0
    outer loop
      vertex 38.9117 1.64205 8
      vertex 38.75 1.65 -8
      vertex 38.9117 1.64205 -8
    endloop
  endfacet
  facet normal -0.146649 0.989189 0
    outer loop
      vertex 39.0719 -1.6183 -8
      vertex 38.9117 -1.64205 8
      vertex 39.0719 -1.6183 8
    endloop
  endfacet
  facet normal -0.146649 0.989189 0
    outer loop
      vertex 38.9117 -1.64205 8
      vertex 39.0719 -1.6183 -8
      vertex 38.9117 -1.64205 -8
    endloop
  endfacet
  facet normal 0.0491058 0.998794 -0
    outer loop
      vertex 38.75 -1.65 -8
      vertex 38.5883 -1.64205 8
      vertex 38.75 -1.65 8
    endloop
  endfacet
  facet normal 0.0491058 0.998794 0
    outer loop
      vertex 38.5883 -1.64205 8
      vertex 38.75 -1.65 -8
      vertex 38.5883 -1.64205 -8
    endloop
  endfacet
  facet normal 0.80338 -0.595467 0
    outer loop
      vertex 37.3781 0.916691 8
      vertex 37.4745 1.04675 -8
      vertex 37.4745 1.04675 8
    endloop
  endfacet
  facet normal 0.80338 -0.595467 0
    outer loop
      vertex 37.4745 1.04675 -8
      vertex 37.3781 0.916691 8
      vertex 37.3781 0.916691 -8
    endloop
  endfacet
  facet normal 0.98914 -0.146978 0
    outer loop
      vertex 37.1079 0.161728 8
      vertex 37.1317 0.321898 -8
      vertex 37.1317 0.321898 8
    endloop
  endfacet
  facet normal 0.98914 -0.146978 0
    outer loop
      vertex 37.1317 0.321898 -8
      vertex 37.1079 0.161728 8
      vertex 37.1079 0.161728 -8
    endloop
  endfacet
  facet normal 0.671486 0.741018 -0
    outer loop
      vertex 37.7033 -1.27547 -8
      vertex 37.5833 -1.16673 8
      vertex 37.7033 -1.27547 8
    endloop
  endfacet
  facet normal 0.671486 0.741018 0
    outer loop
      vertex 37.5833 -1.16673 8
      vertex 37.7033 -1.27547 -8
      vertex 37.5833 -1.16673 -8
    endloop
  endfacet
  facet normal -0.80338 -0.595467 0
    outer loop
      vertex 40.1219 0.916691 -8
      vertex 40.0255 1.04675 8
      vertex 40.0255 1.04675 -8
    endloop
  endfacet
  facet normal -0.80338 -0.595467 0
    outer loop
      vertex 40.0255 1.04675 8
      vertex 40.1219 0.916691 -8
      vertex 40.1219 0.916691 8
    endloop
  endfacet
  facet normal -0.514087 0.857738 0
    outer loop
      vertex 39.6667 -1.37192 -8
      vertex 39.5278 -1.45517 8
      vertex 39.6667 -1.37192 8
    endloop
  endfacet
  facet normal -0.514087 0.857738 0
    outer loop
      vertex 39.5278 -1.45517 8
      vertex 39.6667 -1.37192 -8
      vertex 39.5278 -1.45517 -8
    endloop
  endfacet
  facet normal 0.337002 0.941504 -0
    outer loop
      vertex 38.271 -1.57895 -8
      vertex 38.1186 -1.5244 8
      vertex 38.271 -1.57895 8
    endloop
  endfacet
  facet normal 0.337002 0.941504 0
    outer loop
      vertex 38.1186 -1.5244 8
      vertex 38.271 -1.57895 -8
      vertex 38.1186 -1.5244 -8
    endloop
  endfacet
  facet normal -0.740778 0.67175 0
    outer loop
      vertex 39.9167 -1.16673 -8
      vertex 40.0255 -1.04675 8
      vertex 40.0255 -1.04675 -8
    endloop
  endfacet
  facet normal -0.740778 0.67175 0
    outer loop
      vertex 40.0255 -1.04675 8
      vertex 39.9167 -1.16673 -8
      vertex 39.9167 -1.16673 8
    endloop
  endfacet
  facet normal 0.941642 -0.336616 0
    outer loop
      vertex 37.1711 0.47897 8
      vertex 37.2256 0.631427 -8
      vertex 37.2256 0.631427 8
    endloop
  endfacet
  facet normal 0.941642 -0.336616 0
    outer loop
      vertex 37.2256 0.631427 -8
      vertex 37.1711 0.47897 8
      vertex 37.1711 0.47897 -8
    endloop
  endfacet
  facet normal -0.514087 -0.857738 0
    outer loop
      vertex 39.5278 1.45517 -8
      vertex 39.6667 1.37192 8
      vertex 39.5278 1.45517 8
    endloop
  endfacet
  facet normal -0.514087 -0.857738 -0
    outer loop
      vertex 39.6667 1.37192 8
      vertex 39.5278 1.45517 -8
      vertex 39.6667 1.37192 -8
    endloop
  endfacet
  facet normal -0.427494 -0.904018 0
    outer loop
      vertex 39.3814 1.5244 -8
      vertex 39.5278 1.45517 8
      vertex 39.3814 1.5244 8
    endloop
  endfacet
  facet normal -0.427494 -0.904018 -0
    outer loop
      vertex 39.5278 1.45517 8
      vertex 39.3814 1.5244 -8
      vertex 39.5278 1.45517 -8
    endloop
  endfacet
  facet normal -0.970096 0.242722 0
    outer loop
      vertex 40.329 -0.47897 -8
      vertex 40.3683 -0.321898 8
      vertex 40.3683 -0.321898 -8
    endloop
  endfacet
  facet normal -0.970096 0.242722 0
    outer loop
      vertex 40.3683 -0.321898 8
      vertex 40.329 -0.47897 -8
      vertex 40.329 -0.47897 8
    endloop
  endfacet
  facet normal 0.514087 -0.857738 0
    outer loop
      vertex 37.8333 1.37192 -8
      vertex 37.9722 1.45517 8
      vertex 37.8333 1.37192 8
    endloop
  endfacet
  facet normal 0.514087 -0.857738 0
    outer loop
      vertex 37.9722 1.45517 8
      vertex 37.8333 1.37192 -8
      vertex 37.9722 1.45517 -8
    endloop
  endfacet
  facet normal 0.337002 -0.941504 0
    outer loop
      vertex 38.1186 1.5244 -8
      vertex 38.271 1.57895 8
      vertex 38.1186 1.5244 8
    endloop
  endfacet
  facet normal 0.337002 -0.941504 0
    outer loop
      vertex 38.271 1.57895 8
      vertex 38.1186 1.5244 -8
      vertex 38.271 1.57895 -8
    endloop
  endfacet
  facet normal 0.998809 0.0487893 0
    outer loop
      vertex 37.1079 -0.161728 8
      vertex 37.1 0 -8
      vertex 37.1 0 8
    endloop
  endfacet
  facet normal 0.998809 0.0487893 0
    outer loop
      vertex 37.1 0 -8
      vertex 37.1079 -0.161728 8
      vertex 37.1079 -0.161728 -8
    endloop
  endfacet
  facet normal -0.337002 -0.941504 0
    outer loop
      vertex 39.229 1.57895 -8
      vertex 39.3814 1.5244 8
      vertex 39.229 1.57895 8
    endloop
  endfacet
  facet normal -0.337002 -0.941504 -0
    outer loop
      vertex 39.3814 1.5244 8
      vertex 39.229 1.57895 -8
      vertex 39.3814 1.5244 -8
    endloop
  endfacet
  facet normal 0.59584 -0.803103 0
    outer loop
      vertex 37.7033 1.27547 -8
      vertex 37.8333 1.37192 8
      vertex 37.7033 1.27547 8
    endloop
  endfacet
  facet normal 0.59584 -0.803103 0
    outer loop
      vertex 37.8333 1.37192 8
      vertex 37.7033 1.27547 -8
      vertex 37.8333 1.37192 -8
    endloop
  endfacet
  facet normal 0.941642 0.336616 0
    outer loop
      vertex 37.2256 -0.631427 8
      vertex 37.1711 -0.47897 -8
      vertex 37.1711 -0.47897 8
    endloop
  endfacet
  facet normal 0.941642 0.336616 0
    outer loop
      vertex 37.1711 -0.47897 -8
      vertex 37.2256 -0.631427 8
      vertex 37.2256 -0.631427 -8
    endloop
  endfacet
  facet normal 0.96995 -0.243303 0
    outer loop
      vertex 37.1317 0.321898 8
      vertex 37.1711 0.47897 -8
      vertex 37.1711 0.47897 8
    endloop
  endfacet
  facet normal 0.96995 -0.243303 0
    outer loop
      vertex 37.1711 0.47897 -8
      vertex 37.1317 0.321898 8
      vertex 37.1317 0.321898 -8
    endloop
  endfacet
  facet normal -0.671486 -0.741018 0
    outer loop
      vertex 39.7967 1.27547 -8
      vertex 39.9167 1.16673 8
      vertex 39.7967 1.27547 8
    endloop
  endfacet
  facet normal -0.671486 -0.741018 -0
    outer loop
      vertex 39.9167 1.16673 8
      vertex 39.7967 1.27547 -8
      vertex 39.9167 1.16673 -8
    endloop
  endfacet
  facet normal -0.98914 0.146978 0
    outer loop
      vertex 40.3683 -0.321898 -8
      vertex 40.3921 -0.161728 8
      vertex 40.3921 -0.161728 -8
    endloop
  endfacet
  facet normal -0.98914 0.146978 0
    outer loop
      vertex 40.3921 -0.161728 8
      vertex 40.3683 -0.321898 -8
      vertex 40.3683 -0.321898 8
    endloop
  endfacet
  facet normal -0.998809 0.0487893 0
    outer loop
      vertex 40.3921 -0.161728 -8
      vertex 40.4 0 8
      vertex 40.4 0 -8
    endloop
  endfacet
  facet normal -0.998809 0.0487893 0
    outer loop
      vertex 40.4 0 8
      vertex 40.3921 -0.161728 -8
      vertex 40.3921 -0.161728 8
    endloop
  endfacet
  facet normal -0.941446 0.337164 0
    outer loop
      vertex 40.2744 -0.631427 -8
      vertex 40.329 -0.47897 8
      vertex 40.329 -0.47897 -8
    endloop
  endfacet
  facet normal -0.941446 0.337164 0
    outer loop
      vertex 40.329 -0.47897 8
      vertex 40.2744 -0.631427 -8
      vertex 40.2744 -0.631427 8
    endloop
  endfacet
  facet normal 0.98914 0.146978 0
    outer loop
      vertex 37.1317 -0.321898 8
      vertex 37.1079 -0.161728 -8
      vertex 37.1079 -0.161728 8
    endloop
  endfacet
  facet normal 0.98914 0.146978 0
    outer loop
      vertex 37.1079 -0.161728 -8
      vertex 37.1317 -0.321898 8
      vertex 37.1317 -0.321898 -8
    endloop
  endfacet
  facet normal 0.146649 0.989189 -0
    outer loop
      vertex 38.5883 -1.64205 -8
      vertex 38.4281 -1.6183 8
      vertex 38.5883 -1.64205 8
    endloop
  endfacet
  facet normal 0.146649 0.989189 0
    outer loop
      vertex 38.4281 -1.6183 8
      vertex 38.5883 -1.64205 -8
      vertex 38.4281 -1.6183 -8
    endloop
  endfacet
  facet normal 0.146649 -0.989189 0
    outer loop
      vertex 38.4281 1.6183 -8
      vertex 38.5883 1.64205 8
      vertex 38.4281 1.6183 8
    endloop
  endfacet
  facet normal 0.146649 -0.989189 0
    outer loop
      vertex 38.5883 1.64205 8
      vertex 38.4281 1.6183 -8
      vertex 38.5883 1.64205 -8
    endloop
  endfacet
  facet normal -0.857581 0.51435 0
    outer loop
      vertex 40.1219 -0.916691 -8
      vertex 40.2052 -0.777804 8
      vertex 40.2052 -0.777804 -8
    endloop
  endfacet
  facet normal -0.857581 0.51435 0
    outer loop
      vertex 40.2052 -0.777804 8
      vertex 40.1219 -0.916691 -8
      vertex 40.1219 -0.916691 8
    endloop
  endfacet
  facet normal -0.941446 -0.337164 0
    outer loop
      vertex 40.329 0.47897 -8
      vertex 40.2744 0.631427 8
      vertex 40.2744 0.631427 -8
    endloop
  endfacet
  facet normal -0.941446 -0.337164 0
    outer loop
      vertex 40.2744 0.631427 8
      vertex 40.329 0.47897 -8
      vertex 40.329 0.47897 8
    endloop
  endfacet
  facet normal 0.857581 0.51435 0
    outer loop
      vertex 37.3781 -0.916691 8
      vertex 37.2948 -0.777804 -8
      vertex 37.2948 -0.777804 8
    endloop
  endfacet
  facet normal 0.857581 0.51435 0
    outer loop
      vertex 37.2948 -0.777804 -8
      vertex 37.3781 -0.916691 8
      vertex 37.3781 -0.916691 -8
    endloop
  endfacet
  facet normal 0.740778 -0.67175 0
    outer loop
      vertex 37.4745 1.04675 8
      vertex 37.5833 1.16673 -8
      vertex 37.5833 1.16673 8
    endloop
  endfacet
  facet normal 0.740778 -0.67175 0
    outer loop
      vertex 37.5833 1.16673 -8
      vertex 37.4745 1.04675 8
      vertex 37.4745 1.04675 -8
    endloop
  endfacet
  facet normal -0.242971 0.970033 0
    outer loop
      vertex 39.229 -1.57895 -8
      vertex 39.0719 -1.6183 8
      vertex 39.229 -1.57895 8
    endloop
  endfacet
  facet normal -0.242971 0.970033 0
    outer loop
      vertex 39.0719 -1.6183 8
      vertex 39.229 -1.57895 -8
      vertex 39.0719 -1.6183 -8
    endloop
  endfacet
  facet normal -0.740778 -0.67175 0
    outer loop
      vertex 40.0255 1.04675 -8
      vertex 39.9167 1.16673 8
      vertex 39.9167 1.16673 -8
    endloop
  endfacet
  facet normal -0.740778 -0.67175 0
    outer loop
      vertex 39.9167 1.16673 8
      vertex 40.0255 1.04675 -8
      vertex 40.0255 1.04675 8
    endloop
  endfacet
  facet normal -0.59584 -0.803103 0
    outer loop
      vertex 39.6667 1.37192 -8
      vertex 39.7967 1.27547 8
      vertex 39.6667 1.37192 8
    endloop
  endfacet
  facet normal -0.59584 -0.803103 -0
    outer loop
      vertex 39.7967 1.27547 8
      vertex 39.6667 1.37192 -8
      vertex 39.7967 1.27547 -8
    endloop
  endfacet
  facet normal 0.427494 0.904018 -0
    outer loop
      vertex 38.1186 -1.5244 -8
      vertex 37.9722 -1.45517 8
      vertex 38.1186 -1.5244 8
    endloop
  endfacet
  facet normal 0.427494 0.904018 0
    outer loop
      vertex 37.9722 -1.45517 8
      vertex 38.1186 -1.5244 -8
      vertex 37.9722 -1.45517 -8
    endloop
  endfacet
  facet normal -0.857581 -0.51435 0
    outer loop
      vertex 40.2052 0.777804 -8
      vertex 40.1219 0.916691 8
      vertex 40.1219 0.916691 -8
    endloop
  endfacet
  facet normal -0.857581 -0.51435 0
    outer loop
      vertex 40.1219 0.916691 8
      vertex 40.2052 0.777804 -8
      vertex 40.2052 0.777804 8
    endloop
  endfacet
  facet normal 0.671486 -0.741018 0
    outer loop
      vertex 37.5833 1.16673 -8
      vertex 37.7033 1.27547 8
      vertex 37.5833 1.16673 8
    endloop
  endfacet
  facet normal 0.671486 -0.741018 0
    outer loop
      vertex 37.7033 1.27547 8
      vertex 37.5833 1.16673 -8
      vertex 37.7033 1.27547 -8
    endloop
  endfacet
  facet normal 0.427494 -0.904018 0
    outer loop
      vertex 37.9722 1.45517 -8
      vertex 38.1186 1.5244 8
      vertex 37.9722 1.45517 8
    endloop
  endfacet
  facet normal 0.427494 -0.904018 0
    outer loop
      vertex 38.1186 1.5244 8
      vertex 37.9722 1.45517 -8
      vertex 38.1186 1.5244 -8
    endloop
  endfacet
  facet normal 0 0 1
    outer loop
      vertex 40.3921 0.161728 -8
      vertex 40.3921 -0.161728 -8
      vertex 40.4 0 -8
    endloop
  endfacet
  facet normal 0 0 1
    outer loop
      vertex 40.3683 0.321898 -8
      vertex 40.3921 -0.161728 -8
      vertex 40.3921 0.161728 -8
    endloop
  endfacet
  facet normal 0 0 1
    outer loop
      vertex 40.3683 0.321898 -8
      vertex 40.3683 -0.321898 -8
      vertex 40.3921 -0.161728 -8
    endloop
  endfacet
  facet normal 0 0 1
    outer loop
      vertex 40.329 0.47897 -8
      vertex 40.3683 -0.321898 -8
      vertex 40.3683 0.321898 -8
    endloop
  endfacet
  facet normal 0 0 1
    outer loop
      vertex 40.329 0.47897 -8
      vertex 40.329 -0.47897 -8
      vertex 40.3683 -0.321898 -8
    endloop
  endfacet
  facet normal 0 0 1
    outer loop
      vertex 40.2744 0.631427 -8
      vertex 40.329 -0.47897 -8
      vertex 40.329 0.47897 -8
    endloop
  endfacet
  facet normal 0 0 1
    outer loop
      vertex 40.2744 0.631427 -8
      vertex 40.2744 -0.631427 -8
      vertex 40.329 -0.47897 -8
    endloop
  endfacet
  facet normal 0 0 1
    outer loop
      vertex 40.2052 0.777804 -8
      vertex 40.2744 -0.631427 -8
      vertex 40.2744 0.631427 -8
    endloop
  endfacet
  facet normal 0 0 1
    outer loop
      vertex 40.2052 0.777804 -8
      vertex 40.2052 -0.777804 -8
      vertex 40.2744 -0.631427 -8
    endloop
  endfacet
  facet normal 0 0 1
    outer loop
      vertex 40.1219 0.916691 -8
      vertex 40.2052 -0.777804 -8
      vertex 40.2052 0.777804 -8
    endloop
  endfacet
  facet normal 0 0 1
    outer loop
      vertex 40.1219 0.916691 -8
      vertex 40.1219 -0.916691 -8
      vertex 40.2052 -0.777804 -8
    endloop
  endfacet
  facet normal 0 0 1
    outer loop
      vertex 40.0255 1.04675 -8
      vertex 40.1219 -0.916691 -8
      vertex 40.1219 0.916691 -8
    endloop
  endfacet
  facet normal 0 0 1
    outer loop
      vertex 40.0255 1.04675 -8
      vertex 40.0255 -1.04675 -8
      vertex 40.1219 -0.916691 -8
    endloop
  endfacet
  facet normal 0 0 1
    outer loop
      vertex 39.9167 1.16673 -8
      vertex 40.0255 -1.04675 -8
      vertex 40.0255 1.04675 -8
    endloop
  endfacet
  facet normal 0 0 1
    outer loop
      vertex 39.9167 1.16673 -8
      vertex 39.9167 -1.16673 -8
      vertex 40.0255 -1.04675 -8
    endloop
  endfacet
  facet normal 0 0 1
    outer loop
      vertex 39.7967 1.27547 -8
      vertex 39.9167 -1.16673 -8
      vertex 39.9167 1.16673 -8
    endloop
  endfacet
  facet normal 0 0 1
    outer loop
      vertex 39.7967 1.27547 -8
      vertex 39.7967 -1.27547 -8
      vertex 39.9167 -1.16673 -8
    endloop
  endfacet
  facet normal 0 0 1
    outer loop
      vertex 39.6667 1.37192 -8
      vertex 39.7967 -1.27547 -8
      vertex 39.7967 1.27547 -8
    endloop
  endfacet
  facet normal 0 0 1
    outer loop
      vertex 39.6667 1.37192 -8
      vertex 39.6667 -1.37192 -8
      vertex 39.7967 -1.27547 -8
    endloop
  endfacet
  facet normal 0 0 1
    outer loop
      vertex 39.5278 1.45517 -8
      vertex 39.6667 -1.37192 -8
      vertex 39.6667 1.37192 -8
    endloop
  endfacet
  facet normal 0 0 1
    outer loop
      vertex 39.5278 1.45517 -8
      vertex 39.5278 -1.45517 -8
      vertex 39.6667 -1.37192 -8
    endloop
  endfacet
  facet normal 0 0 1
    outer loop
      vertex 39.3814 1.5244 -8
      vertex 39.5278 -1.45517 -8
      vertex 39.5278 1.45517 -8
    endloop
  endfacet
  facet normal 0 0 1
    outer loop
      vertex 39.3814 1.5244 -8
      vertex 39.3814 -1.5244 -8
      vertex 39.5278 -1.45517 -8
    endloop
  endfacet
  facet normal 0 0 1
    outer loop
      vertex 39.229 1.57895 -8
      vertex 39.3814 -1.5244 -8
      vertex 39.3814 1.5244 -8
    endloop
  endfacet
  facet normal 0 0 1
    outer loop
      vertex 39.229 1.57895 -8
      vertex 39.229 -1.57895 -8
      vertex 39.3814 -1.5244 -8
    endloop
  endfacet
  facet normal 0 0 1
    outer loop
      vertex 39.0719 1.6183 -8
      vertex 39.229 -1.57895 -8
      vertex 39.229 1.57895 -8
    endloop
  endfacet
  facet normal 0 0 1
    outer loop
      vertex 39.0719 1.6183 -8
      vertex 39.0719 -1.6183 -8
      vertex 39.229 -1.57895 -8
    endloop
  endfacet
  facet normal 0 0 1
    outer loop
      vertex 38.9117 1.64205 -8
      vertex 39.0719 -1.6183 -8
      vertex 39.0719 1.6183 -8
    endloop
  endfacet
  facet normal 0 0 1
    outer loop
      vertex 38.9117 1.64205 -8
      vertex 38.9117 -1.64205 -8
      vertex 39.0719 -1.6183 -8
    endloop
  endfacet
  facet normal 0 0 1
    outer loop
      vertex 38.75 1.65 -8
      vertex 38.9117 -1.64205 -8
      vertex 38.9117 1.64205 -8
    endloop
  endfacet
  facet normal 0 0 1
    outer loop
      vertex 38.75 1.65 -8
      vertex 38.75 -1.65 -8
      vertex 38.9117 -1.64205 -8
    endloop
  endfacet
  facet normal -0 0 1
    outer loop
      vertex 38.5883 1.64205 -8
      vertex 38.75 -1.65 -8
      vertex 38.75 1.65 -8
    endloop
  endfacet
  facet normal 0 0 1
    outer loop
      vertex 38.5883 1.64205 -8
      vertex 38.5883 -1.64205 -8
      vertex 38.75 -1.65 -8
    endloop
  endfacet
  facet normal -0 0 1
    outer loop
      vertex 38.4281 1.6183 -8
      vertex 38.5883 -1.64205 -8
      vertex 38.5883 1.64205 -8
    endloop
  endfacet
  facet normal 0 0 1
    outer loop
      vertex 38.4281 1.6183 -8
      vertex 38.4281 -1.6183 -8
      vertex 38.5883 -1.64205 -8
    endloop
  endfacet
  facet normal -0 0 1
    outer loop
      vertex 38.271 1.57895 -8
      vertex 38.4281 -1.6183 -8
      vertex 38.4281 1.6183 -8
    endloop
  endfacet
  facet normal 0 0 1
    outer loop
      vertex 38.271 1.57895 -8
      vertex 38.271 -1.57895 -8
      vertex 38.4281 -1.6183 -8
    endloop
  endfacet
  facet normal -0 0 1
    outer loop
      vertex 38.1186 1.5244 -8
      vertex 38.271 -1.57895 -8
      vertex 38.271 1.57895 -8
    endloop
  endfacet
  facet normal 0 0 1
    outer loop
      vertex 38.1186 1.5244 -8
      vertex 38.1186 -1.5244 -8
      vertex 38.271 -1.57895 -8
    endloop
  endfacet
  facet normal -0 0 1
    outer loop
      vertex 37.9722 1.45517 -8
      vertex 38.1186 -1.5244 -8
      vertex 38.1186 1.5244 -8
    endloop
  endfacet
  facet normal 0 0 1
    outer loop
      vertex 37.9722 1.45517 -8
      vertex 37.9722 -1.45517 -8
      vertex 38.1186 -1.5244 -8
    endloop
  endfacet
  facet normal -0 0 1
    outer loop
      vertex 37.8333 1.37192 -8
      vertex 37.9722 -1.45517 -8
      vertex 37.9722 1.45517 -8
    endloop
  endfacet
  facet normal 0 0 1
    outer loop
      vertex 37.8333 1.37192 -8
      vertex 37.8333 -1.37192 -8
      vertex 37.9722 -1.45517 -8
    endloop
  endfacet
  facet normal -0 0 1
    outer loop
      vertex 37.7033 1.27547 -8
      vertex 37.8333 -1.37192 -8
      vertex 37.8333 1.37192 -8
    endloop
  endfacet
  facet normal 0 0 1
    outer loop
      vertex 37.7033 1.27547 -8
      vertex 37.7033 -1.27547 -8
      vertex 37.8333 -1.37192 -8
    endloop
  endfacet
  facet normal -0 0 1
    outer loop
      vertex 37.5833 1.16673 -8
      vertex 37.7033 -1.27547 -8
      vertex 37.7033 1.27547 -8
    endloop
  endfacet
  facet normal 0 0 1
    outer loop
      vertex 37.5833 1.16673 -8
      vertex 37.5833 -1.16673 -8
      vertex 37.7033 -1.27547 -8
    endloop
  endfacet
  facet normal -0 0 1
    outer loop
      vertex 37.4745 1.04675 -8
      vertex 37.5833 -1.16673 -8
      vertex 37.5833 1.16673 -8
    endloop
  endfacet
  facet normal 0 0 1
    outer loop
      vertex 37.4745 1.04675 -8
      vertex 37.4745 -1.04675 -8
      vertex 37.5833 -1.16673 -8
    endloop
  endfacet
  facet normal -0 0 1
    outer loop
      vertex 37.3781 0.916691 -8
      vertex 37.4745 -1.04675 -8
      vertex 37.4745 1.04675 -8
    endloop
  endfacet
  facet normal 0 0 1
    outer loop
      vertex 37.3781 0.916691 -8
      vertex 37.3781 -0.916691 -8
      vertex 37.4745 -1.04675 -8
    endloop
  endfacet
  facet normal -0 0 1
    outer loop
      vertex 37.2948 0.777804 -8
      vertex 37.3781 -0.916691 -8
      vertex 37.3781 0.916691 -8
    endloop
  endfacet
  facet normal 0 0 1
    outer loop
      vertex 37.2948 0.777804 -8
      vertex 37.2948 -0.777804 -8
      vertex 37.3781 -0.916691 -8
    endloop
  endfacet
  facet normal -0 0 1
    outer loop
      vertex 37.2256 0.631427 -8
      vertex 37.2948 -0.777804 -8
      vertex 37.2948 0.777804 -8
    endloop
  endfacet
  facet normal 0 0 1
    outer loop
      vertex 37.2256 0.631427 -8
      vertex 37.2256 -0.631427 -8
      vertex 37.2948 -0.777804 -8
    endloop
  endfacet
  facet normal -0 0 1
    outer loop
      vertex 37.1711 0.47897 -8
      vertex 37.2256 -0.631427 -8
      vertex 37.2256 0.631427 -8
    endloop
  endfacet
  facet normal 0 0 1
    outer loop
      vertex 37.1711 0.47897 -8
      vertex 37.1711 -0.47897 -8
      vertex 37.2256 -0.631427 -8
    endloop
  endfacet
  facet normal -0 0 1
    outer loop
      vertex 37.1317 0.321898 -8
      vertex 37.1711 -0.47897 -8
      vertex 37.1711 0.47897 -8
    endloop
  endfacet
  facet normal 0 0 1
    outer loop
      vertex 37.1317 0.321898 -8
      vertex 37.1317 -0.321898 -8
      vertex 37.1711 -0.47897 -8
    endloop
  endfacet
  facet normal -0 0 1
    outer loop
      vertex 37.1079 0.161728 -8
      vertex 37.1317 -0.321898 -8
      vertex 37.1317 0.321898 -8
    endloop
  endfacet
  facet normal 0 0 1
    outer loop
      vertex 37.1079 0.161728 -8
      vertex 37.1079 -0.161728 -8
      vertex 37.1317 -0.321898 -8
    endloop
  endfacet
  facet normal 0 -0 1
    outer loop
      vertex 37.1079 -0.161728 -8
      vertex 37.1079 0.161728 -8
      vertex 37.1 0 -8
    endloop
  endfacet
  facet normal -0.80338 0.595467 0
    outer loop
      vertex 40.0255 -1.04675 -8
      vertex 40.1219 -0.916691 8
      vertex 40.1219 -0.916691 -8
    endloop
  endfacet
  facet normal -0.80338 0.595467 0
    outer loop
      vertex 40.1219 -0.916691 8
      vertex 40.0255 -1.04675 -8
      vertex 40.0255 -1.04675 8
    endloop
  endfacet
  facet normal 0.242971 -0.970033 0
    outer loop
      vertex 38.271 1.57895 -8
      vertex 38.4281 1.6183 8
      vertex 38.271 1.57895 8
    endloop
  endfacet
  facet normal 0.242971 -0.970033 0
    outer loop
      vertex 38.4281 1.6183 8
      vertex 38.271 1.57895 -8
      vertex 38.4281 1.6183 -8
    endloop
  endfacet
  facet normal 0 0 -1
    outer loop
      vertex 40.3921 -0.161728 8
      vertex 40.3921 0.161728 8
      vertex 40.4 0 8
    endloop
  endfacet
  facet normal 0 0 -1
    outer loop
      vertex 40.3683 -0.321898 8
      vertex 40.3921 0.161728 8
      vertex 40.3921 -0.161728 8
    endloop
  endfacet
  facet normal 0 0 -1
    outer loop
      vertex 40.3683 -0.321898 8
      vertex 40.3683 0.321898 8
      vertex 40.3921 0.161728 8
    endloop
  endfacet
  facet normal 0 0 -1
    outer loop
      vertex 40.329 -0.47897 8
      vertex 40.3683 0.321898 8
      vertex 40.3683 -0.321898 8
    endloop
  endfacet
  facet normal 0 0 -1
    outer loop
      vertex 40.329 -0.47897 8
      vertex 40.329 0.47897 8
      vertex 40.3683 0.321898 8
    endloop
  endfacet
  facet normal 0 0 -1
    outer loop
      vertex 40.2744 -0.631427 8
      vertex 40.329 0.47897 8
      vertex 40.329 -0.47897 8
    endloop
  endfacet
  facet normal 0 0 -1
    outer loop
      vertex 40.2744 -0.631427 8
      vertex 40.2744 0.631427 8
      vertex 40.329 0.47897 8
    endloop
  endfacet
  facet normal 0 0 -1
    outer loop
      vertex 40.2052 -0.777804 8
      vertex 40.2744 0.631427 8
      vertex 40.2744 -0.631427 8
    endloop
  endfacet
  facet normal 0 0 -1
    outer loop
      vertex 40.2052 -0.777804 8
      vertex 40.2052 0.777804 8
      vertex 40.2744 0.631427 8
    endloop
  endfacet
  facet normal 0 0 -1
    outer loop
      vertex 40.1219 -0.916691 8
      vertex 40.2052 0.777804 8
      vertex 40.2052 -0.777804 8
    endloop
  endfacet
  facet normal 0 0 -1
    outer loop
      vertex 40.1219 -0.916691 8
      vertex 40.1219 0.916691 8
      vertex 40.2052 0.777804 8
    endloop
  endfacet
  facet normal 0 0 -1
    outer loop
      vertex 40.0255 -1.04675 8
      vertex 40.1219 0.916691 8
      vertex 40.1219 -0.916691 8
    endloop
  endfacet
  facet normal 0 0 -1
    outer loop
      vertex 40.0255 -1.04675 8
      vertex 40.0255 1.04675 8
      vertex 40.1219 0.916691 8
    endloop
  endfacet
  facet normal 0 0 -1
    outer loop
      vertex 39.9167 -1.16673 8
      vertex 40.0255 1.04675 8
      vertex 40.0255 -1.04675 8
    endloop
  endfacet
  facet normal 0 0 -1
    outer loop
      vertex 39.9167 -1.16673 8
      vertex 39.9167 1.16673 8
      vertex 40.0255 1.04675 8
    endloop
  endfacet
  facet normal 0 0 -1
    outer loop
      vertex 39.7967 -1.27547 8
      vertex 39.9167 1.16673 8
      vertex 39.9167 -1.16673 8
    endloop
  endfacet
  facet normal 0 0 -1
    outer loop
      vertex 39.7967 -1.27547 8
      vertex 39.7967 1.27547 8
      vertex 39.9167 1.16673 8
    endloop
  endfacet
  facet normal 0 0 -1
    outer loop
      vertex 39.6667 -1.37192 8
      vertex 39.7967 1.27547 8
      vertex 39.7967 -1.27547 8
    endloop
  endfacet
  facet normal 0 0 -1
    outer loop
      vertex 39.6667 -1.37192 8
      vertex 39.6667 1.37192 8
      vertex 39.7967 1.27547 8
    endloop
  endfacet
  facet normal 0 0 -1
    outer loop
      vertex 39.5278 -1.45517 8
      vertex 39.6667 1.37192 8
      vertex 39.6667 -1.37192 8
    endloop
  endfacet
  facet normal 0 0 -1
    outer loop
      vertex 39.5278 -1.45517 8
      vertex 39.5278 1.45517 8
      vertex 39.6667 1.37192 8
    endloop
  endfacet
  facet normal 0 0 -1
    outer loop
      vertex 39.3814 -1.5244 8
      vertex 39.5278 1.45517 8
      vertex 39.5278 -1.45517 8
    endloop
  endfacet
  facet normal 0 0 -1
    outer loop
      vertex 39.3814 -1.5244 8
      vertex 39.3814 1.5244 8
      vertex 39.5278 1.45517 8
    endloop
  endfacet
  facet normal 0 0 -1
    outer loop
      vertex 39.229 -1.57895 8
      vertex 39.3814 1.5244 8
      vertex 39.3814 -1.5244 8
    endloop
  endfacet
  facet normal 0 0 -1
    outer loop
      vertex 39.229 -1.57895 8
      vertex 39.229 1.57895 8
      vertex 39.3814 1.5244 8
    endloop
  endfacet
  facet normal 0 0 -1
    outer loop
      vertex 39.0719 -1.6183 8
      vertex 39.229 1.57895 8
      vertex 39.229 -1.57895 8
    endloop
  endfacet
  facet normal 0 0 -1
    outer loop
      vertex 39.0719 -1.6183 8
      vertex 39.0719 1.6183 8
      vertex 39.229 1.57895 8
    endloop
  endfacet
  facet normal 0 0 -1
    outer loop
      vertex 38.9117 -1.64205 8
      vertex 39.0719 1.6183 8
      vertex 39.0719 -1.6183 8
    endloop
  endfacet
  facet normal 0 0 -1
    outer loop
      vertex 38.9117 -1.64205 8
      vertex 38.9117 1.64205 8
      vertex 39.0719 1.6183 8
    endloop
  endfacet
  facet normal 0 0 -1
    outer loop
      vertex 38.75 -1.65 8
      vertex 38.9117 1.64205 8
      vertex 38.9117 -1.64205 8
    endloop
  endfacet
  facet normal 0 0 -1
    outer loop
      vertex 38.75 -1.65 8
      vertex 38.75 1.65 8
      vertex 38.9117 1.64205 8
    endloop
  endfacet
  facet normal 0 0 -1
    outer loop
      vertex 38.5883 -1.64205 8
      vertex 38.75 1.65 8
      vertex 38.75 -1.65 8
    endloop
  endfacet
  facet normal 0 0 -1
    outer loop
      vertex 38.5883 -1.64205 8
      vertex 38.5883 1.64205 8
      vertex 38.75 1.65 8
    endloop
  endfacet
  facet normal 0 0 -1
    outer loop
      vertex 38.4281 -1.6183 8
      vertex 38.5883 1.64205 8
      vertex 38.5883 -1.64205 8
    endloop
  endfacet
  facet normal 0 0 -1
    outer loop
      vertex 38.4281 -1.6183 8
      vertex 38.4281 1.6183 8
      vertex 38.5883 1.64205 8
    endloop
  endfacet
  facet normal 0 0 -1
    outer loop
      vertex 38.271 -1.57895 8
      vertex 38.4281 1.6183 8
      vertex 38.4281 -1.6183 8
    endloop
  endfacet
  facet normal 0 0 -1
    outer loop
      vertex 38.271 -1.57895 8
      vertex 38.271 1.57895 8
      vertex 38.4281 1.6183 8
    endloop
  endfacet
  facet normal 0 0 -1
    outer loop
      vertex 38.1186 -1.5244 8
      vertex 38.271 1.57895 8
      vertex 38.271 -1.57895 8
    endloop
  endfacet
  facet normal 0 0 -1
    outer loop
      vertex 38.1186 -1.5244 8
      vertex 38.1186 1.5244 8
      vertex 38.271 1.57895 8
    endloop
  endfacet
  facet normal 0 0 -1
    outer loop
      vertex 37.9722 -1.45517 8
      vertex 38.1186 1.5244 8
      vertex 38.1186 -1.5244 8
    endloop
  endfacet
  facet normal 0 0 -1
    outer loop
      vertex 37.9722 -1.45517 8
      vertex 37.9722 1.45517 8
      vertex 38.1186 1.5244 8
    endloop
  endfacet
  facet normal 0 0 -1
    outer loop
      vertex 37.8333 -1.37192 8
      vertex 37.9722 1.45517 8
      vertex 37.9722 -1.45517 8
    endloop
  endfacet
  facet normal 0 0 -1
    outer loop
      vertex 37.8333 -1.37192 8
      vertex 37.8333 1.37192 8
      vertex 37.9722 1.45517 8
    endloop
  endfacet
  facet normal 0 0 -1
    outer loop
      vertex 37.7033 -1.27547 8
      vertex 37.8333 1.37192 8
      vertex 37.8333 -1.37192 8
    endloop
  endfacet
  facet normal 0 0 -1
    outer loop
      vertex 37.7033 -1.27547 8
      vertex 37.7033 1.27547 8
      vertex 37.8333 1.37192 8
    endloop
  endfacet
  facet normal 0 0 -1
    outer loop
      vertex 37.5833 -1.16673 8
      vertex 37.7033 1.27547 8
      vertex 37.7033 -1.27547 8
    endloop
  endfacet
  facet normal 0 0 -1
    outer loop
      vertex 37.5833 -1.16673 8
      vertex 37.5833 1.16673 8
      vertex 37.7033 1.27547 8
    endloop
  endfacet
  facet normal 0 0 -1
    outer loop
      vertex 37.4745 -1.04675 8
      vertex 37.5833 1.16673 8
      vertex 37.5833 -1.16673 8
    endloop
  endfacet
  facet normal 0 0 -1
    outer loop
      vertex 37.4745 -1.04675 8
      vertex 37.4745 1.04675 8
      vertex 37.5833 1.16673 8
    endloop
  endfacet
  facet normal 0 0 -1
    outer loop
      vertex 37.3781 -0.916691 8
      vertex 37.4745 1.04675 8
      vertex 37.4745 -1.04675 8
    endloop
  endfacet
  facet normal 0 0 -1
    outer loop
      vertex 37.3781 -0.916691 8
      vertex 37.3781 0.916691 8
      vertex 37.4745 1.04675 8
    endloop
  endfacet
  facet normal 0 0 -1
    outer loop
      vertex 37.2948 -0.777804 8
      vertex 37.3781 0.916691 8
      vertex 37.3781 -0.916691 8
    endloop
  endfacet
  facet normal 0 0 -1
    outer loop
      vertex 37.2948 -0.777804 8
      vertex 37.2948 0.777804 8
      vertex 37.3781 0.916691 8
    endloop
  endfacet
  facet normal 0 0 -1
    outer loop
      vertex 37.2256 -0.631427 8
      vertex 37.2948 0.777804 8
      vertex 37.2948 -0.777804 8
    endloop
  endfacet
  facet normal 0 0 -1
    outer loop
      vertex 37.2256 -0.631427 8
      vertex 37.2256 0.631427 8
      vertex 37.2948 0.777804 8
    endloop
  endfacet
  facet normal 0 0 -1
    outer loop
      vertex 37.1711 -0.47897 8
      vertex 37.2256 0.631427 8
      vertex 37.2256 -0.631427 8
    endloop
  endfacet
  facet normal 0 0 -1
    outer loop
      vertex 37.1711 -0.47897 8
      vertex 37.1711 0.47897 8
      vertex 37.2256 0.631427 8
    endloop
  endfacet
  facet normal 0 0 -1
    outer loop
      vertex 37.1317 -0.321898 8
      vertex 37.1711 0.47897 8
      vertex 37.1711 -0.47897 8
    endloop
  endfacet
  facet normal 0 0 -1
    outer loop
      vertex 37.1317 -0.321898 8
      vertex 37.1317 0.321898 8
      vertex 37.1711 0.47897 8
    endloop
  endfacet
  facet normal 0 0 -1
    outer loop
      vertex 37.1079 -0.161728 8
      vertex 37.1317 0.321898 8
      vertex 37.1317 -0.321898 8
    endloop
  endfacet
  facet normal 0 0 -1
    outer loop
      vertex 37.1079 -0.161728 8
      vertex 37.1079 0.161728 8
      vertex 37.1317 0.321898 8
    endloop
  endfacet
  facet normal 0 -0 -1
    outer loop
      vertex 37.1079 0.161728 8
      vertex 37.1079 -0.161728 8
      vertex 37.1 0 8
    endloop
  endfacet
  facet normal 0.80338 0.595467 0
    outer loop
      vertex 37.4745 -1.04675 8
      vertex 37.3781 -0.916691 -8
      vertex 37.3781 -0.916691 8
    endloop
  endfacet
  facet normal 0.80338 0.595467 0
    outer loop
      vertex 37.3781 -0.916691 -8
      vertex 37.4745 -1.04675 8
      vertex 37.4745 -1.04675 -8
    endloop
  endfacet
  facet normal 0.740778 0.67175 0
    outer loop
      vertex 37.5833 -1.16673 8
      vertex 37.4745 -1.04675 -8
      vertex 37.4745 -1.04675 8
    endloop
  endfacet
  facet normal 0.740778 0.67175 0
    outer loop
      vertex 37.4745 -1.04675 -8
      vertex 37.5833 -1.16673 8
      vertex 37.5833 -1.16673 -8
    endloop
  endfacet
  facet normal 0.514087 0.857738 -0
    outer loop
      vertex 37.9722 -1.45517 -8
      vertex 37.8333 -1.37192 8
      vertex 37.9722 -1.45517 8
    endloop
  endfacet
  facet normal 0.514087 0.857738 0
    outer loop
      vertex 37.8333 -1.37192 8
      vertex 37.9722 -1.45517 -8
      vertex 37.8333 -1.37192 -8
    endloop
  endfacet
  facet normal 0.96995 0.243303 0
    outer loop
      vertex 37.1711 -0.47897 8
      vertex 37.1317 -0.321898 -8
      vertex 37.1317 -0.321898 8
    endloop
  endfacet
  facet normal 0.96995 0.243303 0
    outer loop
      vertex 37.1317 -0.321898 -8
      vertex 37.1711 -0.47897 8
      vertex 37.1711 -0.47897 -8
    endloop
  endfacet
  facet normal 0.59584 0.803103 -0
    outer loop
      vertex 37.8333 -1.37192 -8
      vertex 37.7033 -1.27547 8
      vertex 37.8333 -1.37192 8
    endloop
  endfacet
  facet normal 0.59584 0.803103 0
    outer loop
      vertex 37.7033 -1.27547 8
      vertex 37.8333 -1.37192 -8
      vertex 37.7033 -1.27547 -8
    endloop
  endfacet
  facet normal 0.0491058 -0.998794 0
    outer loop
      vertex 38.5883 1.64205 -8
      vertex 38.75 1.65 8
      vertex 38.5883 1.64205 8
    endloop
  endfacet
  facet normal 0.0491058 -0.998794 0
    outer loop
      vertex 38.75 1.65 8
      vertex 38.5883 1.64205 -8
      vertex 38.75 1.65 -8
    endloop
  endfacet
  facet normal 0.242971 0.970033 -0
    outer loop
      vertex 38.4281 -1.6183 -8
      vertex 38.271 -1.57895 8
      vertex 38.4281 -1.6183 8
    endloop
  endfacet
  facet normal 0.242971 0.970033 0
    outer loop
      vertex 38.271 -1.57895 8
      vertex 38.4281 -1.6183 -8
      vertex 38.271 -1.57895 -8
    endloop
  endfacet
  facet normal -0.242971 -0.970033 0
    outer loop
      vertex 39.0719 1.6183 -8
      vertex 39.229 1.57895 8
      vertex 39.0719 1.6183 8
    endloop
  endfacet
  facet normal -0.242971 -0.970033 -0
    outer loop
      vertex 39.229 1.57895 8
      vertex 39.0719 1.6183 -8
      vertex 39.229 1.57895 -8
    endloop
  endfacet
  facet normal -0.0491058 0.998794 0
    outer loop
      vertex 38.9117 -1.64205 -8
      vertex 38.75 -1.65 8
      vertex 38.9117 -1.64205 8
    endloop
  endfacet
  facet normal -0.0491058 0.998794 0
    outer loop
      vertex 38.75 -1.65 8
      vertex 38.9117 -1.64205 -8
      vertex 38.75 -1.65 -8
    endloop
  endfacet
  facet normal -0.59584 0.803103 0
    outer loop
      vertex 39.7967 -1.27547 -8
      vertex 39.6667 -1.37192 8
      vertex 39.7967 -1.27547 8
    endloop
  endfacet
  facet normal -0.59584 0.803103 0
    outer loop
      vertex 39.6667 -1.37192 8
      vertex 39.7967 -1.27547 -8
      vertex 39.6667 -1.37192 -8
    endloop
  endfacet
  facet normal 0.857581 -0.51435 0
    outer loop
      vertex 37.2948 0.777804 8
      vertex 37.3781 0.916691 -8
      vertex 37.3781 0.916691 8
    endloop
  endfacet
  facet normal 0.857581 -0.51435 0
    outer loop
      vertex 37.3781 0.916691 -8
      vertex 37.2948 0.777804 8
      vertex 37.2948 0.777804 -8
    endloop
  endfacet
  facet normal -0.671486 0.741018 0
    outer loop
      vertex 39.9167 -1.16673 -8
      vertex 39.7967 -1.27547 8
      vertex 39.9167 -1.16673 8
    endloop
  endfacet
  facet normal -0.671486 0.741018 0
    outer loop
      vertex 39.7967 -1.27547 8
      vertex 39.9167 -1.16673 -8
      vertex 39.7967 -1.27547 -8
    endloop
  endfacet
  facet normal 0.904064 -0.427398 0
    outer loop
      vertex 37.2256 0.631427 8
      vertex 37.2948 0.777804 -8
      vertex 37.2948 0.777804 8
    endloop
  endfacet
  facet normal 0.904064 -0.427398 0
    outer loop
      vertex 37.2948 0.777804 -8
      vertex 37.2256 0.631427 8
      vertex 37.2256 0.631427 -8
    endloop
  endfacet
  facet normal -0.904064 0.427398 0
    outer loop
      vertex 40.2052 -0.777804 -8
      vertex 40.2744 -0.631427 8
      vertex 40.2744 -0.631427 -8
    endloop
  endfacet
  facet normal -0.904064 0.427398 0
    outer loop
      vertex 40.2744 -0.631427 8
      vertex 40.2052 -0.777804 -8
      vertex 40.2052 -0.777804 8
    endloop
  endfacet
  facet normal -0.146649 -0.989189 0
    outer loop
      vertex 38.9117 1.64205 -8
      vertex 39.0719 1.6183 8
      vertex 38.9117 1.64205 8
    endloop
  endfacet
  facet normal -0.146649 -0.989189 -0
    outer loop
      vertex 39.0719 1.6183 8
      vertex 38.9117 1.64205 -8
      vertex 39.0719 1.6183 -8
    endloop
  endfacet
  facet normal 0.998809 -0.0487893 0
    outer loop
      vertex 37.1 0 8
      vertex 37.1079 0.161728 -8
      vertex 37.1079 0.161728 8
    endloop
  endfacet
  facet normal 0.998809 -0.0487893 0
    outer loop
      vertex 37.1079 0.161728 -8
      vertex 37.1 0 8
      vertex 37.1 0 -8
    endloop
  endfacet
  facet normal 0.904064 0.427398 0
    outer loop
      vertex 37.2948 -0.777804 8
      vertex 37.2256 -0.631427 -8
      vertex 37.2256 -0.631427 8
    endloop
  endfacet
  facet normal 0.904064 0.427398 0
    outer loop
      vertex 37.2256 -0.631427 -8
      vertex 37.2948 -0.777804 8
      vertex 37.2948 -0.777804 -8
    endloop
  endfacet
  facet normal -0.98914 -0.146978 0
    outer loop
      vertex 52.8921 0.161728 -8
      vertex 52.8683 0.321898 8
      vertex 52.8683 0.321898 -8
    endloop
  endfacet
  facet normal -0.98914 -0.146978 0
    outer loop
      vertex 52.8683 0.321898 8
      vertex 52.8921 0.161728 -8
      vertex 52.8921 0.161728 8
    endloop
  endfacet
  facet normal -0.998809 -0.0487893 0
    outer loop
      vertex 52.9 0 -8
      vertex 52.8921 0.161728 8
      vertex 52.8921 0.161728 -8
    endloop
  endfacet
  facet normal -0.998809 -0.0487893 0
    outer loop
      vertex 52.8921 0.161728 8
      vertex 52.9 0 -8
      vertex 52.9 0 8
    endloop
  endfacet
  facet normal -0.96995 -0.243303 0
    outer loop
      vertex 52.8683 0.321898 -8
      vertex 52.8289 0.47897 8
      vertex 52.8289 0.47897 -8
    endloop
  endfacet
  facet normal -0.96995 -0.243303 0
    outer loop
      vertex 52.8289 0.47897 8
      vertex 52.8683 0.321898 -8
      vertex 52.8683 0.321898 8
    endloop
  endfacet
  facet normal -0.904064 -0.427398 0
    outer loop
      vertex 52.7744 0.631427 -8
      vertex 52.7052 0.777804 8
      vertex 52.7052 0.777804 -8
    endloop
  endfacet
  facet normal -0.904064 -0.427398 0
    outer loop
      vertex 52.7052 0.777804 8
      vertex 52.7744 0.631427 -8
      vertex 52.7744 0.631427 8
    endloop
  endfacet
  facet normal -0.427494 0.904018 0
    outer loop
      vertex 52.0278 -1.45517 -8
      vertex 51.8814 -1.5244 8
      vertex 52.0278 -1.45517 8
    endloop
  endfacet
  facet normal -0.427494 0.904018 0
    outer loop
      vertex 51.8814 -1.5244 8
      vertex 52.0278 -1.45517 -8
      vertex 51.8814 -1.5244 -8
    endloop
  endfacet
  facet normal -0.337002 0.941504 0
    outer loop
      vertex 51.8814 -1.5244 -8
      vertex 51.729 -1.57895 8
      vertex 51.8814 -1.5244 8
    endloop
  endfacet
  facet normal -0.337002 0.941504 0
    outer loop
      vertex 51.729 -1.57895 8
      vertex 51.8814 -1.5244 -8
      vertex 51.729 -1.57895 -8
    endloop
  endfacet
  facet normal -0.0491058 -0.998794 0
    outer loop
      vertex 51.25 1.65 -8
      vertex 51.4117 1.64205 8
      vertex 51.25 1.65 8
    endloop
  endfacet
  facet normal -0.0491058 -0.998794 -0
    outer loop
      vertex 51.4117 1.64205 8
      vertex 51.25 1.65 -8
      vertex 51.4117 1.64205 -8
    endloop
  endfacet
  facet normal -0.146649 0.989189 0
    outer loop
      vertex 51.5719 -1.6183 -8
      vertex 51.4117 -1.64205 8
      vertex 51.5719 -1.6183 8
    endloop
  endfacet
  facet normal -0.146649 0.989189 0
    outer loop
      vertex 51.4117 -1.64205 8
      vertex 51.5719 -1.6183 -8
      vertex 51.4117 -1.64205 -8
    endloop
  endfacet
  facet normal 0.0491058 0.998794 -0
    outer loop
      vertex 51.25 -1.65 -8
      vertex 51.0883 -1.64205 8
      vertex 51.25 -1.65 8
    endloop
  endfacet
  facet normal 0.0491058 0.998794 0
    outer loop
      vertex 51.0883 -1.64205 8
      vertex 51.25 -1.65 -8
      vertex 51.0883 -1.64205 -8
    endloop
  endfacet
  facet normal 0.80338 -0.595467 0
    outer loop
      vertex 49.8781 0.916691 8
      vertex 49.9745 1.04675 -8
      vertex 49.9745 1.04675 8
    endloop
  endfacet
  facet normal 0.80338 -0.595467 0
    outer loop
      vertex 49.9745 1.04675 -8
      vertex 49.8781 0.916691 8
      vertex 49.8781 0.916691 -8
    endloop
  endfacet
  facet normal 0.98914 -0.146978 0
    outer loop
      vertex 49.6079 0.161728 8
      vertex 49.6317 0.321898 -8
      vertex 49.6317 0.321898 8
    endloop
  endfacet
  facet normal 0.98914 -0.146978 0
    outer loop
      vertex 49.6317 0.321898 -8
      vertex 49.6079 0.161728 8
      vertex 49.6079 0.161728 -8
    endloop
  endfacet
  facet normal 0.671486 0.741018 -0
    outer loop
      vertex 50.2033 -1.27547 -8
      vertex 50.0833 -1.16673 8
      vertex 50.2033 -1.27547 8
    endloop
  endfacet
  facet normal 0.671486 0.741018 0
    outer loop
      vertex 50.0833 -1.16673 8
      vertex 50.2033 -1.27547 -8
      vertex 50.0833 -1.16673 -8
    endloop
  endfacet
  facet normal -0.80338 -0.595467 0
    outer loop
      vertex 52.6219 0.916691 -8
      vertex 52.5255 1.04675 8
      vertex 52.5255 1.04675 -8
    endloop
  endfacet
  facet normal -0.80338 -0.595467 0
    outer loop
      vertex 52.5255 1.04675 8
      vertex 52.6219 0.916691 -8
      vertex 52.6219 0.916691 8
    endloop
  endfacet
  facet normal -0.514087 0.857738 0
    outer loop
      vertex 52.1667 -1.37192 -8
      vertex 52.0278 -1.45517 8
      vertex 52.1667 -1.37192 8
    endloop
  endfacet
  facet normal -0.514087 0.857738 0
    outer loop
      vertex 52.0278 -1.45517 8
      vertex 52.1667 -1.37192 -8
      vertex 52.0278 -1.45517 -8
    endloop
  endfacet
  facet normal -0.740778 0.67175 0
    outer loop
      vertex 52.4167 -1.16673 -8
      vertex 52.5255 -1.04675 8
      vertex 52.5255 -1.04675 -8
    endloop
  endfacet
  facet normal -0.740778 0.67175 0
    outer loop
      vertex 52.5255 -1.04675 8
      vertex 52.4167 -1.16673 -8
      vertex 52.4167 -1.16673 8
    endloop
  endfacet
  facet normal 0.941446 -0.337164 0
    outer loop
      vertex 49.671 0.47897 8
      vertex 49.7256 0.631427 -8
      vertex 49.7256 0.631427 8
    endloop
  endfacet
  facet normal 0.941446 -0.337164 0
    outer loop
      vertex 49.7256 0.631427 -8
      vertex 49.671 0.47897 8
      vertex 49.671 0.47897 -8
    endloop
  endfacet
  facet normal -0.514087 -0.857738 0
    outer loop
      vertex 52.0278 1.45517 -8
      vertex 52.1667 1.37192 8
      vertex 52.0278 1.45517 8
    endloop
  endfacet
  facet normal -0.514087 -0.857738 -0
    outer loop
      vertex 52.1667 1.37192 8
      vertex 52.0278 1.45517 -8
      vertex 52.1667 1.37192 -8
    endloop
  endfacet
  facet normal -0.427494 -0.904018 0
    outer loop
      vertex 51.8814 1.5244 -8
      vertex 52.0278 1.45517 8
      vertex 51.8814 1.5244 8
    endloop
  endfacet
  facet normal -0.427494 -0.904018 -0
    outer loop
      vertex 52.0278 1.45517 8
      vertex 51.8814 1.5244 -8
      vertex 52.0278 1.45517 -8
    endloop
  endfacet
  facet normal -0.96995 0.243303 0
    outer loop
      vertex 52.8289 -0.47897 -8
      vertex 52.8683 -0.321898 8
      vertex 52.8683 -0.321898 -8
    endloop
  endfacet
  facet normal -0.96995 0.243303 0
    outer loop
      vertex 52.8683 -0.321898 8
      vertex 52.8289 -0.47897 -8
      vertex 52.8289 -0.47897 8
    endloop
  endfacet
  facet normal 0.514087 -0.857738 0
    outer loop
      vertex 50.3333 1.37192 -8
      vertex 50.4722 1.45517 8
      vertex 50.3333 1.37192 8
    endloop
  endfacet
  facet normal 0.514087 -0.857738 0
    outer loop
      vertex 50.4722 1.45517 8
      vertex 50.3333 1.37192 -8
      vertex 50.4722 1.45517 -8
    endloop
  endfacet
  facet normal 0.337002 -0.941504 0
    outer loop
      vertex 50.6186 1.5244 -8
      vertex 50.771 1.57895 8
      vertex 50.6186 1.5244 8
    endloop
  endfacet
  facet normal 0.337002 -0.941504 0
    outer loop
      vertex 50.771 1.57895 8
      vertex 50.6186 1.5244 -8
      vertex 50.771 1.57895 -8
    endloop
  endfacet
  facet normal 0.998809 0.0487893 0
    outer loop
      vertex 49.6079 -0.161728 8
      vertex 49.6 0 -8
      vertex 49.6 0 8
    endloop
  endfacet
  facet normal 0.998809 0.0487893 0
    outer loop
      vertex 49.6 0 -8
      vertex 49.6079 -0.161728 8
      vertex 49.6079 -0.161728 -8
    endloop
  endfacet
  facet normal -0.337002 -0.941504 0
    outer loop
      vertex 51.729 1.57895 -8
      vertex 51.8814 1.5244 8
      vertex 51.729 1.57895 8
    endloop
  endfacet
  facet normal -0.337002 -0.941504 -0
    outer loop
      vertex 51.8814 1.5244 8
      vertex 51.729 1.57895 -8
      vertex 51.8814 1.5244 -8
    endloop
  endfacet
  facet normal 0.59584 -0.803103 0
    outer loop
      vertex 50.2033 1.27547 -8
      vertex 50.3333 1.37192 8
      vertex 50.2033 1.27547 8
    endloop
  endfacet
  facet normal 0.59584 -0.803103 0
    outer loop
      vertex 50.3333 1.37192 8
      vertex 50.2033 1.27547 -8
      vertex 50.3333 1.37192 -8
    endloop
  endfacet
  facet normal 0.941446 0.337164 0
    outer loop
      vertex 49.7256 -0.631427 8
      vertex 49.671 -0.47897 -8
      vertex 49.671 -0.47897 8
    endloop
  endfacet
  facet normal 0.941446 0.337164 0
    outer loop
      vertex 49.671 -0.47897 -8
      vertex 49.7256 -0.631427 8
      vertex 49.7256 -0.631427 -8
    endloop
  endfacet
  facet normal 0.970096 -0.242722 0
    outer loop
      vertex 49.6317 0.321898 8
      vertex 49.671 0.47897 -8
      vertex 49.671 0.47897 8
    endloop
  endfacet
  facet normal 0.970096 -0.242722 0
    outer loop
      vertex 49.671 0.47897 -8
      vertex 49.6317 0.321898 8
      vertex 49.6317 0.321898 -8
    endloop
  endfacet
  facet normal -0.671486 -0.741018 0
    outer loop
      vertex 52.2967 1.27547 -8
      vertex 52.4167 1.16673 8
      vertex 52.2967 1.27547 8
    endloop
  endfacet
  facet normal -0.671486 -0.741018 -0
    outer loop
      vertex 52.4167 1.16673 8
      vertex 52.2967 1.27547 -8
      vertex 52.4167 1.16673 -8
    endloop
  endfacet
  facet normal -0.98914 0.146978 0
    outer loop
      vertex 52.8683 -0.321898 -8
      vertex 52.8921 -0.161728 8
      vertex 52.8921 -0.161728 -8
    endloop
  endfacet
  facet normal -0.98914 0.146978 0
    outer loop
      vertex 52.8921 -0.161728 8
      vertex 52.8683 -0.321898 -8
      vertex 52.8683 -0.321898 8
    endloop
  endfacet
  facet normal -0.998809 0.0487893 0
    outer loop
      vertex 52.8921 -0.161728 -8
      vertex 52.9 0 8
      vertex 52.9 0 -8
    endloop
  endfacet
  facet normal -0.998809 0.0487893 0
    outer loop
      vertex 52.9 0 8
      vertex 52.8921 -0.161728 -8
      vertex 52.8921 -0.161728 8
    endloop
  endfacet
  facet normal -0.941642 0.336616 0
    outer loop
      vertex 52.7744 -0.631427 -8
      vertex 52.8289 -0.47897 8
      vertex 52.8289 -0.47897 -8
    endloop
  endfacet
  facet normal -0.941642 0.336616 0
    outer loop
      vertex 52.8289 -0.47897 8
      vertex 52.7744 -0.631427 -8
      vertex 52.7744 -0.631427 8
    endloop
  endfacet
  facet normal 0.98914 0.146978 0
    outer loop
      vertex 49.6317 -0.321898 8
      vertex 49.6079 -0.161728 -8
      vertex 49.6079 -0.161728 8
    endloop
  endfacet
  facet normal 0.98914 0.146978 0
    outer loop
      vertex 49.6079 -0.161728 -8
      vertex 49.6317 -0.321898 8
      vertex 49.6317 -0.321898 -8
    endloop
  endfacet
  facet normal 0.146649 0.989189 -0
    outer loop
      vertex 51.0883 -1.64205 -8
      vertex 50.9281 -1.6183 8
      vertex 51.0883 -1.64205 8
    endloop
  endfacet
  facet normal 0.146649 0.989189 0
    outer loop
      vertex 50.9281 -1.6183 8
      vertex 51.0883 -1.64205 -8
      vertex 50.9281 -1.6183 -8
    endloop
  endfacet
  facet normal 0.146649 -0.989189 0
    outer loop
      vertex 50.9281 1.6183 -8
      vertex 51.0883 1.64205 8
      vertex 50.9281 1.6183 8
    endloop
  endfacet
  facet normal 0.146649 -0.989189 0
    outer loop
      vertex 51.0883 1.64205 8
      vertex 50.9281 1.6183 -8
      vertex 51.0883 1.64205 -8
    endloop
  endfacet
  facet normal -0.857581 0.51435 0
    outer loop
      vertex 52.6219 -0.916691 -8
      vertex 52.7052 -0.777804 8
      vertex 52.7052 -0.777804 -8
    endloop
  endfacet
  facet normal -0.857581 0.51435 0
    outer loop
      vertex 52.7052 -0.777804 8
      vertex 52.6219 -0.916691 -8
      vertex 52.6219 -0.916691 8
    endloop
  endfacet
  facet normal -0.941642 -0.336616 0
    outer loop
      vertex 52.8289 0.47897 -8
      vertex 52.7744 0.631427 8
      vertex 52.7744 0.631427 -8
    endloop
  endfacet
  facet normal -0.941642 -0.336616 0
    outer loop
      vertex 52.7744 0.631427 8
      vertex 52.8289 0.47897 -8
      vertex 52.8289 0.47897 8
    endloop
  endfacet
  facet normal 0.857581 0.51435 0
    outer loop
      vertex 49.8781 -0.916691 8
      vertex 49.7948 -0.777804 -8
      vertex 49.7948 -0.777804 8
    endloop
  endfacet
  facet normal 0.857581 0.51435 0
    outer loop
      vertex 49.7948 -0.777804 -8
      vertex 49.8781 -0.916691 8
      vertex 49.8781 -0.916691 -8
    endloop
  endfacet
  facet normal 0.740778 -0.67175 0
    outer loop
      vertex 49.9745 1.04675 8
      vertex 50.0833 1.16673 -8
      vertex 50.0833 1.16673 8
    endloop
  endfacet
  facet normal 0.740778 -0.67175 0
    outer loop
      vertex 50.0833 1.16673 -8
      vertex 49.9745 1.04675 8
      vertex 49.9745 1.04675 -8
    endloop
  endfacet
  facet normal -0.242971 0.970033 0
    outer loop
      vertex 51.729 -1.57895 -8
      vertex 51.5719 -1.6183 8
      vertex 51.729 -1.57895 8
    endloop
  endfacet
  facet normal -0.242971 0.970033 0
    outer loop
      vertex 51.5719 -1.6183 8
      vertex 51.729 -1.57895 -8
      vertex 51.5719 -1.6183 -8
    endloop
  endfacet
  facet normal -0.740778 -0.67175 0
    outer loop
      vertex 52.5255 1.04675 -8
      vertex 52.4167 1.16673 8
      vertex 52.4167 1.16673 -8
    endloop
  endfacet
  facet normal -0.740778 -0.67175 0
    outer loop
      vertex 52.4167 1.16673 8
      vertex 52.5255 1.04675 -8
      vertex 52.5255 1.04675 8
    endloop
  endfacet
  facet normal -0.59584 -0.803103 0
    outer loop
      vertex 52.1667 1.37192 -8
      vertex 52.2967 1.27547 8
      vertex 52.1667 1.37192 8
    endloop
  endfacet
  facet normal -0.59584 -0.803103 -0
    outer loop
      vertex 52.2967 1.27547 8
      vertex 52.1667 1.37192 -8
      vertex 52.2967 1.27547 -8
    endloop
  endfacet
  facet normal 0.427494 0.904018 -0
    outer loop
      vertex 50.6186 -1.5244 -8
      vertex 50.4722 -1.45517 8
      vertex 50.6186 -1.5244 8
    endloop
  endfacet
  facet normal 0.427494 0.904018 0
    outer loop
      vertex 50.4722 -1.45517 8
      vertex 50.6186 -1.5244 -8
      vertex 50.4722 -1.45517 -8
    endloop
  endfacet
  facet normal -0.857581 -0.51435 0
    outer loop
      vertex 52.7052 0.777804 -8
      vertex 52.6219 0.916691 8
      vertex 52.6219 0.916691 -8
    endloop
  endfacet
  facet normal -0.857581 -0.51435 0
    outer loop
      vertex 52.6219 0.916691 8
      vertex 52.7052 0.777804 -8
      vertex 52.7052 0.777804 8
    endloop
  endfacet
  facet normal 0.671486 -0.741018 0
    outer loop
      vertex 50.0833 1.16673 -8
      vertex 50.2033 1.27547 8
      vertex 50.0833 1.16673 8
    endloop
  endfacet
  facet normal 0.671486 -0.741018 0
    outer loop
      vertex 50.2033 1.27547 8
      vertex 50.0833 1.16673 -8
      vertex 50.2033 1.27547 -8
    endloop
  endfacet
  facet normal 0.427494 -0.904018 0
    outer loop
      vertex 50.4722 1.45517 -8
      vertex 50.6186 1.5244 8
      vertex 50.4722 1.45517 8
    endloop
  endfacet
  facet normal 0.427494 -0.904018 0
    outer loop
      vertex 50.6186 1.5244 8
      vertex 50.4722 1.45517 -8
      vertex 50.6186 1.5244 -8
    endloop
  endfacet
  facet normal 0 0 1
    outer loop
      vertex 52.8921 0.161728 -8
      vertex 52.8921 -0.161728 -8
      vertex 52.9 0 -8
    endloop
  endfacet
  facet normal 0 0 1
    outer loop
      vertex 52.8683 0.321898 -8
      vertex 52.8921 -0.161728 -8
      vertex 52.8921 0.161728 -8
    endloop
  endfacet
  facet normal 0 0 1
    outer loop
      vertex 52.8683 0.321898 -8
      vertex 52.8683 -0.321898 -8
      vertex 52.8921 -0.161728 -8
    endloop
  endfacet
  facet normal 0 0 1
    outer loop
      vertex 52.8289 0.47897 -8
      vertex 52.8683 -0.321898 -8
      vertex 52.8683 0.321898 -8
    endloop
  endfacet
  facet normal 0 0 1
    outer loop
      vertex 52.8289 0.47897 -8
      vertex 52.8289 -0.47897 -8
      vertex 52.8683 -0.321898 -8
    endloop
  endfacet
  facet normal 0 0 1
    outer loop
      vertex 52.7744 0.631427 -8
      vertex 52.8289 -0.47897 -8
      vertex 52.8289 0.47897 -8
    endloop
  endfacet
  facet normal 0 0 1
    outer loop
      vertex 52.7744 0.631427 -8
      vertex 52.7744 -0.631427 -8
      vertex 52.8289 -0.47897 -8
    endloop
  endfacet
  facet normal 0 0 1
    outer loop
      vertex 52.7052 0.777804 -8
      vertex 52.7744 -0.631427 -8
      vertex 52.7744 0.631427 -8
    endloop
  endfacet
  facet normal 0 0 1
    outer loop
      vertex 52.7052 0.777804 -8
      vertex 52.7052 -0.777804 -8
      vertex 52.7744 -0.631427 -8
    endloop
  endfacet
  facet normal 0 0 1
    outer loop
      vertex 52.6219 0.916691 -8
      vertex 52.7052 -0.777804 -8
      vertex 52.7052 0.777804 -8
    endloop
  endfacet
  facet normal 0 0 1
    outer loop
      vertex 52.6219 0.916691 -8
      vertex 52.6219 -0.916691 -8
      vertex 52.7052 -0.777804 -8
    endloop
  endfacet
  facet normal 0 0 1
    outer loop
      vertex 52.5255 1.04675 -8
      vertex 52.6219 -0.916691 -8
      vertex 52.6219 0.916691 -8
    endloop
  endfacet
  facet normal 0 0 1
    outer loop
      vertex 52.5255 1.04675 -8
      vertex 52.5255 -1.04675 -8
      vertex 52.6219 -0.916691 -8
    endloop
  endfacet
  facet normal 0 0 1
    outer loop
      vertex 52.4167 1.16673 -8
      vertex 52.5255 -1.04675 -8
      vertex 52.5255 1.04675 -8
    endloop
  endfacet
  facet normal 0 0 1
    outer loop
      vertex 52.4167 1.16673 -8
      vertex 52.4167 -1.16673 -8
      vertex 52.5255 -1.04675 -8
    endloop
  endfacet
  facet normal 0 0 1
    outer loop
      vertex 52.2967 1.27547 -8
      vertex 52.4167 -1.16673 -8
      vertex 52.4167 1.16673 -8
    endloop
  endfacet
  facet normal 0 0 1
    outer loop
      vertex 52.2967 1.27547 -8
      vertex 52.2967 -1.27547 -8
      vertex 52.4167 -1.16673 -8
    endloop
  endfacet
  facet normal 0 0 1
    outer loop
      vertex 52.1667 1.37192 -8
      vertex 52.2967 -1.27547 -8
      vertex 52.2967 1.27547 -8
    endloop
  endfacet
  facet normal 0 0 1
    outer loop
      vertex 52.1667 1.37192 -8
      vertex 52.1667 -1.37192 -8
      vertex 52.2967 -1.27547 -8
    endloop
  endfacet
  facet normal 0 0 1
    outer loop
      vertex 52.0278 1.45517 -8
      vertex 52.1667 -1.37192 -8
      vertex 52.1667 1.37192 -8
    endloop
  endfacet
  facet normal 0 0 1
    outer loop
      vertex 52.0278 1.45517 -8
      vertex 52.0278 -1.45517 -8
      vertex 52.1667 -1.37192 -8
    endloop
  endfacet
  facet normal 0 0 1
    outer loop
      vertex 51.8814 1.5244 -8
      vertex 52.0278 -1.45517 -8
      vertex 52.0278 1.45517 -8
    endloop
  endfacet
  facet normal 0 0 1
    outer loop
      vertex 51.8814 1.5244 -8
      vertex 51.8814 -1.5244 -8
      vertex 52.0278 -1.45517 -8
    endloop
  endfacet
  facet normal 0 0 1
    outer loop
      vertex 51.729 1.57895 -8
      vertex 51.8814 -1.5244 -8
      vertex 51.8814 1.5244 -8
    endloop
  endfacet
  facet normal 0 0 1
    outer loop
      vertex 51.729 1.57895 -8
      vertex 51.729 -1.57895 -8
      vertex 51.8814 -1.5244 -8
    endloop
  endfacet
  facet normal 0 0 1
    outer loop
      vertex 51.5719 1.6183 -8
      vertex 51.729 -1.57895 -8
      vertex 51.729 1.57895 -8
    endloop
  endfacet
  facet normal 0 0 1
    outer loop
      vertex 51.5719 1.6183 -8
      vertex 51.5719 -1.6183 -8
      vertex 51.729 -1.57895 -8
    endloop
  endfacet
  facet normal 0 0 1
    outer loop
      vertex 51.4117 1.64205 -8
      vertex 51.5719 -1.6183 -8
      vertex 51.5719 1.6183 -8
    endloop
  endfacet
  facet normal 0 0 1
    outer loop
      vertex 51.4117 1.64205 -8
      vertex 51.4117 -1.64205 -8
      vertex 51.5719 -1.6183 -8
    endloop
  endfacet
  facet normal 0 0 1
    outer loop
      vertex 51.25 1.65 -8
      vertex 51.4117 -1.64205 -8
      vertex 51.4117 1.64205 -8
    endloop
  endfacet
  facet normal 0 0 1
    outer loop
      vertex 51.25 1.65 -8
      vertex 51.25 -1.65 -8
      vertex 51.4117 -1.64205 -8
    endloop
  endfacet
  facet normal -0 0 1
    outer loop
      vertex 51.0883 1.64205 -8
      vertex 51.25 -1.65 -8
      vertex 51.25 1.65 -8
    endloop
  endfacet
  facet normal 0 0 1
    outer loop
      vertex 51.0883 1.64205 -8
      vertex 51.0883 -1.64205 -8
      vertex 51.25 -1.65 -8
    endloop
  endfacet
  facet normal -0 0 1
    outer loop
      vertex 50.9281 1.6183 -8
      vertex 51.0883 -1.64205 -8
      vertex 51.0883 1.64205 -8
    endloop
  endfacet
  facet normal 0 0 1
    outer loop
      vertex 50.9281 1.6183 -8
      vertex 50.9281 -1.6183 -8
      vertex 51.0883 -1.64205 -8
    endloop
  endfacet
  facet normal -0 0 1
    outer loop
      vertex 50.771 1.57895 -8
      vertex 50.9281 -1.6183 -8
      vertex 50.9281 1.6183 -8
    endloop
  endfacet
  facet normal 0 0 1
    outer loop
      vertex 50.771 1.57895 -8
      vertex 50.771 -1.57895 -8
      vertex 50.9281 -1.6183 -8
    endloop
  endfacet
  facet normal -0 0 1
    outer loop
      vertex 50.6186 1.5244 -8
      vertex 50.771 -1.57895 -8
      vertex 50.771 1.57895 -8
    endloop
  endfacet
  facet normal 0 0 1
    outer loop
      vertex 50.6186 1.5244 -8
      vertex 50.6186 -1.5244 -8
      vertex 50.771 -1.57895 -8
    endloop
  endfacet
  facet normal -0 0 1
    outer loop
      vertex 50.4722 1.45517 -8
      vertex 50.6186 -1.5244 -8
      vertex 50.6186 1.5244 -8
    endloop
  endfacet
  facet normal 0 0 1
    outer loop
      vertex 50.4722 1.45517 -8
      vertex 50.4722 -1.45517 -8
      vertex 50.6186 -1.5244 -8
    endloop
  endfacet
  facet normal -0 0 1
    outer loop
      vertex 50.3333 1.37192 -8
      vertex 50.4722 -1.45517 -8
      vertex 50.4722 1.45517 -8
    endloop
  endfacet
  facet normal 0 0 1
    outer loop
      vertex 50.3333 1.37192 -8
      vertex 50.3333 -1.37192 -8
      vertex 50.4722 -1.45517 -8
    endloop
  endfacet
  facet normal -0 0 1
    outer loop
      vertex 50.2033 1.27547 -8
      vertex 50.3333 -1.37192 -8
      vertex 50.3333 1.37192 -8
    endloop
  endfacet
  facet normal 0 0 1
    outer loop
      vertex 50.2033 1.27547 -8
      vertex 50.2033 -1.27547 -8
      vertex 50.3333 -1.37192 -8
    endloop
  endfacet
  facet normal -0 0 1
    outer loop
      vertex 50.0833 1.16673 -8
      vertex 50.2033 -1.27547 -8
      vertex 50.2033 1.27547 -8
    endloop
  endfacet
  facet normal 0 0 1
    outer loop
      vertex 50.0833 1.16673 -8
      vertex 50.0833 -1.16673 -8
      vertex 50.2033 -1.27547 -8
    endloop
  endfacet
  facet normal -0 0 1
    outer loop
      vertex 49.9745 1.04675 -8
      vertex 50.0833 -1.16673 -8
      vertex 50.0833 1.16673 -8
    endloop
  endfacet
  facet normal 0 0 1
    outer loop
      vertex 49.9745 1.04675 -8
      vertex 49.9745 -1.04675 -8
      vertex 50.0833 -1.16673 -8
    endloop
  endfacet
  facet normal -0 0 1
    outer loop
      vertex 49.8781 0.916691 -8
      vertex 49.9745 -1.04675 -8
      vertex 49.9745 1.04675 -8
    endloop
  endfacet
  facet normal 0 0 1
    outer loop
      vertex 49.8781 0.916691 -8
      vertex 49.8781 -0.916691 -8
      vertex 49.9745 -1.04675 -8
    endloop
  endfacet
  facet normal -0 0 1
    outer loop
      vertex 49.7948 0.777804 -8
      vertex 49.8781 -0.916691 -8
      vertex 49.8781 0.916691 -8
    endloop
  endfacet
  facet normal 0 0 1
    outer loop
      vertex 49.7948 0.777804 -8
      vertex 49.7948 -0.777804 -8
      vertex 49.8781 -0.916691 -8
    endloop
  endfacet
  facet normal -0 0 1
    outer loop
      vertex 49.7256 0.631427 -8
      vertex 49.7948 -0.777804 -8
      vertex 49.7948 0.777804 -8
    endloop
  endfacet
  facet normal 0 0 1
    outer loop
      vertex 49.7256 0.631427 -8
      vertex 49.7256 -0.631427 -8
      vertex 49.7948 -0.777804 -8
    endloop
  endfacet
  facet normal -0 0 1
    outer loop
      vertex 49.671 0.47897 -8
      vertex 49.7256 -0.631427 -8
      vertex 49.7256 0.631427 -8
    endloop
  endfacet
  facet normal 0 0 1
    outer loop
      vertex 49.671 0.47897 -8
      vertex 49.671 -0.47897 -8
      vertex 49.7256 -0.631427 -8
    endloop
  endfacet
  facet normal -0 0 1
    outer loop
      vertex 49.6317 0.321898 -8
      vertex 49.671 -0.47897 -8
      vertex 49.671 0.47897 -8
    endloop
  endfacet
  facet normal 0 0 1
    outer loop
      vertex 49.6317 0.321898 -8
      vertex 49.6317 -0.321898 -8
      vertex 49.671 -0.47897 -8
    endloop
  endfacet
  facet normal -0 0 1
    outer loop
      vertex 49.6079 0.161728 -8
      vertex 49.6317 -0.321898 -8
      vertex 49.6317 0.321898 -8
    endloop
  endfacet
  facet normal 0 0 1
    outer loop
      vertex 49.6079 0.161728 -8
      vertex 49.6079 -0.161728 -8
      vertex 49.6317 -0.321898 -8
    endloop
  endfacet
  facet normal 0 -0 1
    outer loop
      vertex 49.6079 -0.161728 -8
      vertex 49.6079 0.161728 -8
      vertex 49.6 0 -8
    endloop
  endfacet
  facet normal -0.80338 0.595467 0
    outer loop
      vertex 52.5255 -1.04675 -8
      vertex 52.6219 -0.916691 8
      vertex 52.6219 -0.916691 -8
    endloop
  endfacet
  facet normal -0.80338 0.595467 0
    outer loop
      vertex 52.6219 -0.916691 8
      vertex 52.5255 -1.04675 -8
      vertex 52.5255 -1.04675 8
    endloop
  endfacet
  facet normal 0.242971 -0.970033 0
    outer loop
      vertex 50.771 1.57895 -8
      vertex 50.9281 1.6183 8
      vertex 50.771 1.57895 8
    endloop
  endfacet
  facet normal 0.242971 -0.970033 0
    outer loop
      vertex 50.9281 1.6183 8
      vertex 50.771 1.57895 -8
      vertex 50.9281 1.6183 -8
    endloop
  endfacet
  facet normal 0 0 -1
    outer loop
      vertex 52.8921 -0.161728 8
      vertex 52.8921 0.161728 8
      vertex 52.9 0 8
    endloop
  endfacet
  facet normal 0 0 -1
    outer loop
      vertex 52.8683 -0.321898 8
      vertex 52.8921 0.161728 8
      vertex 52.8921 -0.161728 8
    endloop
  endfacet
  facet normal 0 0 -1
    outer loop
      vertex 52.8683 -0.321898 8
      vertex 52.8683 0.321898 8
      vertex 52.8921 0.161728 8
    endloop
  endfacet
  facet normal 0 0 -1
    outer loop
      vertex 52.8289 -0.47897 8
      vertex 52.8683 0.321898 8
      vertex 52.8683 -0.321898 8
    endloop
  endfacet
  facet normal 0 0 -1
    outer loop
      vertex 52.8289 -0.47897 8
      vertex 52.8289 0.47897 8
      vertex 52.8683 0.321898 8
    endloop
  endfacet
  facet normal 0 0 -1
    outer loop
      vertex 52.7744 -0.631427 8
      vertex 52.8289 0.47897 8
      vertex 52.8289 -0.47897 8
    endloop
  endfacet
  facet normal 0 0 -1
    outer loop
      vertex 52.7744 -0.631427 8
      vertex 52.7744 0.631427 8
      vertex 52.8289 0.47897 8
    endloop
  endfacet
  facet normal 0 0 -1
    outer loop
      vertex 52.7052 -0.777804 8
      vertex 52.7744 0.631427 8
      vertex 52.7744 -0.631427 8
    endloop
  endfacet
  facet normal 0 0 -1
    outer loop
      vertex 52.7052 -0.777804 8
      vertex 52.7052 0.777804 8
      vertex 52.7744 0.631427 8
    endloop
  endfacet
  facet normal 0 0 -1
    outer loop
      vertex 52.6219 -0.916691 8
      vertex 52.7052 0.777804 8
      vertex 52.7052 -0.777804 8
    endloop
  endfacet
  facet normal 0 0 -1
    outer loop
      vertex 52.6219 -0.916691 8
      vertex 52.6219 0.916691 8
      vertex 52.7052 0.777804 8
    endloop
  endfacet
  facet normal 0 0 -1
    outer loop
      vertex 52.5255 -1.04675 8
      vertex 52.6219 0.916691 8
      vertex 52.6219 -0.916691 8
    endloop
  endfacet
  facet normal 0 0 -1
    outer loop
      vertex 52.5255 -1.04675 8
      vertex 52.5255 1.04675 8
      vertex 52.6219 0.916691 8
    endloop
  endfacet
  facet normal 0 0 -1
    outer loop
      vertex 52.4167 -1.16673 8
      vertex 52.5255 1.04675 8
      vertex 52.5255 -1.04675 8
    endloop
  endfacet
  facet normal 0 0 -1
    outer loop
      vertex 52.4167 -1.16673 8
      vertex 52.4167 1.16673 8
      vertex 52.5255 1.04675 8
    endloop
  endfacet
  facet normal 0 0 -1
    outer loop
      vertex 52.2967 -1.27547 8
      vertex 52.4167 1.16673 8
      vertex 52.4167 -1.16673 8
    endloop
  endfacet
  facet normal 0 0 -1
    outer loop
      vertex 52.2967 -1.27547 8
      vertex 52.2967 1.27547 8
      vertex 52.4167 1.16673 8
    endloop
  endfacet
  facet normal 0 0 -1
    outer loop
      vertex 52.1667 -1.37192 8
      vertex 52.2967 1.27547 8
      vertex 52.2967 -1.27547 8
    endloop
  endfacet
  facet normal 0 0 -1
    outer loop
      vertex 52.1667 -1.37192 8
      vertex 52.1667 1.37192 8
      vertex 52.2967 1.27547 8
    endloop
  endfacet
  facet normal 0 0 -1
    outer loop
      vertex 52.0278 -1.45517 8
      vertex 52.1667 1.37192 8
      vertex 52.1667 -1.37192 8
    endloop
  endfacet
  facet normal 0 0 -1
    outer loop
      vertex 52.0278 -1.45517 8
      vertex 52.0278 1.45517 8
      vertex 52.1667 1.37192 8
    endloop
  endfacet
  facet normal 0 0 -1
    outer loop
      vertex 51.8814 -1.5244 8
      vertex 52.0278 1.45517 8
      vertex 52.0278 -1.45517 8
    endloop
  endfacet
  facet normal 0 0 -1
    outer loop
      vertex 51.8814 -1.5244 8
      vertex 51.8814 1.5244 8
      vertex 52.0278 1.45517 8
    endloop
  endfacet
  facet normal 0 0 -1
    outer loop
      vertex 51.729 -1.57895 8
      vertex 51.8814 1.5244 8
      vertex 51.8814 -1.5244 8
    endloop
  endfacet
  facet normal 0 0 -1
    outer loop
      vertex 51.729 -1.57895 8
      vertex 51.729 1.57895 8
      vertex 51.8814 1.5244 8
    endloop
  endfacet
  facet normal 0 0 -1
    outer loop
      vertex 51.5719 -1.6183 8
      vertex 51.729 1.57895 8
      vertex 51.729 -1.57895 8
    endloop
  endfacet
  facet normal 0 0 -1
    outer loop
      vertex 51.5719 -1.6183 8
      vertex 51.5719 1.6183 8
      vertex 51.729 1.57895 8
    endloop
  endfacet
  facet normal 0 0 -1
    outer loop
      vertex 51.4117 -1.64205 8
      vertex 51.5719 1.6183 8
      vertex 51.5719 -1.6183 8
    endloop
  endfacet
  facet normal 0 0 -1
    outer loop
      vertex 51.4117 -1.64205 8
      vertex 51.4117 1.64205 8
      vertex 51.5719 1.6183 8
    endloop
  endfacet
  facet normal 0 0 -1
    outer loop
      vertex 51.25 -1.65 8
      vertex 51.4117 1.64205 8
      vertex 51.4117 -1.64205 8
    endloop
  endfacet
  facet normal 0 0 -1
    outer loop
      vertex 51.25 -1.65 8
      vertex 51.25 1.65 8
      vertex 51.4117 1.64205 8
    endloop
  endfacet
  facet normal 0 0 -1
    outer loop
      vertex 51.0883 -1.64205 8
      vertex 51.25 1.65 8
      vertex 51.25 -1.65 8
    endloop
  endfacet
  facet normal 0 0 -1
    outer loop
      vertex 51.0883 -1.64205 8
      vertex 51.0883 1.64205 8
      vertex 51.25 1.65 8
    endloop
  endfacet
  facet normal 0 0 -1
    outer loop
      vertex 50.9281 -1.6183 8
      vertex 51.0883 1.64205 8
      vertex 51.0883 -1.64205 8
    endloop
  endfacet
  facet normal 0 0 -1
    outer loop
      vertex 50.9281 -1.6183 8
      vertex 50.9281 1.6183 8
      vertex 51.0883 1.64205 8
    endloop
  endfacet
  facet normal 0 0 -1
    outer loop
      vertex 50.771 -1.57895 8
      vertex 50.9281 1.6183 8
      vertex 50.9281 -1.6183 8
    endloop
  endfacet
  facet normal 0 0 -1
    outer loop
      vertex 50.771 -1.57895 8
      vertex 50.771 1.57895 8
      vertex 50.9281 1.6183 8
    endloop
  endfacet
  facet normal 0 0 -1
    outer loop
      vertex 50.6186 -1.5244 8
      vertex 50.771 1.57895 8
      vertex 50.771 -1.57895 8
    endloop
  endfacet
  facet normal 0 0 -1
    outer loop
      vertex 50.6186 -1.5244 8
      vertex 50.6186 1.5244 8
      vertex 50.771 1.57895 8
    endloop
  endfacet
  facet normal 0 0 -1
    outer loop
      vertex 50.4722 -1.45517 8
      vertex 50.6186 1.5244 8
      vertex 50.6186 -1.5244 8
    endloop
  endfacet
  facet normal 0 0 -1
    outer loop
      vertex 50.4722 -1.45517 8
      vertex 50.4722 1.45517 8
      vertex 50.6186 1.5244 8
    endloop
  endfacet
  facet normal 0 0 -1
    outer loop
      vertex 50.3333 -1.37192 8
      vertex 50.4722 1.45517 8
      vertex 50.4722 -1.45517 8
    endloop
  endfacet
  facet normal 0 0 -1
    outer loop
      vertex 50.3333 -1.37192 8
      vertex 50.3333 1.37192 8
      vertex 50.4722 1.45517 8
    endloop
  endfacet
  facet normal 0 0 -1
    outer loop
      vertex 50.2033 -1.27547 8
      vertex 50.3333 1.37192 8
      vertex 50.3333 -1.37192 8
    endloop
  endfacet
  facet normal 0 0 -1
    outer loop
      vertex 50.2033 -1.27547 8
      vertex 50.2033 1.27547 8
      vertex 50.3333 1.37192 8
    endloop
  endfacet
  facet normal 0 0 -1
    outer loop
      vertex 50.0833 -1.16673 8
      vertex 50.2033 1.27547 8
      vertex 50.2033 -1.27547 8
    endloop
  endfacet
  facet normal 0 0 -1
    outer loop
      vertex 50.0833 -1.16673 8
      vertex 50.0833 1.16673 8
      vertex 50.2033 1.27547 8
    endloop
  endfacet
  facet normal 0 0 -1
    outer loop
      vertex 49.9745 -1.04675 8
      vertex 50.0833 1.16673 8
      vertex 50.0833 -1.16673 8
    endloop
  endfacet
  facet normal 0 0 -1
    outer loop
      vertex 49.9745 -1.04675 8
      vertex 49.9745 1.04675 8
      vertex 50.0833 1.16673 8
    endloop
  endfacet
  facet normal 0 0 -1
    outer loop
      vertex 49.8781 -0.916691 8
      vertex 49.9745 1.04675 8
      vertex 49.9745 -1.04675 8
    endloop
  endfacet
  facet normal 0 0 -1
    outer loop
      vertex 49.8781 -0.916691 8
      vertex 49.8781 0.916691 8
      vertex 49.9745 1.04675 8
    endloop
  endfacet
  facet normal 0 0 -1
    outer loop
      vertex 49.7948 -0.777804 8
      vertex 49.8781 0.916691 8
      vertex 49.8781 -0.916691 8
    endloop
  endfacet
  facet normal 0 0 -1
    outer loop
      vertex 49.7948 -0.777804 8
      vertex 49.7948 0.777804 8
      vertex 49.8781 0.916691 8
    endloop
  endfacet
  facet normal 0 0 -1
    outer loop
      vertex 49.7256 -0.631427 8
      vertex 49.7948 0.777804 8
      vertex 49.7948 -0.777804 8
    endloop
  endfacet
  facet normal 0 0 -1
    outer loop
      vertex 49.7256 -0.631427 8
      vertex 49.7256 0.631427 8
      vertex 49.7948 0.777804 8
    endloop
  endfacet
  facet normal 0 0 -1
    outer loop
      vertex 49.671 -0.47897 8
      vertex 49.7256 0.631427 8
      vertex 49.7256 -0.631427 8
    endloop
  endfacet
  facet normal 0 0 -1
    outer loop
      vertex 49.671 -0.47897 8
      vertex 49.671 0.47897 8
      vertex 49.7256 0.631427 8
    endloop
  endfacet
  facet normal 0 0 -1
    outer loop
      vertex 49.6317 -0.321898 8
      vertex 49.671 0.47897 8
      vertex 49.671 -0.47897 8
    endloop
  endfacet
  facet normal 0 0 -1
    outer loop
      vertex 49.6317 -0.321898 8
      vertex 49.6317 0.321898 8
      vertex 49.671 0.47897 8
    endloop
  endfacet
  facet normal 0 0 -1
    outer loop
      vertex 49.6079 -0.161728 8
      vertex 49.6317 0.321898 8
      vertex 49.6317 -0.321898 8
    endloop
  endfacet
  facet normal 0 0 -1
    outer loop
      vertex 49.6079 -0.161728 8
      vertex 49.6079 0.161728 8
      vertex 49.6317 0.321898 8
    endloop
  endfacet
  facet normal 0 -0 -1
    outer loop
      vertex 49.6079 0.161728 8
      vertex 49.6079 -0.161728 8
      vertex 49.6 0 8
    endloop
  endfacet
  facet normal 0.80338 0.595467 0
    outer loop
      vertex 49.9745 -1.04675 8
      vertex 49.8781 -0.916691 -8
      vertex 49.8781 -0.916691 8
    endloop
  endfacet
  facet normal 0.80338 0.595467 0
    outer loop
      vertex 49.8781 -0.916691 -8
      vertex 49.9745 -1.04675 8
      vertex 49.9745 -1.04675 -8
    endloop
  endfacet
  facet normal 0.740778 0.67175 0
    outer loop
      vertex 50.0833 -1.16673 8
      vertex 49.9745 -1.04675 -8
      vertex 49.9745 -1.04675 8
    endloop
  endfacet
  facet normal 0.740778 0.67175 0
    outer loop
      vertex 49.9745 -1.04675 -8
      vertex 50.0833 -1.16673 8
      vertex 50.0833 -1.16673 -8
    endloop
  endfacet
  facet normal -0.0491058 0.998794 0
    outer loop
      vertex 51.4117 -1.64205 -8
      vertex 51.25 -1.65 8
      vertex 51.4117 -1.64205 8
    endloop
  endfacet
  facet normal -0.0491058 0.998794 0
    outer loop
      vertex 51.25 -1.65 8
      vertex 51.4117 -1.64205 -8
      vertex 51.25 -1.65 -8
    endloop
  endfacet
  facet normal 0.514087 0.857738 -0
    outer loop
      vertex 50.4722 -1.45517 -8
      vertex 50.3333 -1.37192 8
      vertex 50.4722 -1.45517 8
    endloop
  endfacet
  facet normal 0.514087 0.857738 0
    outer loop
      vertex 50.3333 -1.37192 8
      vertex 50.4722 -1.45517 -8
      vertex 50.3333 -1.37192 -8
    endloop
  endfacet
  facet normal 0.970096 0.242722 0
    outer loop
      vertex 49.671 -0.47897 8
      vertex 49.6317 -0.321898 -8
      vertex 49.6317 -0.321898 8
    endloop
  endfacet
  facet normal 0.970096 0.242722 0
    outer loop
      vertex 49.6317 -0.321898 -8
      vertex 49.671 -0.47897 8
      vertex 49.671 -0.47897 -8
    endloop
  endfacet
  facet normal 0.59584 0.803103 -0
    outer loop
      vertex 50.3333 -1.37192 -8
      vertex 50.2033 -1.27547 8
      vertex 50.3333 -1.37192 8
    endloop
  endfacet
  facet normal 0.59584 0.803103 0
    outer loop
      vertex 50.2033 -1.27547 8
      vertex 50.3333 -1.37192 -8
      vertex 50.2033 -1.27547 -8
    endloop
  endfacet
  facet normal 0.0491058 -0.998794 0
    outer loop
      vertex 51.0883 1.64205 -8
      vertex 51.25 1.65 8
      vertex 51.0883 1.64205 8
    endloop
  endfacet
  facet normal 0.0491058 -0.998794 0
    outer loop
      vertex 51.25 1.65 8
      vertex 51.0883 1.64205 -8
      vertex 51.25 1.65 -8
    endloop
  endfacet
  facet normal 0.242971 0.970033 -0
    outer loop
      vertex 50.9281 -1.6183 -8
      vertex 50.771 -1.57895 8
      vertex 50.9281 -1.6183 8
    endloop
  endfacet
  facet normal 0.242971 0.970033 0
    outer loop
      vertex 50.771 -1.57895 8
      vertex 50.9281 -1.6183 -8
      vertex 50.771 -1.57895 -8
    endloop
  endfacet
  facet normal -0.242971 -0.970033 0
    outer loop
      vertex 51.5719 1.6183 -8
      vertex 51.729 1.57895 8
      vertex 51.5719 1.6183 8
    endloop
  endfacet
  facet normal -0.242971 -0.970033 -0
    outer loop
      vertex 51.729 1.57895 8
      vertex 51.5719 1.6183 -8
      vertex 51.729 1.57895 -8
    endloop
  endfacet
  facet normal 0.337002 0.941504 -0
    outer loop
      vertex 50.771 -1.57895 -8
      vertex 50.6186 -1.5244 8
      vertex 50.771 -1.57895 8
    endloop
  endfacet
  facet normal 0.337002 0.941504 0
    outer loop
      vertex 50.6186 -1.5244 8
      vertex 50.771 -1.57895 -8
      vertex 50.6186 -1.5244 -8
    endloop
  endfacet
  facet normal -0.59584 0.803103 0
    outer loop
      vertex 52.2967 -1.27547 -8
      vertex 52.1667 -1.37192 8
      vertex 52.2967 -1.27547 8
    endloop
  endfacet
  facet normal -0.59584 0.803103 0
    outer loop
      vertex 52.1667 -1.37192 8
      vertex 52.2967 -1.27547 -8
      vertex 52.1667 -1.37192 -8
    endloop
  endfacet
  facet normal 0.857581 -0.51435 0
    outer loop
      vertex 49.7948 0.777804 8
      vertex 49.8781 0.916691 -8
      vertex 49.8781 0.916691 8
    endloop
  endfacet
  facet normal 0.857581 -0.51435 0
    outer loop
      vertex 49.8781 0.916691 -8
      vertex 49.7948 0.777804 8
      vertex 49.7948 0.777804 -8
    endloop
  endfacet
  facet normal -0.671486 0.741018 0
    outer loop
      vertex 52.4167 -1.16673 -8
      vertex 52.2967 -1.27547 8
      vertex 52.4167 -1.16673 8
    endloop
  endfacet
  facet normal -0.671486 0.741018 0
    outer loop
      vertex 52.2967 -1.27547 8
      vertex 52.4167 -1.16673 -8
      vertex 52.2967 -1.27547 -8
    endloop
  endfacet
  facet normal 0.904064 -0.427398 0
    outer loop
      vertex 49.7256 0.631427 8
      vertex 49.7948 0.777804 -8
      vertex 49.7948 0.777804 8
    endloop
  endfacet
  facet normal 0.904064 -0.427398 0
    outer loop
      vertex 49.7948 0.777804 -8
      vertex 49.7256 0.631427 8
      vertex 49.7256 0.631427 -8
    endloop
  endfacet
  facet normal -0.904064 0.427398 0
    outer loop
      vertex 52.7052 -0.777804 -8
      vertex 52.7744 -0.631427 8
      vertex 52.7744 -0.631427 -8
    endloop
  endfacet
  facet normal -0.904064 0.427398 0
    outer loop
      vertex 52.7744 -0.631427 8
      vertex 52.7052 -0.777804 -8
      vertex 52.7052 -0.777804 8
    endloop
  endfacet
  facet normal -0.146649 -0.989189 0
    outer loop
      vertex 51.4117 1.64205 -8
      vertex 51.5719 1.6183 8
      vertex 51.4117 1.64205 8
    endloop
  endfacet
  facet normal -0.146649 -0.989189 -0
    outer loop
      vertex 51.5719 1.6183 8
      vertex 51.4117 1.64205 -8
      vertex 51.5719 1.6183 -8
    endloop
  endfacet
  facet normal 0.998809 -0.0487893 0
    outer loop
      vertex 49.6 0 8
      vertex 49.6079 0.161728 -8
      vertex 49.6079 0.161728 8
    endloop
  endfacet
  facet normal 0.998809 -0.0487893 0
    outer loop
      vertex 49.6079 0.161728 -8
      vertex 49.6 0 8
      vertex 49.6 0 -8
    endloop
  endfacet
  facet normal 0.904064 0.427398 0
    outer loop
      vertex 49.7948 -0.777804 8
      vertex 49.7256 -0.631427 -8
      vertex 49.7256 -0.631427 8
    endloop
  endfacet
  facet normal 0.904064 0.427398 0
    outer loop
      vertex 49.7256 -0.631427 -8
      vertex 49.7948 -0.777804 8
      vertex 49.7948 -0.777804 -8
    endloop
  endfacet
  facet normal 1 -0 0
    outer loop
      vertex 53.25 -5.5 8.25
      vertex 53.25 5.5 -8.25
      vertex 53.25 5.5 8.25
    endloop
  endfacet
  facet normal 1 0 0
    outer loop
      vertex 53.25 5.5 -8.25
      vertex 53.25 -5.5 8.25
      vertex 53.25 -5.5 -8.25
    endloop
  endfacet
  facet normal -0 0 1
    outer loop
      vertex 36.75 5.5 8.25
      vertex 53.25 -5.5 8.25
      vertex 53.25 5.5 8.25
    endloop
  endfacet
  facet normal 0 0 1
    outer loop
      vertex 53.25 -5.5 8.25
      vertex 36.75 5.5 8.25
      vertex 36.75 -5.5 8.25
    endloop
  endfacet
  facet normal 0 0 -1
    outer loop
      vertex 36.75 -5.5 -8.25
      vertex 53.25 5.5 -8.25
      vertex 53.25 -5.5 -8.25
    endloop
  endfacet
  facet normal -0 0 -1
    outer loop
      vertex 53.25 5.5 -8.25
      vertex 36.75 -5.5 -8.25
      vertex 36.75 5.5 -8.25
    endloop
  endfacet
  facet normal -1 0 0
    outer loop
      vertex 36.75 -5.5 -8.25
      vertex 36.75 5.5 8.25
      vertex 36.75 5.5 -8.25
    endloop
  endfacet
  facet normal -1 -0 0
    outer loop
      vertex 36.75 5.5 8.25
      vertex 36.75 -5.5 -8.25
      vertex 36.75 -5.5 8.25
    endloop
  endfacet
  facet normal 0 1 0
    outer loop
      vertex 53.25 5.5 8.25
      vertex 45 5.5 2.5
      vertex 36.75 5.5 8.25
    endloop
  endfacet
  facet normal 0 1 0
    outer loop
      vertex 53.25 5.5 8.25
      vertex 45.245 5.5 2.48796
      vertex 45 5.5 2.5
    endloop
  endfacet
  facet normal 0 1 0
    outer loop
      vertex 53.25 5.5 8.25
      vertex 45.4877 5.5 2.45196
      vertex 45.245 5.5 2.48796
    endloop
  endfacet
  facet normal 0 1 0
    outer loop
      vertex 53.25 5.5 8.25
      vertex 45.7257 5.5 2.39235
      vertex 45.4877 5.5 2.45196
    endloop
  endfacet
  facet normal 0 1 0
    outer loop
      vertex 53.25 5.5 8.25
      vertex 45.9567 5.5 2.3097
      vertex 45.7257 5.5 2.39235
    endloop
  endfacet
  facet normal 0 1 0
    outer loop
      vertex 53.25 5.5 8.25
      vertex 46.1785 5.5 2.2048
      vertex 45.9567 5.5 2.3097
    endloop
  endfacet
  facet normal 0 1 0
    outer loop
      vertex 53.25 5.5 8.25
      vertex 46.3889 5.5 2.07867
      vertex 46.1785 5.5 2.2048
    endloop
  endfacet
  facet normal 0 1 0
    outer loop
      vertex 53.25 5.5 8.25
      vertex 46.586 5.5 1.93253
      vertex 46.3889 5.5 2.07867
    endloop
  endfacet
  facet normal 0 1 0
    outer loop
      vertex 53.25 5.5 8.25
      vertex 46.7678 5.5 1.76777
      vertex 46.586 5.5 1.93253
    endloop
  endfacet
  facet normal 0 1 0
    outer loop
      vertex 53.25 5.5 8.25
      vertex 46.9325 5.5 1.58598
      vertex 46.7678 5.5 1.76777
    endloop
  endfacet
  facet normal 0 1 0
    outer loop
      vertex 53.25 5.5 8.25
      vertex 47.0787 5.5 1.38893
      vertex 46.9325 5.5 1.58598
    endloop
  endfacet
  facet normal 0 1 0
    outer loop
      vertex 53.25 5.5 8.25
      vertex 47.2048 5.5 1.17849
      vertex 47.0787 5.5 1.38893
    endloop
  endfacet
  facet normal 0 1 0
    outer loop
      vertex 53.25 5.5 8.25
      vertex 47.3097 5.5 0.956708
      vertex 47.2048 5.5 1.17849
    endloop
  endfacet
  facet normal 0 1 0
    outer loop
      vertex 53.25 5.5 8.25
      vertex 47.3923 5.5 0.725711
      vertex 47.3097 5.5 0.956708
    endloop
  endfacet
  facet normal 0 1 0
    outer loop
      vertex 53.25 5.5 8.25
      vertex 47.452 5.5 0.487725
      vertex 47.3923 5.5 0.725711
    endloop
  endfacet
  facet normal 0 1 0
    outer loop
      vertex 53.25 5.5 8.25
      vertex 47.488 5.5 0.245043
      vertex 47.452 5.5 0.487725
    endloop
  endfacet
  facet normal 0 1 0
    outer loop
      vertex 53.25 5.5 8.25
      vertex 47.5 5.5 0
      vertex 47.488 5.5 0.245043
    endloop
  endfacet
  facet normal 0 1 -0
    outer loop
      vertex 53.25 5.5 -8.25
      vertex 47.5 5.5 0
      vertex 53.25 5.5 8.25
    endloop
  endfacet
  facet normal 0 1 0
    outer loop
      vertex 47.5 5.5 0
      vertex 53.25 5.5 -8.25
      vertex 47.488 5.5 -0.245043
    endloop
  endfacet
  facet normal 0 1 0
    outer loop
      vertex 47.488 5.5 -0.245043
      vertex 53.25 5.5 -8.25
      vertex 47.452 5.5 -0.487725
    endloop
  endfacet
  facet normal 0 1 0
    outer loop
      vertex 47.452 5.5 -0.487725
      vertex 53.25 5.5 -8.25
      vertex 47.3923 5.5 -0.725711
    endloop
  endfacet
  facet normal 0 1 0
    outer loop
      vertex 47.3923 5.5 -0.725711
      vertex 53.25 5.5 -8.25
      vertex 47.3097 5.5 -0.956708
    endloop
  endfacet
  facet normal 0 1 0
    outer loop
      vertex 47.3097 5.5 -0.956708
      vertex 53.25 5.5 -8.25
      vertex 47.2048 5.5 -1.17849
    endloop
  endfacet
  facet normal 0 1 0
    outer loop
      vertex 45.245 5.5 -2.48796
      vertex 53.25 5.5 -8.25
      vertex 45 5.5 -2.5
    endloop
  endfacet
  facet normal 0 1 0
    outer loop
      vertex 45.4877 5.5 -2.45196
      vertex 53.25 5.5 -8.25
      vertex 45.245 5.5 -2.48796
    endloop
  endfacet
  facet normal 0 1 0
    outer loop
      vertex 45.7257 5.5 -2.39235
      vertex 53.25 5.5 -8.25
      vertex 45.4877 5.5 -2.45196
    endloop
  endfacet
  facet normal 0 1 0
    outer loop
      vertex 45.9567 5.5 -2.3097
      vertex 53.25 5.5 -8.25
      vertex 45.7257 5.5 -2.39235
    endloop
  endfacet
  facet normal 0 1 0
    outer loop
      vertex 46.1785 5.5 -2.2048
      vertex 53.25 5.5 -8.25
      vertex 45.9567 5.5 -2.3097
    endloop
  endfacet
  facet normal 0 1 0
    outer loop
      vertex 46.3889 5.5 -2.07867
      vertex 53.25 5.5 -8.25
      vertex 46.1785 5.5 -2.2048
    endloop
  endfacet
  facet normal 0 1 0
    outer loop
      vertex 46.586 5.5 -1.93253
      vertex 53.25 5.5 -8.25
      vertex 46.3889 5.5 -2.07867
    endloop
  endfacet
  facet normal 0 1 0
    outer loop
      vertex 46.7678 5.5 -1.76777
      vertex 53.25 5.5 -8.25
      vertex 46.586 5.5 -1.93253
    endloop
  endfacet
  facet normal 0 1 0
    outer loop
      vertex 46.9325 5.5 -1.58598
      vertex 53.25 5.5 -8.25
      vertex 46.7678 5.5 -1.76777
    endloop
  endfacet
  facet normal 0 1 0
    outer loop
      vertex 47.0787 5.5 -1.38893
      vertex 53.25 5.5 -8.25
      vertex 46.9325 5.5 -1.58598
    endloop
  endfacet
  facet normal 0 1 0
    outer loop
      vertex 47.2048 5.5 -1.17849
      vertex 53.25 5.5 -8.25
      vertex 47.0787 5.5 -1.38893
    endloop
  endfacet
  facet normal 0 1 -0
    outer loop
      vertex 44.755 5.5 2.48796
      vertex 36.75 5.5 8.25
      vertex 45 5.5 2.5
    endloop
  endfacet
  facet normal 0 1 -0
    outer loop
      vertex 44.5123 5.5 2.45196
      vertex 36.75 5.5 8.25
      vertex 44.755 5.5 2.48796
    endloop
  endfacet
  facet normal 0 1 -0
    outer loop
      vertex 44.2743 5.5 2.39235
      vertex 36.75 5.5 8.25
      vertex 44.5123 5.5 2.45196
    endloop
  endfacet
  facet normal 0 1 -0
    outer loop
      vertex 44.0433 5.5 2.3097
      vertex 36.75 5.5 8.25
      vertex 44.2743 5.5 2.39235
    endloop
  endfacet
  facet normal 0 1 -0
    outer loop
      vertex 43.8215 5.5 2.2048
      vertex 36.75 5.5 8.25
      vertex 44.0433 5.5 2.3097
    endloop
  endfacet
  facet normal 0 1 -0
    outer loop
      vertex 43.6111 5.5 2.07867
      vertex 36.75 5.5 8.25
      vertex 43.8215 5.5 2.2048
    endloop
  endfacet
  facet normal 0 1 -0
    outer loop
      vertex 43.414 5.5 1.93253
      vertex 36.75 5.5 8.25
      vertex 43.6111 5.5 2.07867
    endloop
  endfacet
  facet normal 0 1 -0
    outer loop
      vertex 43.2322 5.5 1.76777
      vertex 36.75 5.5 8.25
      vertex 43.414 5.5 1.93253
    endloop
  endfacet
  facet normal 0 1 -0
    outer loop
      vertex 43.0675 5.5 1.58598
      vertex 36.75 5.5 8.25
      vertex 43.2322 5.5 1.76777
    endloop
  endfacet
  facet normal 0 1 -0
    outer loop
      vertex 42.9213 5.5 1.38893
      vertex 36.75 5.5 8.25
      vertex 43.0675 5.5 1.58598
    endloop
  endfacet
  facet normal 0 1 -0
    outer loop
      vertex 42.7952 5.5 1.17849
      vertex 36.75 5.5 8.25
      vertex 42.9213 5.5 1.38893
    endloop
  endfacet
  facet normal 0 1 -0
    outer loop
      vertex 42.6903 5.5 0.956708
      vertex 36.75 5.5 8.25
      vertex 42.7952 5.5 1.17849
    endloop
  endfacet
  facet normal 0 1 -0
    outer loop
      vertex 42.6077 5.5 0.725711
      vertex 36.75 5.5 8.25
      vertex 42.6903 5.5 0.956708
    endloop
  endfacet
  facet normal 0 1 -0
    outer loop
      vertex 42.548 5.5 0.487725
      vertex 36.75 5.5 8.25
      vertex 42.6077 5.5 0.725711
    endloop
  endfacet
  facet normal 0 1 -0
    outer loop
      vertex 42.512 5.5 0.245043
      vertex 36.75 5.5 8.25
      vertex 42.548 5.5 0.487725
    endloop
  endfacet
  facet normal 0 1 -0
    outer loop
      vertex 42.5 5.5 0
      vertex 36.75 5.5 8.25
      vertex 42.512 5.5 0.245043
    endloop
  endfacet
  facet normal 0 1 0
    outer loop
      vertex 36.75 5.5 -8.25
      vertex 42.5 5.5 0
      vertex 42.512 5.5 -0.245043
    endloop
  endfacet
  facet normal 0 1 0
    outer loop
      vertex 36.75 5.5 -8.25
      vertex 42.512 5.5 -0.245043
      vertex 42.548 5.5 -0.487725
    endloop
  endfacet
  facet normal 0 1 0
    outer loop
      vertex 36.75 5.5 -8.25
      vertex 42.548 5.5 -0.487725
      vertex 42.6077 5.5 -0.725711
    endloop
  endfacet
  facet normal 0 1 0
    outer loop
      vertex 36.75 5.5 -8.25
      vertex 42.6077 5.5 -0.725711
      vertex 42.6903 5.5 -0.956708
    endloop
  endfacet
  facet normal 0 1 0
    outer loop
      vertex 36.75 5.5 -8.25
      vertex 42.6903 5.5 -0.956708
      vertex 42.7952 5.5 -1.17849
    endloop
  endfacet
  facet normal 0 1 0
    outer loop
      vertex 36.75 5.5 -8.25
      vertex 42.7952 5.5 -1.17849
      vertex 42.9213 5.5 -1.38893
    endloop
  endfacet
  facet normal 0 1 0
    outer loop
      vertex 36.75 5.5 -8.25
      vertex 45 5.5 -2.5
      vertex 53.25 5.5 -8.25
    endloop
  endfacet
  facet normal 0 1 0
    outer loop
      vertex 45 5.5 -2.5
      vertex 36.75 5.5 -8.25
      vertex 44.755 5.5 -2.48796
    endloop
  endfacet
  facet normal 0 1 0
    outer loop
      vertex 44.755 5.5 -2.48796
      vertex 36.75 5.5 -8.25
      vertex 44.5123 5.5 -2.45196
    endloop
  endfacet
  facet normal 0 1 0
    outer loop
      vertex 44.5123 5.5 -2.45196
      vertex 36.75 5.5 -8.25
      vertex 44.2743 5.5 -2.39235
    endloop
  endfacet
  facet normal 0 1 0
    outer loop
      vertex 44.2743 5.5 -2.39235
      vertex 36.75 5.5 -8.25
      vertex 44.0433 5.5 -2.3097
    endloop
  endfacet
  facet normal 0 1 0
    outer loop
      vertex 44.0433 5.5 -2.3097
      vertex 36.75 5.5 -8.25
      vertex 43.8215 5.5 -2.2048
    endloop
  endfacet
  facet normal 0 1 0
    outer loop
      vertex 42.5 5.5 0
      vertex 36.75 5.5 -8.25
      vertex 36.75 5.5 8.25
    endloop
  endfacet
  facet normal 0 1 0
    outer loop
      vertex 43.0675 5.5 -1.58598
      vertex 36.75 5.5 -8.25
      vertex 42.9213 5.5 -1.38893
    endloop
  endfacet
  facet normal 0 1 0
    outer loop
      vertex 43.2322 5.5 -1.76777
      vertex 36.75 5.5 -8.25
      vertex 43.0675 5.5 -1.58598
    endloop
  endfacet
  facet normal 0 1 0
    outer loop
      vertex 43.414 5.5 -1.93253
      vertex 36.75 5.5 -8.25
      vertex 43.2322 5.5 -1.76777
    endloop
  endfacet
  facet normal 0 1 0
    outer loop
      vertex 43.6111 5.5 -2.07867
      vertex 36.75 5.5 -8.25
      vertex 43.414 5.5 -1.93253
    endloop
  endfacet
  facet normal 0 1 0
    outer loop
      vertex 43.8215 5.5 -2.2048
      vertex 36.75 5.5 -8.25
      vertex 43.6111 5.5 -2.07867
    endloop
  endfacet
  facet normal 0 -1 0
    outer loop
      vertex 36.75 -5.5 8.25
      vertex 45 -5.5 2.5
      vertex 53.25 -5.5 8.25
    endloop
  endfacet
  facet normal 0 -1 0
    outer loop
      vertex 36.75 -5.5 8.25
      vertex 44.755 -5.5 2.48796
      vertex 45 -5.5 2.5
    endloop
  endfacet
  facet normal 0 -1 0
    outer loop
      vertex 36.75 -5.5 8.25
      vertex 44.5123 -5.5 2.45196
      vertex 44.755 -5.5 2.48796
    endloop
  endfacet
  facet normal 0 -1 0
    outer loop
      vertex 36.75 -5.5 8.25
      vertex 44.2743 -5.5 2.39235
      vertex 44.5123 -5.5 2.45196
    endloop
  endfacet
  facet normal 0 -1 0
    outer loop
      vertex 36.75 -5.5 8.25
      vertex 44.0433 -5.5 2.3097
      vertex 44.2743 -5.5 2.39235
    endloop
  endfacet
  facet normal 0 -1 0
    outer loop
      vertex 36.75 -5.5 8.25
      vertex 43.8215 -5.5 2.2048
      vertex 44.0433 -5.5 2.3097
    endloop
  endfacet
  facet normal 0 -1 0
    outer loop
      vertex 36.75 -5.5 8.25
      vertex 43.6111 -5.5 2.07867
      vertex 43.8215 -5.5 2.2048
    endloop
  endfacet
  facet normal 0 -1 0
    outer loop
      vertex 36.75 -5.5 8.25
      vertex 43.414 -5.5 1.93253
      vertex 43.6111 -5.5 2.07867
    endloop
  endfacet
  facet normal 0 -1 0
    outer loop
      vertex 36.75 -5.5 8.25
      vertex 43.2322 -5.5 1.76777
      vertex 43.414 -5.5 1.93253
    endloop
  endfacet
  facet normal 0 -1 0
    outer loop
      vertex 36.75 -5.5 8.25
      vertex 43.0675 -5.5 1.58598
      vertex 43.2322 -5.5 1.76777
    endloop
  endfacet
  facet normal 0 -1 0
    outer loop
      vertex 36.75 -5.5 8.25
      vertex 42.9213 -5.5 1.38893
      vertex 43.0675 -5.5 1.58598
    endloop
  endfacet
  facet normal 0 -1 0
    outer loop
      vertex 36.75 -5.5 8.25
      vertex 42.7952 -5.5 1.17849
      vertex 42.9213 -5.5 1.38893
    endloop
  endfacet
  facet normal 0 -1 0
    outer loop
      vertex 36.75 -5.5 8.25
      vertex 42.6903 -5.5 0.956708
      vertex 42.7952 -5.5 1.17849
    endloop
  endfacet
  facet normal 0 -1 0
    outer loop
      vertex 36.75 -5.5 8.25
      vertex 42.6077 -5.5 0.725711
      vertex 42.6903 -5.5 0.956708
    endloop
  endfacet
  facet normal 0 -1 0
    outer loop
      vertex 36.75 -5.5 8.25
      vertex 42.548 -5.5 0.487725
      vertex 42.6077 -5.5 0.725711
    endloop
  endfacet
  facet normal 0 -1 0
    outer loop
      vertex 36.75 -5.5 8.25
      vertex 42.512 -5.5 0.245043
      vertex 42.548 -5.5 0.487725
    endloop
  endfacet
  facet normal 0 -1 0
    outer loop
      vertex 36.75 -5.5 8.25
      vertex 42.5 -5.5 0
      vertex 42.512 -5.5 0.245043
    endloop
  endfacet
  facet normal 0 -1 0
    outer loop
      vertex 36.75 -5.5 -8.25
      vertex 42.5 -5.5 0
      vertex 36.75 -5.5 8.25
    endloop
  endfacet
  facet normal 0 -1 -0
    outer loop
      vertex 42.5 -5.5 0
      vertex 36.75 -5.5 -8.25
      vertex 42.512 -5.5 -0.245043
    endloop
  endfacet
  facet normal 0 -1 -0
    outer loop
      vertex 42.512 -5.5 -0.245043
      vertex 36.75 -5.5 -8.25
      vertex 42.548 -5.5 -0.487725
    endloop
  endfacet
  facet normal 0 -1 -0
    outer loop
      vertex 42.548 -5.5 -0.487725
      vertex 36.75 -5.5 -8.25
      vertex 42.6077 -5.5 -0.725711
    endloop
  endfacet
  facet normal 0 -1 -0
    outer loop
      vertex 42.6077 -5.5 -0.725711
      vertex 36.75 -5.5 -8.25
      vertex 42.6903 -5.5 -0.956708
    endloop
  endfacet
  facet normal 0 -1 -0
    outer loop
      vertex 42.6903 -5.5 -0.956708
      vertex 36.75 -5.5 -8.25
      vertex 42.7952 -5.5 -1.17849
    endloop
  endfacet
  facet normal 0 -1 -0
    outer loop
      vertex 44.755 -5.5 -2.48796
      vertex 36.75 -5.5 -8.25
      vertex 45 -5.5 -2.5
    endloop
  endfacet
  facet normal 0 -1 -0
    outer loop
      vertex 44.5123 -5.5 -2.45196
      vertex 36.75 -5.5 -8.25
      vertex 44.755 -5.5 -2.48796
    endloop
  endfacet
  facet normal 0 -1 -0
    outer loop
      vertex 44.2743 -5.5 -2.39235
      vertex 36.75 -5.5 -8.25
      vertex 44.5123 -5.5 -2.45196
    endloop
  endfacet
  facet normal 0 -1 -0
    outer loop
      vertex 44.0433 -5.5 -2.3097
      vertex 36.75 -5.5 -8.25
      vertex 44.2743 -5.5 -2.39235
    endloop
  endfacet
  facet normal 0 -1 -0
    outer loop
      vertex 43.8215 -5.5 -2.2048
      vertex 36.75 -5.5 -8.25
      vertex 44.0433 -5.5 -2.3097
    endloop
  endfacet
  facet normal 0 -1 -0
    outer loop
      vertex 43.6111 -5.5 -2.07867
      vertex 36.75 -5.5 -8.25
      vertex 43.8215 -5.5 -2.2048
    endloop
  endfacet
  facet normal 0 -1 -0
    outer loop
      vertex 43.414 -5.5 -1.93253
      vertex 36.75 -5.5 -8.25
      vertex 43.6111 -5.5 -2.07867
    endloop
  endfacet
  facet normal 0 -1 -0
    outer loop
      vertex 43.2322 -5.5 -1.76777
      vertex 36.75 -5.5 -8.25
      vertex 43.414 -5.5 -1.93253
    endloop
  endfacet
  facet normal 0 -1 -0
    outer loop
      vertex 43.0675 -5.5 -1.58598
      vertex 36.75 -5.5 -8.25
      vertex 43.2322 -5.5 -1.76777
    endloop
  endfacet
  facet normal 0 -1 -0
    outer loop
      vertex 42.9213 -5.5 -1.38893
      vertex 36.75 -5.5 -8.25
      vertex 43.0675 -5.5 -1.58598
    endloop
  endfacet
  facet normal 0 -1 -0
    outer loop
      vertex 42.7952 -5.5 -1.17849
      vertex 36.75 -5.5 -8.25
      vertex 42.9213 -5.5 -1.38893
    endloop
  endfacet
  facet normal 0 -1 0
    outer loop
      vertex 45.245 -5.5 2.48796
      vertex 53.25 -5.5 8.25
      vertex 45 -5.5 2.5
    endloop
  endfacet
  facet normal 0 -1 0
    outer loop
      vertex 45.4877 -5.5 2.45196
      vertex 53.25 -5.5 8.25
      vertex 45.245 -5.5 2.48796
    endloop
  endfacet
  facet normal 0 -1 0
    outer loop
      vertex 45.7257 -5.5 2.39235
      vertex 53.25 -5.5 8.25
      vertex 45.4877 -5.5 2.45196
    endloop
  endfacet
  facet normal 0 -1 0
    outer loop
      vertex 45.9567 -5.5 2.3097
      vertex 53.25 -5.5 8.25
      vertex 45.7257 -5.5 2.39235
    endloop
  endfacet
  facet normal 0 -1 0
    outer loop
      vertex 46.1785 -5.5 2.2048
      vertex 53.25 -5.5 8.25
      vertex 45.9567 -5.5 2.3097
    endloop
  endfacet
  facet normal 0 -1 0
    outer loop
      vertex 46.3889 -5.5 2.07867
      vertex 53.25 -5.5 8.25
      vertex 46.1785 -5.5 2.2048
    endloop
  endfacet
  facet normal 0 -1 0
    outer loop
      vertex 46.586 -5.5 1.93253
      vertex 53.25 -5.5 8.25
      vertex 46.3889 -5.5 2.07867
    endloop
  endfacet
  facet normal 0 -1 0
    outer loop
      vertex 46.7678 -5.5 1.76777
      vertex 53.25 -5.5 8.25
      vertex 46.586 -5.5 1.93253
    endloop
  endfacet
  facet normal 0 -1 0
    outer loop
      vertex 46.9325 -5.5 1.58598
      vertex 53.25 -5.5 8.25
      vertex 46.7678 -5.5 1.76777
    endloop
  endfacet
  facet normal 0 -1 0
    outer loop
      vertex 47.0787 -5.5 1.38893
      vertex 53.25 -5.5 8.25
      vertex 46.9325 -5.5 1.58598
    endloop
  endfacet
  facet normal 0 -1 0
    outer loop
      vertex 47.2048 -5.5 1.17849
      vertex 53.25 -5.5 8.25
      vertex 47.0787 -5.5 1.38893
    endloop
  endfacet
  facet normal 0 -1 0
    outer loop
      vertex 47.3097 -5.5 0.956708
      vertex 53.25 -5.5 8.25
      vertex 47.2048 -5.5 1.17849
    endloop
  endfacet
  facet normal 0 -1 0
    outer loop
      vertex 47.3923 -5.5 0.725711
      vertex 53.25 -5.5 8.25
      vertex 47.3097 -5.5 0.956708
    endloop
  endfacet
  facet normal 0 -1 0
    outer loop
      vertex 47.452 -5.5 0.487725
      vertex 53.25 -5.5 8.25
      vertex 47.3923 -5.5 0.725711
    endloop
  endfacet
  facet normal 0 -1 0
    outer loop
      vertex 47.488 -5.5 0.245043
      vertex 53.25 -5.5 8.25
      vertex 47.452 -5.5 0.487725
    endloop
  endfacet
  facet normal 0 -1 0
    outer loop
      vertex 47.5 -5.5 0
      vertex 53.25 -5.5 8.25
      vertex 47.488 -5.5 0.245043
    endloop
  endfacet
  facet normal 0 -1 0
    outer loop
      vertex 53.25 -5.5 -8.25
      vertex 47.5 -5.5 0
      vertex 47.488 -5.5 -0.245043
    endloop
  endfacet
  facet normal 0 -1 0
    outer loop
      vertex 53.25 -5.5 -8.25
      vertex 47.488 -5.5 -0.245043
      vertex 47.452 -5.5 -0.487725
    endloop
  endfacet
  facet normal 0 -1 0
    outer loop
      vertex 53.25 -5.5 -8.25
      vertex 47.452 -5.5 -0.487725
      vertex 47.3923 -5.5 -0.725711
    endloop
  endfacet
  facet normal 0 -1 0
    outer loop
      vertex 53.25 -5.5 -8.25
      vertex 47.3923 -5.5 -0.725711
      vertex 47.3097 -5.5 -0.956708
    endloop
  endfacet
  facet normal 0 -1 0
    outer loop
      vertex 53.25 -5.5 -8.25
      vertex 47.3097 -5.5 -0.956708
      vertex 47.2048 -5.5 -1.17849
    endloop
  endfacet
  facet normal 0 -1 0
    outer loop
      vertex 53.25 -5.5 -8.25
      vertex 47.2048 -5.5 -1.17849
      vertex 47.0787 -5.5 -1.38893
    endloop
  endfacet
  facet normal 0 -1 0
    outer loop
      vertex 53.25 -5.5 -8.25
      vertex 45 -5.5 -2.5
      vertex 36.75 -5.5 -8.25
    endloop
  endfacet
  facet normal 0 -1 0
    outer loop
      vertex 45 -5.5 -2.5
      vertex 53.25 -5.5 -8.25
      vertex 45.245 -5.5 -2.48796
    endloop
  endfacet
  facet normal 0 -1 0
    outer loop
      vertex 45.245 -5.5 -2.48796
      vertex 53.25 -5.5 -8.25
      vertex 45.4877 -5.5 -2.45196
    endloop
  endfacet
  facet normal 0 -1 0
    outer loop
      vertex 45.4877 -5.5 -2.45196
      vertex 53.25 -5.5 -8.25
      vertex 45.7257 -5.5 -2.39235
    endloop
  endfacet
  facet normal 0 -1 0
    outer loop
      vertex 45.7257 -5.5 -2.39235
      vertex 53.25 -5.5 -8.25
      vertex 45.9567 -5.5 -2.3097
    endloop
  endfacet
  facet normal 0 -1 0
    outer loop
      vertex 45.9567 -5.5 -2.3097
      vertex 53.25 -5.5 -8.25
      vertex 46.1785 -5.5 -2.2048
    endloop
  endfacet
  facet normal 0 -1 0
    outer loop
      vertex 47.5 -5.5 0
      vertex 53.25 -5.5 -8.25
      vertex 53.25 -5.5 8.25
    endloop
  endfacet
  facet normal 0 -1 0
    outer loop
      vertex 46.9325 -5.5 -1.58598
      vertex 53.25 -5.5 -8.25
      vertex 47.0787 -5.5 -1.38893
    endloop
  endfacet
  facet normal 0 -1 0
    outer loop
      vertex 46.7678 -5.5 -1.76777
      vertex 53.25 -5.5 -8.25
      vertex 46.9325 -5.5 -1.58598
    endloop
  endfacet
  facet normal 0 -1 0
    outer loop
      vertex 46.586 -5.5 -1.93253
      vertex 53.25 -5.5 -8.25
      vertex 46.7678 -5.5 -1.76777
    endloop
  endfacet
  facet normal 0 -1 0
    outer loop
      vertex 46.3889 -5.5 -2.07867
      vertex 53.25 -5.5 -8.25
      vertex 46.586 -5.5 -1.93253
    endloop
  endfacet
  facet normal 0 -1 0
    outer loop
      vertex 46.1785 -5.5 -2.2048
      vertex 53.25 -5.5 -8.25
      vertex 46.3889 -5.5 -2.07867
    endloop
  endfacet
  facet normal -1 0 0
    outer loop
      vertex 49.4 -2.65 -4.4
      vertex 49.4 2.65 4.4
      vertex 49.4 2.65 -4.4
    endloop
  endfacet
  facet normal -1 -0 0
    outer loop
      vertex 49.4 2.65 4.4
      vertex 49.4 -2.65 -4.4
      vertex 49.4 -2.65 4.4
    endloop
  endfacet
  facet normal 0 0 -1
    outer loop
      vertex 40.6 -2.65 4.4
      vertex 49.4 2.65 4.4
      vertex 49.4 -2.65 4.4
    endloop
  endfacet
  facet normal -0 0 -1
    outer loop
      vertex 49.4 2.65 4.4
      vertex 40.6 -2.65 4.4
      vertex 40.6 2.65 4.4
    endloop
  endfacet
  facet normal -0 0 1
    outer loop
      vertex 40.6 2.65 -4.4
      vertex 49.4 -2.65 -4.4
      vertex 49.4 2.65 -4.4
    endloop
  endfacet
  facet normal 0 0 1
    outer loop
      vertex 49.4 -2.65 -4.4
      vertex 40.6 2.65 -4.4
      vertex 40.6 -2.65 -4.4
    endloop
  endfacet
  facet normal 1 -0 0
    outer loop
      vertex 40.6 -2.65 4.4
      vertex 40.6 2.65 -4.4
      vertex 40.6 2.65 4.4
    endloop
  endfacet
  facet normal 1 0 0
    outer loop
      vertex 40.6 2.65 -4.4
      vertex 40.6 -2.65 4.4
      vertex 40.6 -2.65 -4.4
    endloop
  endfacet
  facet normal 0 -1 0
    outer loop
      vertex 40.6 2.65 4.4
      vertex 45 2.65 2.5
      vertex 49.4 2.65 4.4
    endloop
  endfacet
  facet normal 0 -1 0
    outer loop
      vertex 40.6 2.65 4.4
      vertex 44.755 2.65 2.48796
      vertex 45 2.65 2.5
    endloop
  endfacet
  facet normal 0 -1 0
    outer loop
      vertex 40.6 2.65 4.4
      vertex 44.5123 2.65 2.45196
      vertex 44.755 2.65 2.48796
    endloop
  endfacet
  facet normal 0 -1 0
    outer loop
      vertex 40.6 2.65 4.4
      vertex 44.2743 2.65 2.39235
      vertex 44.5123 2.65 2.45196
    endloop
  endfacet
  facet normal 0 -1 0
    outer loop
      vertex 40.6 2.65 4.4
      vertex 44.0433 2.65 2.3097
      vertex 44.2743 2.65 2.39235
    endloop
  endfacet
  facet normal 0 -1 0
    outer loop
      vertex 40.6 2.65 4.4
      vertex 43.8215 2.65 2.2048
      vertex 44.0433 2.65 2.3097
    endloop
  endfacet
  facet normal 0 -1 0
    outer loop
      vertex 40.6 2.65 4.4
      vertex 43.6111 2.65 2.07867
      vertex 43.8215 2.65 2.2048
    endloop
  endfacet
  facet normal 0 -1 0
    outer loop
      vertex 40.6 2.65 4.4
      vertex 43.414 2.65 1.93253
      vertex 43.6111 2.65 2.07867
    endloop
  endfacet
  facet normal 0 -1 0
    outer loop
      vertex 40.6 2.65 4.4
      vertex 43.2322 2.65 1.76777
      vertex 43.414 2.65 1.93253
    endloop
  endfacet
  facet normal 0 -1 0
    outer loop
      vertex 40.6 2.65 4.4
      vertex 43.0675 2.65 1.58598
      vertex 43.2322 2.65 1.76777
    endloop
  endfacet
  facet normal 0 -1 0
    outer loop
      vertex 40.6 2.65 4.4
      vertex 42.9213 2.65 1.38893
      vertex 43.0675 2.65 1.58598
    endloop
  endfacet
  facet normal 0 -1 0
    outer loop
      vertex 40.6 2.65 4.4
      vertex 42.7952 2.65 1.17849
      vertex 42.9213 2.65 1.38893
    endloop
  endfacet
  facet normal 0 -1 0
    outer loop
      vertex 40.6 2.65 4.4
      vertex 42.6903 2.65 0.956708
      vertex 42.7952 2.65 1.17849
    endloop
  endfacet
  facet normal 0 -1 0
    outer loop
      vertex 40.6 2.65 4.4
      vertex 42.6077 2.65 0.725711
      vertex 42.6903 2.65 0.956708
    endloop
  endfacet
  facet normal 0 -1 0
    outer loop
      vertex 40.6 2.65 4.4
      vertex 42.548 2.65 0.487725
      vertex 42.6077 2.65 0.725711
    endloop
  endfacet
  facet normal 0 -1 0
    outer loop
      vertex 40.6 2.65 4.4
      vertex 42.512 2.65 0.245043
      vertex 42.548 2.65 0.487725
    endloop
  endfacet
  facet normal 0 -1 0
    outer loop
      vertex 40.6 2.65 4.4
      vertex 42.5 2.65 0
      vertex 42.512 2.65 0.245043
    endloop
  endfacet
  facet normal 0 -1 0
    outer loop
      vertex 40.6 2.65 -4.4
      vertex 42.5 2.65 0
      vertex 40.6 2.65 4.4
    endloop
  endfacet
  facet normal 0 -1 -0
    outer loop
      vertex 42.5 2.65 0
      vertex 40.6 2.65 -4.4
      vertex 42.512 2.65 -0.245043
    endloop
  endfacet
  facet normal 0 -1 -0
    outer loop
      vertex 42.512 2.65 -0.245043
      vertex 40.6 2.65 -4.4
      vertex 42.548 2.65 -0.487725
    endloop
  endfacet
  facet normal 0 -1 -0
    outer loop
      vertex 42.548 2.65 -0.487725
      vertex 40.6 2.65 -4.4
      vertex 42.6077 2.65 -0.725711
    endloop
  endfacet
  facet normal 0 -1 -0
    outer loop
      vertex 44.755 2.65 -2.48796
      vertex 40.6 2.65 -4.4
      vertex 45 2.65 -2.5
    endloop
  endfacet
  facet normal 0 -1 -0
    outer loop
      vertex 44.5123 2.65 -2.45196
      vertex 40.6 2.65 -4.4
      vertex 44.755 2.65 -2.48796
    endloop
  endfacet
  facet normal 0 -1 -0
    outer loop
      vertex 44.2743 2.65 -2.39235
      vertex 40.6 2.65 -4.4
      vertex 44.5123 2.65 -2.45196
    endloop
  endfacet
  facet normal 0 -1 -0
    outer loop
      vertex 44.0433 2.65 -2.3097
      vertex 40.6 2.65 -4.4
      vertex 44.2743 2.65 -2.39235
    endloop
  endfacet
  facet normal 0 -1 -0
    outer loop
      vertex 43.8215 2.65 -2.2048
      vertex 40.6 2.65 -4.4
      vertex 44.0433 2.65 -2.3097
    endloop
  endfacet
  facet normal 0 -1 -0
    outer loop
      vertex 43.6111 2.65 -2.07867
      vertex 40.6 2.65 -4.4
      vertex 43.8215 2.65 -2.2048
    endloop
  endfacet
  facet normal 0 -1 -0
    outer loop
      vertex 43.414 2.65 -1.93253
      vertex 40.6 2.65 -4.4
      vertex 43.6111 2.65 -2.07867
    endloop
  endfacet
  facet normal 0 -1 -0
    outer loop
      vertex 43.2322 2.65 -1.76777
      vertex 40.6 2.65 -4.4
      vertex 43.414 2.65 -1.93253
    endloop
  endfacet
  facet normal 0 -1 -0
    outer loop
      vertex 43.0675 2.65 -1.58598
      vertex 40.6 2.65 -4.4
      vertex 43.2322 2.65 -1.76777
    endloop
  endfacet
  facet normal 0 -1 -0
    outer loop
      vertex 42.9213 2.65 -1.38893
      vertex 40.6 2.65 -4.4
      vertex 43.0675 2.65 -1.58598
    endloop
  endfacet
  facet normal 0 -1 -0
    outer loop
      vertex 42.7952 2.65 -1.17849
      vertex 40.6 2.65 -4.4
      vertex 42.9213 2.65 -1.38893
    endloop
  endfacet
  facet normal 0 -1 -0
    outer loop
      vertex 42.6903 2.65 -0.956708
      vertex 40.6 2.65 -4.4
      vertex 42.7952 2.65 -1.17849
    endloop
  endfacet
  facet normal 0 -1 -0
    outer loop
      vertex 42.6077 2.65 -0.725711
      vertex 40.6 2.65 -4.4
      vertex 42.6903 2.65 -0.956708
    endloop
  endfacet
  facet normal 0 -1 0
    outer loop
      vertex 45.245 2.65 2.48796
      vertex 49.4 2.65 4.4
      vertex 45 2.65 2.5
    endloop
  endfacet
  facet normal 0 -1 0
    outer loop
      vertex 45.4877 2.65 2.45196
      vertex 49.4 2.65 4.4
      vertex 45.245 2.65 2.48796
    endloop
  endfacet
  facet normal 0 -1 0
    outer loop
      vertex 45.7257 2.65 2.39235
      vertex 49.4 2.65 4.4
      vertex 45.4877 2.65 2.45196
    endloop
  endfacet
  facet normal 0 -1 0
    outer loop
      vertex 45.9567 2.65 2.3097
      vertex 49.4 2.65 4.4
      vertex 45.7257 2.65 2.39235
    endloop
  endfacet
  facet normal 0 -1 0
    outer loop
      vertex 46.1785 2.65 2.2048
      vertex 49.4 2.65 4.4
      vertex 45.9567 2.65 2.3097
    endloop
  endfacet
  facet normal 0 -1 0
    outer loop
      vertex 46.3889 2.65 2.07867
      vertex 49.4 2.65 4.4
      vertex 46.1785 2.65 2.2048
    endloop
  endfacet
  facet normal 0 -1 0
    outer loop
      vertex 46.586 2.65 1.93253
      vertex 49.4 2.65 4.4
      vertex 46.3889 2.65 2.07867
    endloop
  endfacet
  facet normal 0 -1 0
    outer loop
      vertex 46.7678 2.65 1.76777
      vertex 49.4 2.65 4.4
      vertex 46.586 2.65 1.93253
    endloop
  endfacet
  facet normal 0 -1 0
    outer loop
      vertex 46.9325 2.65 1.58598
      vertex 49.4 2.65 4.4
      vertex 46.7678 2.65 1.76777
    endloop
  endfacet
  facet normal 0 -1 0
    outer loop
      vertex 47.0787 2.65 1.38893
      vertex 49.4 2.65 4.4
      vertex 46.9325 2.65 1.58598
    endloop
  endfacet
  facet normal 0 -1 0
    outer loop
      vertex 47.2048 2.65 1.17849
      vertex 49.4 2.65 4.4
      vertex 47.0787 2.65 1.38893
    endloop
  endfacet
  facet normal 0 -1 0
    outer loop
      vertex 47.3097 2.65 0.956708
      vertex 49.4 2.65 4.4
      vertex 47.2048 2.65 1.17849
    endloop
  endfacet
  facet normal 0 -1 0
    outer loop
      vertex 47.3923 2.65 0.725711
      vertex 49.4 2.65 4.4
      vertex 47.3097 2.65 0.956708
    endloop
  endfacet
  facet normal 0 -1 0
    outer loop
      vertex 47.452 2.65 0.487725
      vertex 49.4 2.65 4.4
      vertex 47.3923 2.65 0.725711
    endloop
  endfacet
  facet normal 0 -1 0
    outer loop
      vertex 47.488 2.65 0.245043
      vertex 49.4 2.65 4.4
      vertex 47.452 2.65 0.487725
    endloop
  endfacet
  facet normal 0 -1 0
    outer loop
      vertex 47.5 2.65 0
      vertex 49.4 2.65 4.4
      vertex 47.488 2.65 0.245043
    endloop
  endfacet
  facet normal 0 -1 0
    outer loop
      vertex 49.4 2.65 -4.4
      vertex 47.5 2.65 0
      vertex 47.488 2.65 -0.245043
    endloop
  endfacet
  facet normal 0 -1 0
    outer loop
      vertex 49.4 2.65 -4.4
      vertex 47.488 2.65 -0.245043
      vertex 47.452 2.65 -0.487725
    endloop
  endfacet
  facet normal 0 -1 0
    outer loop
      vertex 49.4 2.65 -4.4
      vertex 47.452 2.65 -0.487725
      vertex 47.3923 2.65 -0.725711
    endloop
  endfacet
  facet normal 0 -1 0
    outer loop
      vertex 49.4 2.65 -4.4
      vertex 47.3923 2.65 -0.725711
      vertex 47.3097 2.65 -0.956708
    endloop
  endfacet
  facet normal 0 -1 0
    outer loop
      vertex 49.4 2.65 -4.4
      vertex 45 2.65 -2.5
      vertex 40.6 2.65 -4.4
    endloop
  endfacet
  facet normal 0 -1 0
    outer loop
      vertex 45 2.65 -2.5
      vertex 49.4 2.65 -4.4
      vertex 45.245 2.65 -2.48796
    endloop
  endfacet
  facet normal 0 -1 0
    outer loop
      vertex 45.245 2.65 -2.48796
      vertex 49.4 2.65 -4.4
      vertex 45.4877 2.65 -2.45196
    endloop
  endfacet
  facet normal 0 -1 0
    outer loop
      vertex 45.4877 2.65 -2.45196
      vertex 49.4 2.65 -4.4
      vertex 45.7257 2.65 -2.39235
    endloop
  endfacet
  facet normal 0 -1 0
    outer loop
      vertex 47.5 2.65 0
      vertex 49.4 2.65 -4.4
      vertex 49.4 2.65 4.4
    endloop
  endfacet
  facet normal 0 -1 0
    outer loop
      vertex 47.2048 2.65 -1.17849
      vertex 49.4 2.65 -4.4
      vertex 47.3097 2.65 -0.956708
    endloop
  endfacet
  facet normal 0 -1 0
    outer loop
      vertex 47.0787 2.65 -1.38893
      vertex 49.4 2.65 -4.4
      vertex 47.2048 2.65 -1.17849
    endloop
  endfacet
  facet normal 0 -1 0
    outer loop
      vertex 46.9325 2.65 -1.58598
      vertex 49.4 2.65 -4.4
      vertex 47.0787 2.65 -1.38893
    endloop
  endfacet
  facet normal 0 -1 0
    outer loop
      vertex 46.7678 2.65 -1.76777
      vertex 49.4 2.65 -4.4
      vertex 46.9325 2.65 -1.58598
    endloop
  endfacet
  facet normal 0 -1 0
    outer loop
      vertex 46.586 2.65 -1.93253
      vertex 49.4 2.65 -4.4
      vertex 46.7678 2.65 -1.76777
    endloop
  endfacet
  facet normal 0 -1 0
    outer loop
      vertex 46.3889 2.65 -2.07867
      vertex 49.4 2.65 -4.4
      vertex 46.586 2.65 -1.93253
    endloop
  endfacet
  facet normal 0 -1 0
    outer loop
      vertex 46.1785 2.65 -2.2048
      vertex 49.4 2.65 -4.4
      vertex 46.3889 2.65 -2.07867
    endloop
  endfacet
  facet normal 0 -1 0
    outer loop
      vertex 45.9567 2.65 -2.3097
      vertex 49.4 2.65 -4.4
      vertex 46.1785 2.65 -2.2048
    endloop
  endfacet
  facet normal 0 -1 0
    outer loop
      vertex 45.7257 2.65 -2.39235
      vertex 49.4 2.65 -4.4
      vertex 45.9567 2.65 -2.3097
    endloop
  endfacet
  facet normal 0 1 0
    outer loop
      vertex 49.4 -2.65 4.4
      vertex 45 -2.65 2.5
      vertex 40.6 -2.65 4.4
    endloop
  endfacet
  facet normal 0 1 0
    outer loop
      vertex 49.4 -2.65 4.4
      vertex 45.245 -2.65 2.48796
      vertex 45 -2.65 2.5
    endloop
  endfacet
  facet normal 0 1 0
    outer loop
      vertex 49.4 -2.65 4.4
      vertex 45.4877 -2.65 2.45196
      vertex 45.245 -2.65 2.48796
    endloop
  endfacet
  facet normal 0 1 0
    outer loop
      vertex 49.4 -2.65 4.4
      vertex 45.7257 -2.65 2.39235
      vertex 45.4877 -2.65 2.45196
    endloop
  endfacet
  facet normal 0 1 0
    outer loop
      vertex 49.4 -2.65 4.4
      vertex 45.9567 -2.65 2.3097
      vertex 45.7257 -2.65 2.39235
    endloop
  endfacet
  facet normal 0 1 0
    outer loop
      vertex 49.4 -2.65 4.4
      vertex 46.1785 -2.65 2.2048
      vertex 45.9567 -2.65 2.3097
    endloop
  endfacet
  facet normal 0 1 0
    outer loop
      vertex 49.4 -2.65 4.4
      vertex 46.3889 -2.65 2.07867
      vertex 46.1785 -2.65 2.2048
    endloop
  endfacet
  facet normal 0 1 0
    outer loop
      vertex 49.4 -2.65 4.4
      vertex 46.586 -2.65 1.93253
      vertex 46.3889 -2.65 2.07867
    endloop
  endfacet
  facet normal 0 1 0
    outer loop
      vertex 49.4 -2.65 4.4
      vertex 46.7678 -2.65 1.76777
      vertex 46.586 -2.65 1.93253
    endloop
  endfacet
  facet normal 0 1 0
    outer loop
      vertex 49.4 -2.65 4.4
      vertex 46.9325 -2.65 1.58598
      vertex 46.7678 -2.65 1.76777
    endloop
  endfacet
  facet normal 0 1 0
    outer loop
      vertex 49.4 -2.65 4.4
      vertex 47.0787 -2.65 1.38893
      vertex 46.9325 -2.65 1.58598
    endloop
  endfacet
  facet normal 0 1 0
    outer loop
      vertex 49.4 -2.65 4.4
      vertex 47.2048 -2.65 1.17849
      vertex 47.0787 -2.65 1.38893
    endloop
  endfacet
  facet normal 0 1 0
    outer loop
      vertex 49.4 -2.65 4.4
      vertex 47.3097 -2.65 0.956708
      vertex 47.2048 -2.65 1.17849
    endloop
  endfacet
  facet normal 0 1 0
    outer loop
      vertex 49.4 -2.65 4.4
      vertex 47.3923 -2.65 0.725711
      vertex 47.3097 -2.65 0.956708
    endloop
  endfacet
  facet normal 0 1 0
    outer loop
      vertex 49.4 -2.65 4.4
      vertex 47.452 -2.65 0.487725
      vertex 47.3923 -2.65 0.725711
    endloop
  endfacet
  facet normal 0 1 0
    outer loop
      vertex 49.4 -2.65 4.4
      vertex 47.488 -2.65 0.245043
      vertex 47.452 -2.65 0.487725
    endloop
  endfacet
  facet normal 0 1 0
    outer loop
      vertex 49.4 -2.65 4.4
      vertex 47.5 -2.65 0
      vertex 47.488 -2.65 0.245043
    endloop
  endfacet
  facet normal 0 1 -0
    outer loop
      vertex 49.4 -2.65 -4.4
      vertex 47.5 -2.65 0
      vertex 49.4 -2.65 4.4
    endloop
  endfacet
  facet normal 0 1 0
    outer loop
      vertex 47.5 -2.65 0
      vertex 49.4 -2.65 -4.4
      vertex 47.488 -2.65 -0.245043
    endloop
  endfacet
  facet normal 0 1 0
    outer loop
      vertex 47.488 -2.65 -0.245043
      vertex 49.4 -2.65 -4.4
      vertex 47.452 -2.65 -0.487725
    endloop
  endfacet
  facet normal 0 1 0
    outer loop
      vertex 47.452 -2.65 -0.487725
      vertex 49.4 -2.65 -4.4
      vertex 47.3923 -2.65 -0.725711
    endloop
  endfacet
  facet normal 0 1 0
    outer loop
      vertex 45.245 -2.65 -2.48796
      vertex 49.4 -2.65 -4.4
      vertex 45 -2.65 -2.5
    endloop
  endfacet
  facet normal 0 1 0
    outer loop
      vertex 45.4877 -2.65 -2.45196
      vertex 49.4 -2.65 -4.4
      vertex 45.245 -2.65 -2.48796
    endloop
  endfacet
  facet normal 0 1 0
    outer loop
      vertex 45.7257 -2.65 -2.39235
      vertex 49.4 -2.65 -4.4
      vertex 45.4877 -2.65 -2.45196
    endloop
  endfacet
  facet normal 0 1 0
    outer loop
      vertex 45.9567 -2.65 -2.3097
      vertex 49.4 -2.65 -4.4
      vertex 45.7257 -2.65 -2.39235
    endloop
  endfacet
  facet normal 0 1 0
    outer loop
      vertex 46.1785 -2.65 -2.2048
      vertex 49.4 -2.65 -4.4
      vertex 45.9567 -2.65 -2.3097
    endloop
  endfacet
  facet normal 0 1 0
    outer loop
      vertex 46.3889 -2.65 -2.07867
      vertex 49.4 -2.65 -4.4
      vertex 46.1785 -2.65 -2.2048
    endloop
  endfacet
  facet normal 0 1 0
    outer loop
      vertex 46.586 -2.65 -1.93253
      vertex 49.4 -2.65 -4.4
      vertex 46.3889 -2.65 -2.07867
    endloop
  endfacet
  facet normal 0 1 0
    outer loop
      vertex 46.7678 -2.65 -1.76777
      vertex 49.4 -2.65 -4.4
      vertex 46.586 -2.65 -1.93253
    endloop
  endfacet
  facet normal 0 1 0
    outer loop
      vertex 46.9325 -2.65 -1.58598
      vertex 49.4 -2.65 -4.4
      vertex 46.7678 -2.65 -1.76777
    endloop
  endfacet
  facet normal 0 1 0
    outer loop
      vertex 47.0787 -2.65 -1.38893
      vertex 49.4 -2.65 -4.4
      vertex 46.9325 -2.65 -1.58598
    endloop
  endfacet
  facet normal 0 1 0
    outer loop
      vertex 47.2048 -2.65 -1.17849
      vertex 49.4 -2.65 -4.4
      vertex 47.0787 -2.65 -1.38893
    endloop
  endfacet
  facet normal 0 1 0
    outer loop
      vertex 47.3097 -2.65 -0.956708
      vertex 49.4 -2.65 -4.4
      vertex 47.2048 -2.65 -1.17849
    endloop
  endfacet
  facet normal 0 1 0
    outer loop
      vertex 47.3923 -2.65 -0.725711
      vertex 49.4 -2.65 -4.4
      vertex 47.3097 -2.65 -0.956708
    endloop
  endfacet
  facet normal 0 1 -0
    outer loop
      vertex 44.755 -2.65 2.48796
      vertex 40.6 -2.65 4.4
      vertex 45 -2.65 2.5
    endloop
  endfacet
  facet normal 0 1 -0
    outer loop
      vertex 44.5123 -2.65 2.45196
      vertex 40.6 -2.65 4.4
      vertex 44.755 -2.65 2.48796
    endloop
  endfacet
  facet normal 0 1 -0
    outer loop
      vertex 44.2743 -2.65 2.39235
      vertex 40.6 -2.65 4.4
      vertex 44.5123 -2.65 2.45196
    endloop
  endfacet
  facet normal 0 1 -0
    outer loop
      vertex 44.0433 -2.65 2.3097
      vertex 40.6 -2.65 4.4
      vertex 44.2743 -2.65 2.39235
    endloop
  endfacet
  facet normal 0 1 -0
    outer loop
      vertex 43.8215 -2.65 2.2048
      vertex 40.6 -2.65 4.4
      vertex 44.0433 -2.65 2.3097
    endloop
  endfacet
  facet normal 0 1 -0
    outer loop
      vertex 43.6111 -2.65 2.07867
      vertex 40.6 -2.65 4.4
      vertex 43.8215 -2.65 2.2048
    endloop
  endfacet
  facet normal 0 1 -0
    outer loop
      vertex 43.414 -2.65 1.93253
      vertex 40.6 -2.65 4.4
      vertex 43.6111 -2.65 2.07867
    endloop
  endfacet
  facet normal 0 1 -0
    outer loop
      vertex 43.2322 -2.65 1.76777
      vertex 40.6 -2.65 4.4
      vertex 43.414 -2.65 1.93253
    endloop
  endfacet
  facet normal 0 1 -0
    outer loop
      vertex 43.0675 -2.65 1.58598
      vertex 40.6 -2.65 4.4
      vertex 43.2322 -2.65 1.76777
    endloop
  endfacet
  facet normal 0 1 -0
    outer loop
      vertex 42.9213 -2.65 1.38893
      vertex 40.6 -2.65 4.4
      vertex 43.0675 -2.65 1.58598
    endloop
  endfacet
  facet normal 0 1 -0
    outer loop
      vertex 42.7952 -2.65 1.17849
      vertex 40.6 -2.65 4.4
      vertex 42.9213 -2.65 1.38893
    endloop
  endfacet
  facet normal 0 1 -0
    outer loop
      vertex 42.6903 -2.65 0.956708
      vertex 40.6 -2.65 4.4
      vertex 42.7952 -2.65 1.17849
    endloop
  endfacet
  facet normal 0 1 -0
    outer loop
      vertex 42.6077 -2.65 0.725711
      vertex 40.6 -2.65 4.4
      vertex 42.6903 -2.65 0.956708
    endloop
  endfacet
  facet normal 0 1 -0
    outer loop
      vertex 42.548 -2.65 0.487725
      vertex 40.6 -2.65 4.4
      vertex 42.6077 -2.65 0.725711
    endloop
  endfacet
  facet normal 0 1 -0
    outer loop
      vertex 42.512 -2.65 0.245043
      vertex 40.6 -2.65 4.4
      vertex 42.548 -2.65 0.487725
    endloop
  endfacet
  facet normal 0 1 -0
    outer loop
      vertex 42.5 -2.65 0
      vertex 40.6 -2.65 4.4
      vertex 42.512 -2.65 0.245043
    endloop
  endfacet
  facet normal 0 1 0
    outer loop
      vertex 40.6 -2.65 -4.4
      vertex 42.5 -2.65 0
      vertex 42.512 -2.65 -0.245043
    endloop
  endfacet
  facet normal 0 1 0
    outer loop
      vertex 40.6 -2.65 -4.4
      vertex 42.512 -2.65 -0.245043
      vertex 42.548 -2.65 -0.487725
    endloop
  endfacet
  facet normal 0 1 0
    outer loop
      vertex 40.6 -2.65 -4.4
      vertex 42.548 -2.65 -0.487725
      vertex 42.6077 -2.65 -0.725711
    endloop
  endfacet
  facet normal 0 1 0
    outer loop
      vertex 40.6 -2.65 -4.4
      vertex 42.6077 -2.65 -0.725711
      vertex 42.6903 -2.65 -0.956708
    endloop
  endfacet
  facet normal 0 1 0
    outer loop
      vertex 40.6 -2.65 -4.4
      vertex 45 -2.65 -2.5
      vertex 49.4 -2.65 -4.4
    endloop
  endfacet
  facet normal 0 1 0
    outer loop
      vertex 45 -2.65 -2.5
      vertex 40.6 -2.65 -4.4
      vertex 44.755 -2.65 -2.48796
    endloop
  endfacet
  facet normal 0 1 0
    outer loop
      vertex 44.755 -2.65 -2.48796
      vertex 40.6 -2.65 -4.4
      vertex 44.5123 -2.65 -2.45196
    endloop
  endfacet
  facet normal 0 1 0
    outer loop
      vertex 44.5123 -2.65 -2.45196
      vertex 40.6 -2.65 -4.4
      vertex 44.2743 -2.65 -2.39235
    endloop
  endfacet
  facet normal 0 1 0
    outer loop
      vertex 42.5 -2.65 0
      vertex 40.6 -2.65 -4.4
      vertex 40.6 -2.65 4.4
    endloop
  endfacet
  facet normal 0 1 0
    outer loop
      vertex 42.7952 -2.65 -1.17849
      vertex 40.6 -2.65 -4.4
      vertex 42.6903 -2.65 -0.956708
    endloop
  endfacet
  facet normal 0 1 0
    outer loop
      vertex 42.9213 -2.65 -1.38893
      vertex 40.6 -2.65 -4.4
      vertex 42.7952 -2.65 -1.17849
    endloop
  endfacet
  facet normal 0 1 0
    outer loop
      vertex 43.0675 -2.65 -1.58598
      vertex 40.6 -2.65 -4.4
      vertex 42.9213 -2.65 -1.38893
    endloop
  endfacet
  facet normal 0 1 0
    outer loop
      vertex 43.2322 -2.65 -1.76777
      vertex 40.6 -2.65 -4.4
      vertex 43.0675 -2.65 -1.58598
    endloop
  endfacet
  facet normal 0 1 0
    outer loop
      vertex 43.414 -2.65 -1.93253
      vertex 40.6 -2.65 -4.4
      vertex 43.2322 -2.65 -1.76777
    endloop
  endfacet
  facet normal 0 1 0
    outer loop
      vertex 43.6111 -2.65 -2.07867
      vertex 40.6 -2.65 -4.4
      vertex 43.414 -2.65 -1.93253
    endloop
  endfacet
  facet normal 0 1 0
    outer loop
      vertex 43.8215 -2.65 -2.2048
      vertex 40.6 -2.65 -4.4
      vertex 43.6111 -2.65 -2.07867
    endloop
  endfacet
  facet normal 0 1 0
    outer loop
      vertex 44.0433 -2.65 -2.3097
      vertex 40.6 -2.65 -4.4
      vertex 43.8215 -2.65 -2.2048
    endloop
  endfacet
  facet normal 0 1 0
    outer loop
      vertex 44.2743 -2.65 -2.39235
      vertex 40.6 -2.65 -4.4
      vertex 44.0433 -2.65 -2.3097
    endloop
  endfacet
  facet normal -0.989176 0 -0.146737
    outer loop
      vertex 47.488 2.65 0.245043
      vertex 47.452 5.5 0.487725
      vertex 47.488 5.5 0.245043
    endloop
  endfacet
  facet normal -0.989176 -0 -0.146737
    outer loop
      vertex 47.452 5.5 0.487725
      vertex 47.488 2.65 0.245043
      vertex 47.452 2.65 0.487725
    endloop
  endfacet
  facet normal -0.989176 0 -0.146737
    outer loop
      vertex 47.488 -5.5 0.245043
      vertex 47.452 -2.65 0.487725
      vertex 47.488 -2.65 0.245043
    endloop
  endfacet
  facet normal -0.989176 -0 -0.146737
    outer loop
      vertex 47.452 -2.65 0.487725
      vertex 47.488 -5.5 0.245043
      vertex 47.452 -5.5 0.487725
    endloop
  endfacet
  facet normal -0.998803 0 -0.0489124
    outer loop
      vertex 47.5 2.65 0
      vertex 47.488 5.5 0.245043
      vertex 47.5 5.5 0
    endloop
  endfacet
  facet normal -0.998803 -0 -0.0489124
    outer loop
      vertex 47.488 5.5 0.245043
      vertex 47.5 2.65 0
      vertex 47.488 2.65 0.245043
    endloop
  endfacet
  facet normal -0.998803 0 -0.0489124
    outer loop
      vertex 47.5 -5.5 0
      vertex 47.488 -2.65 0.245043
      vertex 47.5 -2.65 0
    endloop
  endfacet
  facet normal -0.998803 -0 -0.0489124
    outer loop
      vertex 47.488 -2.65 0.245043
      vertex 47.5 -5.5 0
      vertex 47.488 -5.5 0.245043
    endloop
  endfacet
  facet normal -0.146726 0 0.989177
    outer loop
      vertex 45.245 5.5 -2.48796
      vertex 45.4877 2.65 -2.45196
      vertex 45.4877 5.5 -2.45196
    endloop
  endfacet
  facet normal -0.146726 0 0.989177
    outer loop
      vertex 45.4877 2.65 -2.45196
      vertex 45.245 5.5 -2.48796
      vertex 45.245 2.65 -2.48796
    endloop
  endfacet
  facet normal -0.146726 0 0.989177
    outer loop
      vertex 45.245 -2.65 -2.48796
      vertex 45.4877 -5.5 -2.45196
      vertex 45.4877 -2.65 -2.45196
    endloop
  endfacet
  facet normal -0.146726 0 0.989177
    outer loop
      vertex 45.4877 -5.5 -2.45196
      vertex 45.245 -2.65 -2.48796
      vertex 45.245 -5.5 -2.48796
    endloop
  endfacet
  facet normal -0.941611 0 0.336702
    outer loop
      vertex 47.3097 2.65 -0.956708
      vertex 47.3923 5.5 -0.725711
      vertex 47.3097 5.5 -0.956708
    endloop
  endfacet
  facet normal -0.941611 0 0.336702
    outer loop
      vertex 47.3923 5.5 -0.725711
      vertex 47.3097 2.65 -0.956708
      vertex 47.3923 2.65 -0.725711
    endloop
  endfacet
  facet normal -0.941611 0 0.336702
    outer loop
      vertex 47.3097 -5.5 -0.956708
      vertex 47.3923 -2.65 -0.725711
      vertex 47.3097 -2.65 -0.956708
    endloop
  endfacet
  facet normal -0.941611 0 0.336702
    outer loop
      vertex 47.3923 -2.65 -0.725711
      vertex 47.3097 -5.5 -0.956708
      vertex 47.3923 -5.5 -0.725711
    endloop
  endfacet
  facet normal 0.803095 -0 0.595851
    outer loop
      vertex 42.9213 2.65 -1.38893
      vertex 43.0675 5.5 -1.58598
      vertex 42.9213 5.5 -1.38893
    endloop
  endfacet
  facet normal 0.803095 0 0.595851
    outer loop
      vertex 43.0675 5.5 -1.58598
      vertex 42.9213 2.65 -1.38893
      vertex 43.0675 2.65 -1.58598
    endloop
  endfacet
  facet normal 0.803095 -0 0.595851
    outer loop
      vertex 42.9213 -5.5 -1.38893
      vertex 43.0675 -2.65 -1.58598
      vertex 42.9213 -2.65 -1.38893
    endloop
  endfacet
  facet normal 0.803095 0 0.595851
    outer loop
      vertex 43.0675 -2.65 -1.58598
      vertex 42.9213 -5.5 -1.38893
      vertex 43.0675 -5.5 -1.58598
    endloop
  endfacet
  facet normal 0.941611 0 -0.336702
    outer loop
      vertex 42.6903 2.65 0.956708
      vertex 42.6077 5.5 0.725711
      vertex 42.6903 5.5 0.956708
    endloop
  endfacet
  facet normal 0.941611 0 -0.336702
    outer loop
      vertex 42.6077 5.5 0.725711
      vertex 42.6903 2.65 0.956708
      vertex 42.6077 2.65 0.725711
    endloop
  endfacet
  facet normal 0.941611 0 -0.336702
    outer loop
      vertex 42.6903 -5.5 0.956708
      vertex 42.6077 -2.65 0.725711
      vertex 42.6903 -2.65 0.956708
    endloop
  endfacet
  facet normal 0.941611 0 -0.336702
    outer loop
      vertex 42.6077 -2.65 0.725711
      vertex 42.6903 -5.5 0.956708
      vertex 42.6077 -5.5 0.725711
    endloop
  endfacet
  facet normal 0.741083 0 -0.671414
    outer loop
      vertex 43.2322 2.65 1.76777
      vertex 43.0675 5.5 1.58598
      vertex 43.2322 5.5 1.76777
    endloop
  endfacet
  facet normal 0.741083 0 -0.671414
    outer loop
      vertex 43.0675 5.5 1.58598
      vertex 43.2322 2.65 1.76777
      vertex 43.0675 2.65 1.58598
    endloop
  endfacet
  facet normal 0.741083 0 -0.671414
    outer loop
      vertex 43.2322 -5.5 1.76777
      vertex 43.0675 -2.65 1.58598
      vertex 43.2322 -2.65 1.76777
    endloop
  endfacet
  facet normal 0.741083 0 -0.671414
    outer loop
      vertex 43.0675 -2.65 1.58598
      vertex 43.2322 -5.5 1.76777
      vertex 43.0675 -5.5 1.58598
    endloop
  endfacet
  facet normal -0.671528 0 -0.740979
    outer loop
      vertex 46.586 2.65 1.93253
      vertex 46.7678 5.5 1.76777
      vertex 46.7678 2.65 1.76777
    endloop
  endfacet
  facet normal -0.671528 0 -0.740979
    outer loop
      vertex 46.7678 5.5 1.76777
      vertex 46.586 2.65 1.93253
      vertex 46.586 5.5 1.93253
    endloop
  endfacet
  facet normal -0.671528 0 -0.740979
    outer loop
      vertex 46.586 -5.5 1.93253
      vertex 46.7678 -2.65 1.76777
      vertex 46.7678 -5.5 1.76777
    endloop
  endfacet
  facet normal -0.671528 0 -0.740979
    outer loop
      vertex 46.7678 -2.65 1.76777
      vertex 46.586 -5.5 1.93253
      vertex 46.586 -2.65 1.93253
    endloop
  endfacet
  facet normal 0.514166 0 -0.857691
    outer loop
      vertex 43.6111 2.65 2.07867
      vertex 43.8215 5.5 2.2048
      vertex 43.8215 2.65 2.2048
    endloop
  endfacet
  facet normal 0.514166 0 -0.857691
    outer loop
      vertex 43.8215 5.5 2.2048
      vertex 43.6111 2.65 2.07867
      vertex 43.6111 5.5 2.07867
    endloop
  endfacet
  facet normal 0.514166 0 -0.857691
    outer loop
      vertex 43.6111 -5.5 2.07867
      vertex 43.8215 -2.65 2.2048
      vertex 43.8215 -5.5 2.2048
    endloop
  endfacet
  facet normal 0.514166 0 -0.857691
    outer loop
      vertex 43.8215 -2.65 2.2048
      vertex 43.6111 -5.5 2.07867
      vertex 43.6111 -2.65 2.07867
    endloop
  endfacet
  facet normal -0.514166 0 -0.857691
    outer loop
      vertex 46.1785 2.65 2.2048
      vertex 46.3889 5.5 2.07867
      vertex 46.3889 2.65 2.07867
    endloop
  endfacet
  facet normal -0.514166 0 -0.857691
    outer loop
      vertex 46.3889 5.5 2.07867
      vertex 46.1785 2.65 2.2048
      vertex 46.1785 5.5 2.2048
    endloop
  endfacet
  facet normal -0.514166 0 -0.857691
    outer loop
      vertex 46.1785 -5.5 2.2048
      vertex 46.3889 -2.65 2.07867
      vertex 46.3889 -5.5 2.07867
    endloop
  endfacet
  facet normal -0.514166 0 -0.857691
    outer loop
      vertex 46.3889 -2.65 2.07867
      vertex 46.1785 -5.5 2.2048
      vertex 46.1785 -2.65 2.2048
    endloop
  endfacet
  facet normal -0.969947 0 -0.243316
    outer loop
      vertex 47.452 2.65 0.487725
      vertex 47.3923 5.5 0.725711
      vertex 47.452 5.5 0.487725
    endloop
  endfacet
  facet normal -0.969947 -0 -0.243316
    outer loop
      vertex 47.3923 5.5 0.725711
      vertex 47.452 2.65 0.487725
      vertex 47.3923 2.65 0.725711
    endloop
  endfacet
  facet normal -0.969947 0 -0.243316
    outer loop
      vertex 47.452 -5.5 0.487725
      vertex 47.3923 -2.65 0.725711
      vertex 47.452 -2.65 0.487725
    endloop
  endfacet
  facet normal -0.969947 -0 -0.243316
    outer loop
      vertex 47.3923 -2.65 0.725711
      vertex 47.452 -5.5 0.487725
      vertex 47.3923 -5.5 0.725711
    endloop
  endfacet
  facet normal 0.671528 0 -0.740979
    outer loop
      vertex 43.2322 2.65 1.76777
      vertex 43.414 5.5 1.93253
      vertex 43.414 2.65 1.93253
    endloop
  endfacet
  facet normal 0.671528 0 -0.740979
    outer loop
      vertex 43.414 5.5 1.93253
      vertex 43.2322 2.65 1.76777
      vertex 43.2322 5.5 1.76777
    endloop
  endfacet
  facet normal 0.671528 0 -0.740979
    outer loop
      vertex 43.2322 -5.5 1.76777
      vertex 43.414 -2.65 1.93253
      vertex 43.414 -5.5 1.93253
    endloop
  endfacet
  facet normal 0.671528 0 -0.740979
    outer loop
      vertex 43.414 -2.65 1.93253
      vertex 43.2322 -5.5 1.76777
      vertex 43.2322 -2.65 1.76777
    endloop
  endfacet
  facet normal -0.595596 0 -0.803284
    outer loop
      vertex 46.3889 2.65 2.07867
      vertex 46.586 5.5 1.93253
      vertex 46.586 2.65 1.93253
    endloop
  endfacet
  facet normal -0.595596 0 -0.803284
    outer loop
      vertex 46.586 5.5 1.93253
      vertex 46.3889 2.65 2.07867
      vertex 46.3889 5.5 2.07867
    endloop
  endfacet
  facet normal -0.595596 0 -0.803284
    outer loop
      vertex 46.3889 -5.5 2.07867
      vertex 46.586 -2.65 1.93253
      vertex 46.586 -5.5 1.93253
    endloop
  endfacet
  facet normal -0.595596 0 -0.803284
    outer loop
      vertex 46.586 -2.65 1.93253
      vertex 46.3889 -5.5 2.07867
      vertex 46.3889 -2.65 2.07867
    endloop
  endfacet
  facet normal 0.146726 0 0.989177
    outer loop
      vertex 44.5123 5.5 -2.45196
      vertex 44.755 2.65 -2.48796
      vertex 44.755 5.5 -2.48796
    endloop
  endfacet
  facet normal 0.146726 0 0.989177
    outer loop
      vertex 44.755 2.65 -2.48796
      vertex 44.5123 5.5 -2.45196
      vertex 44.5123 2.65 -2.45196
    endloop
  endfacet
  facet normal 0.146726 0 0.989177
    outer loop
      vertex 44.5123 -2.65 -2.45196
      vertex 44.755 -5.5 -2.48796
      vertex 44.755 -2.65 -2.48796
    endloop
  endfacet
  facet normal 0.146726 0 0.989177
    outer loop
      vertex 44.755 -5.5 -2.48796
      vertex 44.5123 -2.65 -2.45196
      vertex 44.5123 -5.5 -2.45196
    endloop
  endfacet
  facet normal 0.0490836 0 -0.998795
    outer loop
      vertex 44.755 2.65 2.48796
      vertex 45 5.5 2.5
      vertex 45 2.65 2.5
    endloop
  endfacet
  facet normal 0.0490836 0 -0.998795
    outer loop
      vertex 45 5.5 2.5
      vertex 44.755 2.65 2.48796
      vertex 44.755 5.5 2.48796
    endloop
  endfacet
  facet normal 0.0490836 0 -0.998795
    outer loop
      vertex 44.755 -5.5 2.48796
      vertex 45 -2.65 2.5
      vertex 45 -5.5 2.5
    endloop
  endfacet
  facet normal 0.0490836 0 -0.998795
    outer loop
      vertex 45 -2.65 2.5
      vertex 44.755 -5.5 2.48796
      vertex 44.755 -2.65 2.48796
    endloop
  endfacet
  facet normal -0.336879 0 -0.941548
    outer loop
      vertex 45.7257 2.65 2.39235
      vertex 45.9567 5.5 2.3097
      vertex 45.9567 2.65 2.3097
    endloop
  endfacet
  facet normal -0.336879 0 -0.941548
    outer loop
      vertex 45.9567 5.5 2.3097
      vertex 45.7257 2.65 2.39235
      vertex 45.7257 5.5 2.39235
    endloop
  endfacet
  facet normal -0.336879 0 -0.941548
    outer loop
      vertex 45.7257 -5.5 2.39235
      vertex 45.9567 -2.65 2.3097
      vertex 45.9567 -5.5 2.3097
    endloop
  endfacet
  facet normal -0.336879 0 -0.941548
    outer loop
      vertex 45.9567 -2.65 2.3097
      vertex 45.7257 -5.5 2.39235
      vertex 45.7257 -2.65 2.39235
    endloop
  endfacet
  facet normal -0.903982 0 0.427572
    outer loop
      vertex 47.2048 2.65 -1.17849
      vertex 47.3097 5.5 -0.956708
      vertex 47.2048 5.5 -1.17849
    endloop
  endfacet
  facet normal -0.903982 0 0.427572
    outer loop
      vertex 47.3097 5.5 -0.956708
      vertex 47.2048 2.65 -1.17849
      vertex 47.3097 2.65 -0.956708
    endloop
  endfacet
  facet normal -0.903982 0 0.427572
    outer loop
      vertex 47.2048 -5.5 -1.17849
      vertex 47.3097 -2.65 -0.956708
      vertex 47.2048 -2.65 -1.17849
    endloop
  endfacet
  facet normal -0.903982 0 0.427572
    outer loop
      vertex 47.3097 -2.65 -0.956708
      vertex 47.2048 -5.5 -1.17849
      vertex 47.3097 -5.5 -0.956708
    endloop
  endfacet
  facet normal 0.857788 0 -0.514004
    outer loop
      vertex 42.9213 2.65 1.38893
      vertex 42.7952 5.5 1.17849
      vertex 42.9213 5.5 1.38893
    endloop
  endfacet
  facet normal 0.857788 0 -0.514004
    outer loop
      vertex 42.7952 5.5 1.17849
      vertex 42.9213 2.65 1.38893
      vertex 42.7952 2.65 1.17849
    endloop
  endfacet
  facet normal 0.857788 0 -0.514004
    outer loop
      vertex 42.9213 -5.5 1.38893
      vertex 42.7952 -2.65 1.17849
      vertex 42.9213 -2.65 1.38893
    endloop
  endfacet
  facet normal 0.857788 0 -0.514004
    outer loop
      vertex 42.7952 -2.65 1.17849
      vertex 42.9213 -5.5 1.38893
      vertex 42.7952 -5.5 1.17849
    endloop
  endfacet
  facet normal 0.998803 -0 0.0489124
    outer loop
      vertex 42.5 2.65 0
      vertex 42.512 5.5 -0.245043
      vertex 42.5 5.5 0
    endloop
  endfacet
  facet normal 0.998803 0 0.0489124
    outer loop
      vertex 42.512 5.5 -0.245043
      vertex 42.5 2.65 0
      vertex 42.512 2.65 -0.245043
    endloop
  endfacet
  facet normal 0.998803 -0 0.0489124
    outer loop
      vertex 42.5 -5.5 0
      vertex 42.512 -2.65 -0.245043
      vertex 42.5 -2.65 0
    endloop
  endfacet
  facet normal 0.998803 0 0.0489124
    outer loop
      vertex 42.512 -2.65 -0.245043
      vertex 42.5 -5.5 0
      vertex 42.512 -5.5 -0.245043
    endloop
  endfacet
  facet normal -0.857788 0 0.514004
    outer loop
      vertex 47.0787 2.65 -1.38893
      vertex 47.2048 5.5 -1.17849
      vertex 47.0787 5.5 -1.38893
    endloop
  endfacet
  facet normal -0.857788 0 0.514004
    outer loop
      vertex 47.2048 5.5 -1.17849
      vertex 47.0787 2.65 -1.38893
      vertex 47.2048 2.65 -1.17849
    endloop
  endfacet
  facet normal -0.857788 0 0.514004
    outer loop
      vertex 47.0787 -5.5 -1.38893
      vertex 47.2048 -2.65 -1.17849
      vertex 47.0787 -2.65 -1.38893
    endloop
  endfacet
  facet normal -0.857788 0 0.514004
    outer loop
      vertex 47.2048 -2.65 -1.17849
      vertex 47.0787 -5.5 -1.38893
      vertex 47.2048 -5.5 -1.17849
    endloop
  endfacet
  facet normal 0.989176 0 -0.146737
    outer loop
      vertex 42.548 2.65 0.487725
      vertex 42.512 5.5 0.245043
      vertex 42.548 5.5 0.487725
    endloop
  endfacet
  facet normal 0.989176 0 -0.146737
    outer loop
      vertex 42.512 5.5 0.245043
      vertex 42.548 2.65 0.487725
      vertex 42.512 2.65 0.245043
    endloop
  endfacet
  facet normal 0.989176 0 -0.146737
    outer loop
      vertex 42.548 -5.5 0.487725
      vertex 42.512 -2.65 0.245043
      vertex 42.548 -2.65 0.487725
    endloop
  endfacet
  facet normal 0.989176 0 -0.146737
    outer loop
      vertex 42.512 -2.65 0.245043
      vertex 42.548 -5.5 0.487725
      vertex 42.512 -5.5 0.245043
    endloop
  endfacet
  facet normal 0.0490836 0 0.998795
    outer loop
      vertex 44.755 5.5 -2.48796
      vertex 45 2.65 -2.5
      vertex 45 5.5 -2.5
    endloop
  endfacet
  facet normal 0.0490836 0 0.998795
    outer loop
      vertex 45 2.65 -2.5
      vertex 44.755 5.5 -2.48796
      vertex 44.755 2.65 -2.48796
    endloop
  endfacet
  facet normal 0.0490836 0 0.998795
    outer loop
      vertex 44.755 -2.65 -2.48796
      vertex 45 -5.5 -2.5
      vertex 45 -2.65 -2.5
    endloop
  endfacet
  facet normal 0.0490836 0 0.998795
    outer loop
      vertex 45 -5.5 -2.5
      vertex 44.755 -2.65 -2.48796
      vertex 44.755 -5.5 -2.48796
    endloop
  endfacet
  facet normal -0.998803 0 0.0489124
    outer loop
      vertex 47.488 2.65 -0.245043
      vertex 47.5 5.5 0
      vertex 47.488 5.5 -0.245043
    endloop
  endfacet
  facet normal -0.998803 0 0.0489124
    outer loop
      vertex 47.5 5.5 0
      vertex 47.488 2.65 -0.245043
      vertex 47.5 2.65 0
    endloop
  endfacet
  facet normal -0.998803 0 0.0489124
    outer loop
      vertex 47.488 -5.5 -0.245043
      vertex 47.5 -2.65 0
      vertex 47.488 -2.65 -0.245043
    endloop
  endfacet
  facet normal -0.998803 0 0.0489124
    outer loop
      vertex 47.5 -2.65 0
      vertex 47.488 -5.5 -0.245043
      vertex 47.5 -5.5 0
    endloop
  endfacet
  facet normal 0.903982 -0 0.427572
    outer loop
      vertex 42.6903 2.65 -0.956708
      vertex 42.7952 5.5 -1.17849
      vertex 42.6903 5.5 -0.956708
    endloop
  endfacet
  facet normal 0.903982 0 0.427572
    outer loop
      vertex 42.7952 5.5 -1.17849
      vertex 42.6903 2.65 -0.956708
      vertex 42.7952 2.65 -1.17849
    endloop
  endfacet
  facet normal 0.903982 -0 0.427572
    outer loop
      vertex 42.6903 -5.5 -0.956708
      vertex 42.7952 -2.65 -1.17849
      vertex 42.6903 -2.65 -0.956708
    endloop
  endfacet
  facet normal 0.903982 0 0.427572
    outer loop
      vertex 42.7952 -2.65 -1.17849
      vertex 42.6903 -5.5 -0.956708
      vertex 42.7952 -5.5 -1.17849
    endloop
  endfacet
  facet normal -0.514166 0 0.857691
    outer loop
      vertex 46.1785 5.5 -2.2048
      vertex 46.3889 2.65 -2.07867
      vertex 46.3889 5.5 -2.07867
    endloop
  endfacet
  facet normal -0.514166 0 0.857691
    outer loop
      vertex 46.3889 2.65 -2.07867
      vertex 46.1785 5.5 -2.2048
      vertex 46.1785 2.65 -2.2048
    endloop
  endfacet
  facet normal -0.514166 0 0.857691
    outer loop
      vertex 46.1785 -2.65 -2.2048
      vertex 46.3889 -5.5 -2.07867
      vertex 46.3889 -2.65 -2.07867
    endloop
  endfacet
  facet normal -0.514166 0 0.857691
    outer loop
      vertex 46.3889 -5.5 -2.07867
      vertex 46.1785 -2.65 -2.2048
      vertex 46.1785 -5.5 -2.2048
    endloop
  endfacet
  facet normal 0.242958 0 -0.970037
    outer loop
      vertex 44.2743 2.65 2.39235
      vertex 44.5123 5.5 2.45196
      vertex 44.5123 2.65 2.45196
    endloop
  endfacet
  facet normal 0.242958 0 -0.970037
    outer loop
      vertex 44.5123 5.5 2.45196
      vertex 44.2743 2.65 2.39235
      vertex 44.2743 5.5 2.39235
    endloop
  endfacet
  facet normal 0.242958 0 -0.970037
    outer loop
      vertex 44.2743 -5.5 2.39235
      vertex 44.5123 -2.65 2.45196
      vertex 44.5123 -5.5 2.45196
    endloop
  endfacet
  facet normal 0.242958 0 -0.970037
    outer loop
      vertex 44.5123 -2.65 2.45196
      vertex 44.2743 -5.5 2.39235
      vertex 44.2743 -2.65 2.39235
    endloop
  endfacet
  facet normal -0.903982 0 -0.427572
    outer loop
      vertex 47.3097 2.65 0.956708
      vertex 47.2048 5.5 1.17849
      vertex 47.3097 5.5 0.956708
    endloop
  endfacet
  facet normal -0.903982 -0 -0.427572
    outer loop
      vertex 47.2048 5.5 1.17849
      vertex 47.3097 2.65 0.956708
      vertex 47.2048 2.65 1.17849
    endloop
  endfacet
  facet normal -0.903982 0 -0.427572
    outer loop
      vertex 47.3097 -5.5 0.956708
      vertex 47.2048 -2.65 1.17849
      vertex 47.3097 -2.65 0.956708
    endloop
  endfacet
  facet normal -0.903982 -0 -0.427572
    outer loop
      vertex 47.2048 -2.65 1.17849
      vertex 47.3097 -5.5 0.956708
      vertex 47.2048 -5.5 1.17849
    endloop
  endfacet
  facet normal 0.427543 0 -0.903995
    outer loop
      vertex 43.8215 2.65 2.2048
      vertex 44.0433 5.5 2.3097
      vertex 44.0433 2.65 2.3097
    endloop
  endfacet
  facet normal 0.427543 0 -0.903995
    outer loop
      vertex 44.0433 5.5 2.3097
      vertex 43.8215 2.65 2.2048
      vertex 43.8215 5.5 2.2048
    endloop
  endfacet
  facet normal 0.427543 0 -0.903995
    outer loop
      vertex 43.8215 -5.5 2.2048
      vertex 44.0433 -2.65 2.3097
      vertex 44.0433 -5.5 2.3097
    endloop
  endfacet
  facet normal 0.427543 0 -0.903995
    outer loop
      vertex 44.0433 -2.65 2.3097
      vertex 43.8215 -5.5 2.2048
      vertex 43.8215 -2.65 2.2048
    endloop
  endfacet
  facet normal -0.857788 0 -0.514004
    outer loop
      vertex 47.2048 2.65 1.17849
      vertex 47.0787 5.5 1.38893
      vertex 47.2048 5.5 1.17849
    endloop
  endfacet
  facet normal -0.857788 -0 -0.514004
    outer loop
      vertex 47.0787 5.5 1.38893
      vertex 47.2048 2.65 1.17849
      vertex 47.0787 2.65 1.38893
    endloop
  endfacet
  facet normal -0.857788 0 -0.514004
    outer loop
      vertex 47.2048 -5.5 1.17849
      vertex 47.0787 -2.65 1.38893
      vertex 47.2048 -2.65 1.17849
    endloop
  endfacet
  facet normal -0.857788 -0 -0.514004
    outer loop
      vertex 47.0787 -2.65 1.38893
      vertex 47.2048 -5.5 1.17849
      vertex 47.0787 -5.5 1.38893
    endloop
  endfacet
  facet normal -0.427543 0 0.903995
    outer loop
      vertex 45.9567 5.5 -2.3097
      vertex 46.1785 2.65 -2.2048
      vertex 46.1785 5.5 -2.2048
    endloop
  endfacet
  facet normal -0.427543 0 0.903995
    outer loop
      vertex 46.1785 2.65 -2.2048
      vertex 45.9567 5.5 -2.3097
      vertex 45.9567 2.65 -2.3097
    endloop
  endfacet
  facet normal -0.427543 0 0.903995
    outer loop
      vertex 45.9567 -2.65 -2.3097
      vertex 46.1785 -5.5 -2.2048
      vertex 46.1785 -2.65 -2.2048
    endloop
  endfacet
  facet normal -0.427543 0 0.903995
    outer loop
      vertex 46.1785 -5.5 -2.2048
      vertex 45.9567 -2.65 -2.3097
      vertex 45.9567 -5.5 -2.3097
    endloop
  endfacet
  facet normal 0.969947 -0 0.243316
    outer loop
      vertex 42.548 2.65 -0.487725
      vertex 42.6077 5.5 -0.725711
      vertex 42.548 5.5 -0.487725
    endloop
  endfacet
  facet normal 0.969947 0 0.243316
    outer loop
      vertex 42.6077 5.5 -0.725711
      vertex 42.548 2.65 -0.487725
      vertex 42.6077 2.65 -0.725711
    endloop
  endfacet
  facet normal 0.969947 -0 0.243316
    outer loop
      vertex 42.548 -5.5 -0.487725
      vertex 42.6077 -2.65 -0.725711
      vertex 42.548 -2.65 -0.487725
    endloop
  endfacet
  facet normal 0.969947 0 0.243316
    outer loop
      vertex 42.6077 -2.65 -0.725711
      vertex 42.548 -5.5 -0.487725
      vertex 42.6077 -5.5 -0.725711
    endloop
  endfacet
  facet normal 0.941611 -0 0.336702
    outer loop
      vertex 42.6077 2.65 -0.725711
      vertex 42.6903 5.5 -0.956708
      vertex 42.6077 5.5 -0.725711
    endloop
  endfacet
  facet normal 0.941611 0 0.336702
    outer loop
      vertex 42.6903 5.5 -0.956708
      vertex 42.6077 2.65 -0.725711
      vertex 42.6903 2.65 -0.956708
    endloop
  endfacet
  facet normal 0.941611 -0 0.336702
    outer loop
      vertex 42.6077 -5.5 -0.725711
      vertex 42.6903 -2.65 -0.956708
      vertex 42.6077 -2.65 -0.725711
    endloop
  endfacet
  facet normal 0.941611 0 0.336702
    outer loop
      vertex 42.6903 -2.65 -0.956708
      vertex 42.6077 -5.5 -0.725711
      vertex 42.6903 -5.5 -0.956708
    endloop
  endfacet
  facet normal -0.741083 0 0.671414
    outer loop
      vertex 46.7678 2.65 -1.76777
      vertex 46.9325 5.5 -1.58598
      vertex 46.7678 5.5 -1.76777
    endloop
  endfacet
  facet normal -0.741083 0 0.671414
    outer loop
      vertex 46.9325 5.5 -1.58598
      vertex 46.7678 2.65 -1.76777
      vertex 46.9325 2.65 -1.58598
    endloop
  endfacet
  facet normal -0.741083 0 0.671414
    outer loop
      vertex 46.7678 -5.5 -1.76777
      vertex 46.9325 -2.65 -1.58598
      vertex 46.7678 -2.65 -1.76777
    endloop
  endfacet
  facet normal -0.741083 0 0.671414
    outer loop
      vertex 46.9325 -2.65 -1.58598
      vertex 46.7678 -5.5 -1.76777
      vertex 46.9325 -5.5 -1.58598
    endloop
  endfacet
  facet normal 0.998803 0 -0.0489124
    outer loop
      vertex 42.512 2.65 0.245043
      vertex 42.5 5.5 0
      vertex 42.512 5.5 0.245043
    endloop
  endfacet
  facet normal 0.998803 0 -0.0489124
    outer loop
      vertex 42.5 5.5 0
      vertex 42.512 2.65 0.245043
      vertex 42.5 2.65 0
    endloop
  endfacet
  facet normal 0.998803 0 -0.0489124
    outer loop
      vertex 42.512 -5.5 0.245043
      vertex 42.5 -2.65 0
      vertex 42.512 -2.65 0.245043
    endloop
  endfacet
  facet normal 0.998803 0 -0.0489124
    outer loop
      vertex 42.5 -2.65 0
      vertex 42.512 -5.5 0.245043
      vertex 42.5 -5.5 0
    endloop
  endfacet
  facet normal 0.336879 0 0.941548
    outer loop
      vertex 44.0433 5.5 -2.3097
      vertex 44.2743 2.65 -2.39235
      vertex 44.2743 5.5 -2.39235
    endloop
  endfacet
  facet normal 0.336879 0 0.941548
    outer loop
      vertex 44.2743 2.65 -2.39235
      vertex 44.0433 5.5 -2.3097
      vertex 44.0433 2.65 -2.3097
    endloop
  endfacet
  facet normal 0.336879 0 0.941548
    outer loop
      vertex 44.0433 -2.65 -2.3097
      vertex 44.2743 -5.5 -2.39235
      vertex 44.2743 -2.65 -2.39235
    endloop
  endfacet
  facet normal 0.336879 0 0.941548
    outer loop
      vertex 44.2743 -5.5 -2.39235
      vertex 44.0433 -2.65 -2.3097
      vertex 44.0433 -5.5 -2.3097
    endloop
  endfacet
  facet normal 0.336879 0 -0.941548
    outer loop
      vertex 44.0433 2.65 2.3097
      vertex 44.2743 5.5 2.39235
      vertex 44.2743 2.65 2.39235
    endloop
  endfacet
  facet normal 0.336879 0 -0.941548
    outer loop
      vertex 44.2743 5.5 2.39235
      vertex 44.0433 2.65 2.3097
      vertex 44.0433 5.5 2.3097
    endloop
  endfacet
  facet normal 0.336879 0 -0.941548
    outer loop
      vertex 44.0433 -5.5 2.3097
      vertex 44.2743 -2.65 2.39235
      vertex 44.2743 -5.5 2.39235
    endloop
  endfacet
  facet normal 0.336879 0 -0.941548
    outer loop
      vertex 44.2743 -2.65 2.39235
      vertex 44.0433 -5.5 2.3097
      vertex 44.0433 -2.65 2.3097
    endloop
  endfacet
  facet normal -0.803095 0 -0.595851
    outer loop
      vertex 47.0787 2.65 1.38893
      vertex 46.9325 5.5 1.58598
      vertex 47.0787 5.5 1.38893
    endloop
  endfacet
  facet normal -0.803095 -0 -0.595851
    outer loop
      vertex 46.9325 5.5 1.58598
      vertex 47.0787 2.65 1.38893
      vertex 46.9325 2.65 1.58598
    endloop
  endfacet
  facet normal -0.803095 0 -0.595851
    outer loop
      vertex 47.0787 -5.5 1.38893
      vertex 46.9325 -2.65 1.58598
      vertex 47.0787 -2.65 1.38893
    endloop
  endfacet
  facet normal -0.803095 -0 -0.595851
    outer loop
      vertex 46.9325 -2.65 1.58598
      vertex 47.0787 -5.5 1.38893
      vertex 46.9325 -5.5 1.58598
    endloop
  endfacet
  facet normal 0.595596 0 -0.803284
    outer loop
      vertex 43.414 2.65 1.93253
      vertex 43.6111 5.5 2.07867
      vertex 43.6111 2.65 2.07867
    endloop
  endfacet
  facet normal 0.595596 0 -0.803284
    outer loop
      vertex 43.6111 5.5 2.07867
      vertex 43.414 2.65 1.93253
      vertex 43.414 5.5 1.93253
    endloop
  endfacet
  facet normal 0.595596 0 -0.803284
    outer loop
      vertex 43.414 -5.5 1.93253
      vertex 43.6111 -2.65 2.07867
      vertex 43.6111 -5.5 2.07867
    endloop
  endfacet
  facet normal 0.595596 0 -0.803284
    outer loop
      vertex 43.6111 -2.65 2.07867
      vertex 43.414 -5.5 1.93253
      vertex 43.414 -2.65 1.93253
    endloop
  endfacet
  facet normal 0.514166 0 0.857691
    outer loop
      vertex 43.6111 5.5 -2.07867
      vertex 43.8215 2.65 -2.2048
      vertex 43.8215 5.5 -2.2048
    endloop
  endfacet
  facet normal 0.514166 0 0.857691
    outer loop
      vertex 43.8215 2.65 -2.2048
      vertex 43.6111 5.5 -2.07867
      vertex 43.6111 2.65 -2.07867
    endloop
  endfacet
  facet normal 0.514166 0 0.857691
    outer loop
      vertex 43.6111 -2.65 -2.07867
      vertex 43.8215 -5.5 -2.2048
      vertex 43.8215 -2.65 -2.2048
    endloop
  endfacet
  facet normal 0.514166 0 0.857691
    outer loop
      vertex 43.8215 -5.5 -2.2048
      vertex 43.6111 -2.65 -2.07867
      vertex 43.6111 -5.5 -2.07867
    endloop
  endfacet
  facet normal -0.0490836 0 0.998795
    outer loop
      vertex 45 5.5 -2.5
      vertex 45.245 2.65 -2.48796
      vertex 45.245 5.5 -2.48796
    endloop
  endfacet
  facet normal -0.0490836 0 0.998795
    outer loop
      vertex 45.245 2.65 -2.48796
      vertex 45 5.5 -2.5
      vertex 45 2.65 -2.5
    endloop
  endfacet
  facet normal -0.0490836 0 0.998795
    outer loop
      vertex 45 -2.65 -2.5
      vertex 45.245 -5.5 -2.48796
      vertex 45.245 -2.65 -2.48796
    endloop
  endfacet
  facet normal -0.0490836 0 0.998795
    outer loop
      vertex 45.245 -5.5 -2.48796
      vertex 45 -2.65 -2.5
      vertex 45 -5.5 -2.5
    endloop
  endfacet
  facet normal -0.242958 0 -0.970037
    outer loop
      vertex 45.4877 2.65 2.45196
      vertex 45.7257 5.5 2.39235
      vertex 45.7257 2.65 2.39235
    endloop
  endfacet
  facet normal -0.242958 0 -0.970037
    outer loop
      vertex 45.7257 5.5 2.39235
      vertex 45.4877 2.65 2.45196
      vertex 45.4877 5.5 2.45196
    endloop
  endfacet
  facet normal -0.242958 0 -0.970037
    outer loop
      vertex 45.4877 -5.5 2.45196
      vertex 45.7257 -2.65 2.39235
      vertex 45.7257 -5.5 2.39235
    endloop
  endfacet
  facet normal -0.242958 0 -0.970037
    outer loop
      vertex 45.7257 -2.65 2.39235
      vertex 45.4877 -5.5 2.45196
      vertex 45.4877 -2.65 2.45196
    endloop
  endfacet
  facet normal -0.595596 0 0.803284
    outer loop
      vertex 46.3889 5.5 -2.07867
      vertex 46.586 2.65 -1.93253
      vertex 46.586 5.5 -1.93253
    endloop
  endfacet
  facet normal -0.595596 0 0.803284
    outer loop
      vertex 46.586 2.65 -1.93253
      vertex 46.3889 5.5 -2.07867
      vertex 46.3889 2.65 -2.07867
    endloop
  endfacet
  facet normal -0.595596 0 0.803284
    outer loop
      vertex 46.3889 -2.65 -2.07867
      vertex 46.586 -5.5 -1.93253
      vertex 46.586 -2.65 -1.93253
    endloop
  endfacet
  facet normal -0.595596 0 0.803284
    outer loop
      vertex 46.586 -5.5 -1.93253
      vertex 46.3889 -2.65 -2.07867
      vertex 46.3889 -5.5 -2.07867
    endloop
  endfacet
  facet normal 0.595596 0 0.803284
    outer loop
      vertex 43.414 5.5 -1.93253
      vertex 43.6111 2.65 -2.07867
      vertex 43.6111 5.5 -2.07867
    endloop
  endfacet
  facet normal 0.595596 0 0.803284
    outer loop
      vertex 43.6111 2.65 -2.07867
      vertex 43.414 5.5 -1.93253
      vertex 43.414 2.65 -1.93253
    endloop
  endfacet
  facet normal 0.595596 0 0.803284
    outer loop
      vertex 43.414 -2.65 -1.93253
      vertex 43.6111 -5.5 -2.07867
      vertex 43.6111 -2.65 -2.07867
    endloop
  endfacet
  facet normal 0.595596 0 0.803284
    outer loop
      vertex 43.6111 -5.5 -2.07867
      vertex 43.414 -2.65 -1.93253
      vertex 43.414 -5.5 -1.93253
    endloop
  endfacet
  facet normal -0.0490836 0 -0.998795
    outer loop
      vertex 45 2.65 2.5
      vertex 45.245 5.5 2.48796
      vertex 45.245 2.65 2.48796
    endloop
  endfacet
  facet normal -0.0490836 0 -0.998795
    outer loop
      vertex 45.245 5.5 2.48796
      vertex 45 2.65 2.5
      vertex 45 5.5 2.5
    endloop
  endfacet
  facet normal -0.0490836 0 -0.998795
    outer loop
      vertex 45 -5.5 2.5
      vertex 45.245 -2.65 2.48796
      vertex 45.245 -5.5 2.48796
    endloop
  endfacet
  facet normal -0.0490836 0 -0.998795
    outer loop
      vertex 45.245 -2.65 2.48796
      vertex 45 -5.5 2.5
      vertex 45 -2.65 2.5
    endloop
  endfacet
  facet normal -0.146726 0 -0.989177
    outer loop
      vertex 45.245 2.65 2.48796
      vertex 45.4877 5.5 2.45196
      vertex 45.4877 2.65 2.45196
    endloop
  endfacet
  facet normal -0.146726 0 -0.989177
    outer loop
      vertex 45.4877 5.5 2.45196
      vertex 45.245 2.65 2.48796
      vertex 45.245 5.5 2.48796
    endloop
  endfacet
  facet normal -0.146726 0 -0.989177
    outer loop
      vertex 45.245 -5.5 2.48796
      vertex 45.4877 -2.65 2.45196
      vertex 45.4877 -5.5 2.45196
    endloop
  endfacet
  facet normal -0.146726 0 -0.989177
    outer loop
      vertex 45.4877 -2.65 2.45196
      vertex 45.245 -5.5 2.48796
      vertex 45.245 -2.65 2.48796
    endloop
  endfacet
  facet normal -0.427543 0 -0.903995
    outer loop
      vertex 45.9567 2.65 2.3097
      vertex 46.1785 5.5 2.2048
      vertex 46.1785 2.65 2.2048
    endloop
  endfacet
  facet normal -0.427543 0 -0.903995
    outer loop
      vertex 46.1785 5.5 2.2048
      vertex 45.9567 2.65 2.3097
      vertex 45.9567 5.5 2.3097
    endloop
  endfacet
  facet normal -0.427543 0 -0.903995
    outer loop
      vertex 45.9567 -5.5 2.3097
      vertex 46.1785 -2.65 2.2048
      vertex 46.1785 -5.5 2.2048
    endloop
  endfacet
  facet normal -0.427543 0 -0.903995
    outer loop
      vertex 46.1785 -2.65 2.2048
      vertex 45.9567 -5.5 2.3097
      vertex 45.9567 -2.65 2.3097
    endloop
  endfacet
  facet normal 0.803095 0 -0.595851
    outer loop
      vertex 43.0675 2.65 1.58598
      vertex 42.9213 5.5 1.38893
      vertex 43.0675 5.5 1.58598
    endloop
  endfacet
  facet normal 0.803095 0 -0.595851
    outer loop
      vertex 42.9213 5.5 1.38893
      vertex 43.0675 2.65 1.58598
      vertex 42.9213 2.65 1.38893
    endloop
  endfacet
  facet normal 0.803095 0 -0.595851
    outer loop
      vertex 43.0675 -5.5 1.58598
      vertex 42.9213 -2.65 1.38893
      vertex 43.0675 -2.65 1.58598
    endloop
  endfacet
  facet normal 0.803095 0 -0.595851
    outer loop
      vertex 42.9213 -2.65 1.38893
      vertex 43.0675 -5.5 1.58598
      vertex 42.9213 -5.5 1.38893
    endloop
  endfacet
  facet normal 0.427543 0 0.903995
    outer loop
      vertex 43.8215 5.5 -2.2048
      vertex 44.0433 2.65 -2.3097
      vertex 44.0433 5.5 -2.3097
    endloop
  endfacet
  facet normal 0.427543 0 0.903995
    outer loop
      vertex 44.0433 2.65 -2.3097
      vertex 43.8215 5.5 -2.2048
      vertex 43.8215 2.65 -2.2048
    endloop
  endfacet
  facet normal 0.427543 0 0.903995
    outer loop
      vertex 43.8215 -2.65 -2.2048
      vertex 44.0433 -5.5 -2.3097
      vertex 44.0433 -2.65 -2.3097
    endloop
  endfacet
  facet normal 0.427543 0 0.903995
    outer loop
      vertex 44.0433 -5.5 -2.3097
      vertex 43.8215 -2.65 -2.2048
      vertex 43.8215 -5.5 -2.2048
    endloop
  endfacet
  facet normal -0.989176 0 0.146737
    outer loop
      vertex 47.452 2.65 -0.487725
      vertex 47.488 5.5 -0.245043
      vertex 47.452 5.5 -0.487725
    endloop
  endfacet
  facet normal -0.989176 0 0.146737
    outer loop
      vertex 47.488 5.5 -0.245043
      vertex 47.452 2.65 -0.487725
      vertex 47.488 2.65 -0.245043
    endloop
  endfacet
  facet normal -0.989176 0 0.146737
    outer loop
      vertex 47.452 -5.5 -0.487725
      vertex 47.488 -2.65 -0.245043
      vertex 47.452 -2.65 -0.487725
    endloop
  endfacet
  facet normal -0.989176 0 0.146737
    outer loop
      vertex 47.488 -2.65 -0.245043
      vertex 47.452 -5.5 -0.487725
      vertex 47.488 -5.5 -0.245043
    endloop
  endfacet
  facet normal 0.242958 0 0.970037
    outer loop
      vertex 44.2743 5.5 -2.39235
      vertex 44.5123 2.65 -2.45196
      vertex 44.5123 5.5 -2.45196
    endloop
  endfacet
  facet normal 0.242958 0 0.970037
    outer loop
      vertex 44.5123 2.65 -2.45196
      vertex 44.2743 5.5 -2.39235
      vertex 44.2743 2.65 -2.39235
    endloop
  endfacet
  facet normal 0.242958 0 0.970037
    outer loop
      vertex 44.2743 -2.65 -2.39235
      vertex 44.5123 -5.5 -2.45196
      vertex 44.5123 -2.65 -2.45196
    endloop
  endfacet
  facet normal 0.242958 0 0.970037
    outer loop
      vertex 44.5123 -5.5 -2.45196
      vertex 44.2743 -2.65 -2.39235
      vertex 44.2743 -5.5 -2.39235
    endloop
  endfacet
  facet normal -0.941611 0 -0.336702
    outer loop
      vertex 47.3923 2.65 0.725711
      vertex 47.3097 5.5 0.956708
      vertex 47.3923 5.5 0.725711
    endloop
  endfacet
  facet normal -0.941611 -0 -0.336702
    outer loop
      vertex 47.3097 5.5 0.956708
      vertex 47.3923 2.65 0.725711
      vertex 47.3097 2.65 0.956708
    endloop
  endfacet
  facet normal -0.941611 0 -0.336702
    outer loop
      vertex 47.3923 -5.5 0.725711
      vertex 47.3097 -2.65 0.956708
      vertex 47.3923 -2.65 0.725711
    endloop
  endfacet
  facet normal -0.941611 -0 -0.336702
    outer loop
      vertex 47.3097 -2.65 0.956708
      vertex 47.3923 -5.5 0.725711
      vertex 47.3097 -5.5 0.956708
    endloop
  endfacet
  facet normal -0.803095 0 0.595851
    outer loop
      vertex 46.9325 2.65 -1.58598
      vertex 47.0787 5.5 -1.38893
      vertex 46.9325 5.5 -1.58598
    endloop
  endfacet
  facet normal -0.803095 0 0.595851
    outer loop
      vertex 47.0787 5.5 -1.38893
      vertex 46.9325 2.65 -1.58598
      vertex 47.0787 2.65 -1.38893
    endloop
  endfacet
  facet normal -0.803095 0 0.595851
    outer loop
      vertex 46.9325 -5.5 -1.58598
      vertex 47.0787 -2.65 -1.38893
      vertex 46.9325 -2.65 -1.58598
    endloop
  endfacet
  facet normal -0.803095 0 0.595851
    outer loop
      vertex 47.0787 -2.65 -1.38893
      vertex 46.9325 -5.5 -1.58598
      vertex 47.0787 -5.5 -1.38893
    endloop
  endfacet
  facet normal 0.146726 0 -0.989177
    outer loop
      vertex 44.5123 2.65 2.45196
      vertex 44.755 5.5 2.48796
      vertex 44.755 2.65 2.48796
    endloop
  endfacet
  facet normal 0.146726 0 -0.989177
    outer loop
      vertex 44.755 5.5 2.48796
      vertex 44.5123 2.65 2.45196
      vertex 44.5123 5.5 2.45196
    endloop
  endfacet
  facet normal 0.146726 0 -0.989177
    outer loop
      vertex 44.5123 -5.5 2.45196
      vertex 44.755 -2.65 2.48796
      vertex 44.755 -5.5 2.48796
    endloop
  endfacet
  facet normal 0.146726 0 -0.989177
    outer loop
      vertex 44.755 -2.65 2.48796
      vertex 44.5123 -5.5 2.45196
      vertex 44.5123 -2.65 2.45196
    endloop
  endfacet
  facet normal 0.989176 -0 0.146737
    outer loop
      vertex 42.512 2.65 -0.245043
      vertex 42.548 5.5 -0.487725
      vertex 42.512 5.5 -0.245043
    endloop
  endfacet
  facet normal 0.989176 0 0.146737
    outer loop
      vertex 42.548 5.5 -0.487725
      vertex 42.512 2.65 -0.245043
      vertex 42.548 2.65 -0.487725
    endloop
  endfacet
  facet normal 0.989176 -0 0.146737
    outer loop
      vertex 42.512 -5.5 -0.245043
      vertex 42.548 -2.65 -0.487725
      vertex 42.512 -2.65 -0.245043
    endloop
  endfacet
  facet normal 0.989176 0 0.146737
    outer loop
      vertex 42.548 -2.65 -0.487725
      vertex 42.512 -5.5 -0.245043
      vertex 42.548 -5.5 -0.487725
    endloop
  endfacet
  facet normal 0.903982 0 -0.427572
    outer loop
      vertex 42.7952 2.65 1.17849
      vertex 42.6903 5.5 0.956708
      vertex 42.7952 5.5 1.17849
    endloop
  endfacet
  facet normal 0.903982 0 -0.427572
    outer loop
      vertex 42.6903 5.5 0.956708
      vertex 42.7952 2.65 1.17849
      vertex 42.6903 2.65 0.956708
    endloop
  endfacet
  facet normal 0.903982 0 -0.427572
    outer loop
      vertex 42.7952 -5.5 1.17849
      vertex 42.6903 -2.65 0.956708
      vertex 42.7952 -2.65 1.17849
    endloop
  endfacet
  facet normal 0.903982 0 -0.427572
    outer loop
      vertex 42.6903 -2.65 0.956708
      vertex 42.7952 -5.5 1.17849
      vertex 42.6903 -5.5 0.956708
    endloop
  endfacet
  facet normal -0.336879 0 0.941548
    outer loop
      vertex 45.7257 5.5 -2.39235
      vertex 45.9567 2.65 -2.3097
      vertex 45.9567 5.5 -2.3097
    endloop
  endfacet
  facet normal -0.336879 0 0.941548
    outer loop
      vertex 45.9567 2.65 -2.3097
      vertex 45.7257 5.5 -2.39235
      vertex 45.7257 2.65 -2.39235
    endloop
  endfacet
  facet normal -0.336879 0 0.941548
    outer loop
      vertex 45.7257 -2.65 -2.39235
      vertex 45.9567 -5.5 -2.3097
      vertex 45.9567 -2.65 -2.3097
    endloop
  endfacet
  facet normal -0.336879 0 0.941548
    outer loop
      vertex 45.9567 -5.5 -2.3097
      vertex 45.7257 -2.65 -2.39235
      vertex 45.7257 -5.5 -2.39235
    endloop
  endfacet
  facet normal -0.242958 0 0.970037
    outer loop
      vertex 45.4877 5.5 -2.45196
      vertex 45.7257 2.65 -2.39235
      vertex 45.7257 5.5 -2.39235
    endloop
  endfacet
  facet normal -0.242958 0 0.970037
    outer loop
      vertex 45.7257 2.65 -2.39235
      vertex 45.4877 5.5 -2.45196
      vertex 45.4877 2.65 -2.45196
    endloop
  endfacet
  facet normal -0.242958 0 0.970037
    outer loop
      vertex 45.4877 -2.65 -2.45196
      vertex 45.7257 -5.5 -2.39235
      vertex 45.7257 -2.65 -2.39235
    endloop
  endfacet
  facet normal -0.242958 0 0.970037
    outer loop
      vertex 45.7257 -5.5 -2.39235
      vertex 45.4877 -2.65 -2.45196
      vertex 45.4877 -5.5 -2.45196
    endloop
  endfacet
  facet normal -0.741083 0 -0.671414
    outer loop
      vertex 46.9325 2.65 1.58598
      vertex 46.7678 5.5 1.76777
      vertex 46.9325 5.5 1.58598
    endloop
  endfacet
  facet normal -0.741083 -0 -0.671414
    outer loop
      vertex 46.7678 5.5 1.76777
      vertex 46.9325 2.65 1.58598
      vertex 46.7678 2.65 1.76777
    endloop
  endfacet
  facet normal -0.741083 0 -0.671414
    outer loop
      vertex 46.9325 -5.5 1.58598
      vertex 46.7678 -2.65 1.76777
      vertex 46.9325 -2.65 1.58598
    endloop
  endfacet
  facet normal -0.741083 -0 -0.671414
    outer loop
      vertex 46.7678 -2.65 1.76777
      vertex 46.9325 -5.5 1.58598
      vertex 46.7678 -5.5 1.76777
    endloop
  endfacet
  facet normal 0.741083 -0 0.671414
    outer loop
      vertex 43.0675 2.65 -1.58598
      vertex 43.2322 5.5 -1.76777
      vertex 43.0675 5.5 -1.58598
    endloop
  endfacet
  facet normal 0.741083 0 0.671414
    outer loop
      vertex 43.2322 5.5 -1.76777
      vertex 43.0675 2.65 -1.58598
      vertex 43.2322 2.65 -1.76777
    endloop
  endfacet
  facet normal 0.741083 -0 0.671414
    outer loop
      vertex 43.0675 -5.5 -1.58598
      vertex 43.2322 -2.65 -1.76777
      vertex 43.0675 -2.65 -1.58598
    endloop
  endfacet
  facet normal 0.741083 0 0.671414
    outer loop
      vertex 43.2322 -2.65 -1.76777
      vertex 43.0675 -5.5 -1.58598
      vertex 43.2322 -5.5 -1.76777
    endloop
  endfacet
  facet normal -0.969947 0 0.243316
    outer loop
      vertex 47.3923 2.65 -0.725711
      vertex 47.452 5.5 -0.487725
      vertex 47.3923 5.5 -0.725711
    endloop
  endfacet
  facet normal -0.969947 0 0.243316
    outer loop
      vertex 47.452 5.5 -0.487725
      vertex 47.3923 2.65 -0.725711
      vertex 47.452 2.65 -0.487725
    endloop
  endfacet
  facet normal -0.969947 0 0.243316
    outer loop
      vertex 47.3923 -5.5 -0.725711
      vertex 47.452 -2.65 -0.487725
      vertex 47.3923 -2.65 -0.725711
    endloop
  endfacet
  facet normal -0.969947 0 0.243316
    outer loop
      vertex 47.452 -2.65 -0.487725
      vertex 47.3923 -5.5 -0.725711
      vertex 47.452 -5.5 -0.487725
    endloop
  endfacet
  facet normal 0.671528 0 0.740979
    outer loop
      vertex 43.2322 5.5 -1.76777
      vertex 43.414 2.65 -1.93253
      vertex 43.414 5.5 -1.93253
    endloop
  endfacet
  facet normal 0.671528 0 0.740979
    outer loop
      vertex 43.414 2.65 -1.93253
      vertex 43.2322 5.5 -1.76777
      vertex 43.2322 2.65 -1.76777
    endloop
  endfacet
  facet normal 0.671528 0 0.740979
    outer loop
      vertex 43.2322 -2.65 -1.76777
      vertex 43.414 -5.5 -1.93253
      vertex 43.414 -2.65 -1.93253
    endloop
  endfacet
  facet normal 0.671528 0 0.740979
    outer loop
      vertex 43.414 -5.5 -1.93253
      vertex 43.2322 -2.65 -1.76777
      vertex 43.2322 -5.5 -1.76777
    endloop
  endfacet
  facet normal 0.969947 0 -0.243316
    outer loop
      vertex 42.6077 2.65 0.725711
      vertex 42.548 5.5 0.487725
      vertex 42.6077 5.5 0.725711
    endloop
  endfacet
  facet normal 0.969947 0 -0.243316
    outer loop
      vertex 42.548 5.5 0.487725
      vertex 42.6077 2.65 0.725711
      vertex 42.548 2.65 0.487725
    endloop
  endfacet
  facet normal 0.969947 0 -0.243316
    outer loop
      vertex 42.6077 -5.5 0.725711
      vertex 42.548 -2.65 0.487725
      vertex 42.6077 -2.65 0.725711
    endloop
  endfacet
  facet normal 0.969947 0 -0.243316
    outer loop
      vertex 42.548 -2.65 0.487725
      vertex 42.6077 -5.5 0.725711
      vertex 42.548 -5.5 0.487725
    endloop
  endfacet
  facet normal 0.857788 -0 0.514004
    outer loop
      vertex 42.7952 2.65 -1.17849
      vertex 42.9213 5.5 -1.38893
      vertex 42.7952 5.5 -1.17849
    endloop
  endfacet
  facet normal 0.857788 0 0.514004
    outer loop
      vertex 42.9213 5.5 -1.38893
      vertex 42.7952 2.65 -1.17849
      vertex 42.9213 2.65 -1.38893
    endloop
  endfacet
  facet normal 0.857788 -0 0.514004
    outer loop
      vertex 42.7952 -5.5 -1.17849
      vertex 42.9213 -2.65 -1.38893
      vertex 42.7952 -2.65 -1.17849
    endloop
  endfacet
  facet normal 0.857788 0 0.514004
    outer loop
      vertex 42.9213 -2.65 -1.38893
      vertex 42.7952 -5.5 -1.17849
      vertex 42.9213 -5.5 -1.38893
    endloop
  endfacet
  facet normal -0.671528 0 0.740979
    outer loop
      vertex 46.586 5.5 -1.93253
      vertex 46.7678 2.65 -1.76777
      vertex 46.7678 5.5 -1.76777
    endloop
  endfacet
  facet normal -0.671528 0 0.740979
    outer loop
      vertex 46.7678 2.65 -1.76777
      vertex 46.586 5.5 -1.93253
      vertex 46.586 2.65 -1.93253
    endloop
  endfacet
  facet normal -0.671528 0 0.740979
    outer loop
      vertex 46.586 -2.65 -1.93253
      vertex 46.7678 -5.5 -1.76777
      vertex 46.7678 -2.65 -1.76777
    endloop
  endfacet
  facet normal -0.671528 0 0.740979
    outer loop
      vertex 46.7678 -5.5 -1.76777
      vertex 46.586 -2.65 -1.93253
      vertex 46.586 -5.5 -1.93253
    endloop
  endfacet
endsolid OpenSCAD_Model
