solid OpenSCAD_Model
  facet normal -0.989213 -0.146487 0
    outer loop
      vertex 16.5923 0.156827 86
      vertex 16.5693 0.312144 90
      vertex 16.5693 0.312144 86
    endloop
  endfacet
  facet normal -0.989213 -0.146487 0
    outer loop
      vertex 16.5693 0.312144 90
      vertex 16.5923 0.156827 86
      vertex 16.5923 0.156827 90
    endloop
  endfacet
  facet normal -0.998797 -0.0490396 0
    outer loop
      vertex 16.6 0 86
      vertex 16.5923 0.156827 90
      vertex 16.5923 0.156827 86
    endloop
  endfacet
  facet normal -0.998797 -0.0490396 0
    outer loop
      vertex 16.5923 0.156827 90
      vertex 16.6 0 86
      vertex 16.6 0 90
    endloop
  endfacet
  facet normal -0.969959 -0.243268 0
    outer loop
      vertex 16.5693 0.312144 86
      vertex 16.5311 0.464455 90
      vertex 16.5311 0.464455 86
    endloop
  endfacet
  facet normal -0.969959 -0.243268 0
    outer loop
      vertex 16.5311 0.464455 90
      vertex 16.5693 0.312144 86
      vertex 16.5693 0.312144 90
    endloop
  endfacet
  facet normal -0.427692 -0.903925 0
    outer loop
      vertex 15.6123 1.47821 86
      vertex 15.7542 1.41107 90
      vertex 15.6123 1.47821 90
    endloop
  endfacet
  facet normal -0.427692 -0.903925 -0
    outer loop
      vertex 15.7542 1.41107 90
      vertex 15.6123 1.47821 86
      vertex 15.7542 1.41107 86
    endloop
  endfacet
  facet normal 0.242895 0.970053 -0
    outer loop
      vertex 14.6879 -1.56926 86
      vertex 14.5355 -1.5311 90
      vertex 14.6879 -1.56926 90
    endloop
  endfacet
  facet normal 0.242895 0.970053 0
    outer loop
      vertex 14.5355 -1.5311 90
      vertex 14.6879 -1.56926 86
      vertex 14.5355 -1.5311 86
    endloop
  endfacet
  facet normal 0.857793 0.513995 0
    outer loop
      vertex 13.6696 -0.888912 90
      vertex 13.5889 -0.754234 86
      vertex 13.5889 -0.754234 90
    endloop
  endfacet
  facet normal 0.857793 0.513995 0
    outer loop
      vertex 13.5889 -0.754234 86
      vertex 13.6696 -0.888912 90
      vertex 13.6696 -0.888912 86
    endloop
  endfacet
  facet normal -0.146689 0.989183 0
    outer loop
      vertex 15.3121 -1.56926 86
      vertex 15.1568 -1.59229 90
      vertex 15.3121 -1.56926 90
    endloop
  endfacet
  facet normal -0.146689 0.989183 0
    outer loop
      vertex 15.1568 -1.59229 90
      vertex 15.3121 -1.56926 86
      vertex 15.1568 -1.59229 86
    endloop
  endfacet
  facet normal -0.741092 -0.671404 0
    outer loop
      vertex 16.2368 1.01503 86
      vertex 16.1314 1.13137 90
      vertex 16.1314 1.13137 86
    endloop
  endfacet
  facet normal -0.741092 -0.671404 0
    outer loop
      vertex 16.1314 1.13137 90
      vertex 16.2368 1.01503 86
      vertex 16.2368 1.01503 90
    endloop
  endfacet
  facet normal 0.514027 -0.857774 0
    outer loop
      vertex 14.1111 1.33035 86
      vertex 14.2458 1.41107 90
      vertex 14.1111 1.33035 90
    endloop
  endfacet
  facet normal 0.514027 -0.857774 0
    outer loop
      vertex 14.2458 1.41107 90
      vertex 14.1111 1.33035 86
      vertex 14.2458 1.41107 86
    endloop
  endfacet
  facet normal -0.741092 0.671404 0
    outer loop
      vertex 16.1314 -1.13137 86
      vertex 16.2368 -1.01503 90
      vertex 16.2368 -1.01503 86
    endloop
  endfacet
  facet normal -0.741092 0.671404 0
    outer loop
      vertex 16.2368 -1.01503 90
      vertex 16.1314 -1.13137 86
      vertex 16.1314 -1.13137 90
    endloop
  endfacet
  facet normal -0.514027 0.857774 0
    outer loop
      vertex 15.8889 -1.33035 86
      vertex 15.7542 -1.41107 90
      vertex 15.8889 -1.33035 90
    endloop
  endfacet
  facet normal -0.514027 0.857774 0
    outer loop
      vertex 15.7542 -1.41107 90
      vertex 15.8889 -1.33035 86
      vertex 15.7542 -1.41107 86
    endloop
  endfacet
  facet normal -0.242895 -0.970053 0
    outer loop
      vertex 15.3121 1.56926 86
      vertex 15.4645 1.5311 90
      vertex 15.3121 1.56926 90
    endloop
  endfacet
  facet normal -0.242895 -0.970053 -0
    outer loop
      vertex 15.4645 1.5311 90
      vertex 15.3121 1.56926 86
      vertex 15.4645 1.5311 86
    endloop
  endfacet
  facet normal 0.989213 -0.146487 0
    outer loop
      vertex 13.4077 0.156827 90
      vertex 13.4307 0.312144 86
      vertex 13.4307 0.312144 90
    endloop
  endfacet
  facet normal 0.989213 -0.146487 0
    outer loop
      vertex 13.4307 0.312144 86
      vertex 13.4077 0.156827 90
      vertex 13.4077 0.156827 86
    endloop
  endfacet
  facet normal -0.857793 -0.513995 0
    outer loop
      vertex 16.4111 0.754234 86
      vertex 16.3304 0.888912 90
      vertex 16.3304 0.888912 86
    endloop
  endfacet
  facet normal -0.857793 -0.513995 0
    outer loop
      vertex 16.3304 0.888912 90
      vertex 16.4111 0.754234 86
      vertex 16.4111 0.754234 90
    endloop
  endfacet
  facet normal -0.969959 0.243268 0
    outer loop
      vertex 16.5311 -0.464455 86
      vertex 16.5693 -0.312144 90
      vertex 16.5693 -0.312144 86
    endloop
  endfacet
  facet normal -0.969959 0.243268 0
    outer loop
      vertex 16.5693 -0.312144 90
      vertex 16.5311 -0.464455 86
      vertex 16.5311 -0.464455 90
    endloop
  endfacet
  facet normal 0.146689 0.989183 -0
    outer loop
      vertex 14.8432 -1.59229 86
      vertex 14.6879 -1.56926 90
      vertex 14.8432 -1.59229 90
    endloop
  endfacet
  facet normal 0.146689 0.989183 0
    outer loop
      vertex 14.6879 -1.56926 90
      vertex 14.8432 -1.59229 86
      vertex 14.6879 -1.56926 86
    endloop
  endfacet
  facet normal 0.998797 0.0490396 0
    outer loop
      vertex 13.4077 -0.156827 90
      vertex 13.4 0 86
      vertex 13.4 0 90
    endloop
  endfacet
  facet normal 0.998797 0.0490396 0
    outer loop
      vertex 13.4 0 86
      vertex 13.4077 -0.156827 90
      vertex 13.4077 -0.156827 86
    endloop
  endfacet
  facet normal -0.146689 -0.989183 0
    outer loop
      vertex 15.1568 1.59229 86
      vertex 15.3121 1.56926 90
      vertex 15.1568 1.59229 90
    endloop
  endfacet
  facet normal -0.146689 -0.989183 -0
    outer loop
      vertex 15.3121 1.56926 90
      vertex 15.1568 1.59229 86
      vertex 15.3121 1.56926 86
    endloop
  endfacet
  facet normal -0.941539 -0.336905 0
    outer loop
      vertex 16.5311 0.464455 86
      vertex 16.4782 0.612293 90
      vertex 16.4782 0.612293 86
    endloop
  endfacet
  facet normal -0.941539 -0.336905 0
    outer loop
      vertex 16.4782 0.612293 90
      vertex 16.5311 0.464455 86
      vertex 16.5311 0.464455 90
    endloop
  endfacet
  facet normal -0.671388 -0.741106 0
    outer loop
      vertex 16.015 1.23682 86
      vertex 16.1314 1.13137 90
      vertex 16.015 1.23682 90
    endloop
  endfacet
  facet normal -0.671388 -0.741106 -0
    outer loop
      vertex 16.1314 1.13137 90
      vertex 16.015 1.23682 86
      vertex 16.1314 1.13137 86
    endloop
  endfacet
  facet normal 0.741092 -0.671404 0
    outer loop
      vertex 13.7632 1.01503 90
      vertex 13.8686 1.13137 86
      vertex 13.8686 1.13137 90
    endloop
  endfacet
  facet normal 0.741092 -0.671404 0
    outer loop
      vertex 13.8686 1.13137 86
      vertex 13.7632 1.01503 90
      vertex 13.7632 1.01503 86
    endloop
  endfacet
  facet normal 0.969959 0.243268 0
    outer loop
      vertex 13.4689 -0.464455 90
      vertex 13.4307 -0.312144 86
      vertex 13.4307 -0.312144 90
    endloop
  endfacet
  facet normal 0.969959 0.243268 0
    outer loop
      vertex 13.4307 -0.312144 86
      vertex 13.4689 -0.464455 90
      vertex 13.4689 -0.464455 86
    endloop
  endfacet
  facet normal 0.336926 -0.941531 0
    outer loop
      vertex 14.3877 1.47821 86
      vertex 14.5355 1.5311 90
      vertex 14.3877 1.47821 90
    endloop
  endfacet
  facet normal 0.336926 -0.941531 0
    outer loop
      vertex 14.5355 1.5311 90
      vertex 14.3877 1.47821 86
      vertex 14.5355 1.5311 86
    endloop
  endfacet
  facet normal 0.941539 0.336905 0
    outer loop
      vertex 13.5218 -0.612293 90
      vertex 13.4689 -0.464455 86
      vertex 13.4689 -0.464455 90
    endloop
  endfacet
  facet normal 0.941539 0.336905 0
    outer loop
      vertex 13.4689 -0.464455 86
      vertex 13.5218 -0.612293 90
      vertex 13.5218 -0.612293 86
    endloop
  endfacet
  facet normal -0.336926 -0.941531 0
    outer loop
      vertex 15.4645 1.5311 86
      vertex 15.6123 1.47821 90
      vertex 15.4645 1.5311 90
    endloop
  endfacet
  facet normal -0.336926 -0.941531 -0
    outer loop
      vertex 15.6123 1.47821 90
      vertex 15.4645 1.5311 86
      vertex 15.6123 1.47821 86
    endloop
  endfacet
  facet normal 0.803011 -0.595964 0
    outer loop
      vertex 13.6696 0.888912 90
      vertex 13.7632 1.01503 86
      vertex 13.7632 1.01503 90
    endloop
  endfacet
  facet normal 0.803011 -0.595964 0
    outer loop
      vertex 13.7632 1.01503 86
      vertex 13.6696 0.888912 90
      vertex 13.6696 0.888912 86
    endloop
  endfacet
  facet normal -0.803011 -0.595964 0
    outer loop
      vertex 16.3304 0.888912 86
      vertex 16.2368 1.01503 90
      vertex 16.2368 1.01503 86
    endloop
  endfacet
  facet normal -0.803011 -0.595964 0
    outer loop
      vertex 16.2368 1.01503 90
      vertex 16.3304 0.888912 86
      vertex 16.3304 0.888912 90
    endloop
  endfacet
  facet normal 0.969959 -0.243268 0
    outer loop
      vertex 13.4307 0.312144 90
      vertex 13.4689 0.464455 86
      vertex 13.4689 0.464455 90
    endloop
  endfacet
  facet normal 0.969959 -0.243268 0
    outer loop
      vertex 13.4689 0.464455 86
      vertex 13.4307 0.312144 90
      vertex 13.4307 0.312144 86
    endloop
  endfacet
  facet normal 0.671388 -0.741106 0
    outer loop
      vertex 13.8686 1.13137 86
      vertex 13.985 1.23682 90
      vertex 13.8686 1.13137 90
    endloop
  endfacet
  facet normal 0.671388 -0.741106 0
    outer loop
      vertex 13.985 1.23682 90
      vertex 13.8686 1.13137 86
      vertex 13.985 1.23682 86
    endloop
  endfacet
  facet normal -0.427692 0.903925 0
    outer loop
      vertex 15.7542 -1.41107 86
      vertex 15.6123 -1.47821 90
      vertex 15.7542 -1.41107 90
    endloop
  endfacet
  facet normal -0.427692 0.903925 0
    outer loop
      vertex 15.6123 -1.47821 90
      vertex 15.7542 -1.41107 86
      vertex 15.6123 -1.47821 86
    endloop
  endfacet
  facet normal 0.242895 -0.970053 0
    outer loop
      vertex 14.5355 1.5311 86
      vertex 14.6879 1.56926 90
      vertex 14.5355 1.5311 90
    endloop
  endfacet
  facet normal 0.242895 -0.970053 0
    outer loop
      vertex 14.6879 1.56926 90
      vertex 14.5355 1.5311 86
      vertex 14.6879 1.56926 86
    endloop
  endfacet
  facet normal 0.941539 -0.336905 0
    outer loop
      vertex 13.4689 0.464455 90
      vertex 13.5218 0.612293 86
      vertex 13.5218 0.612293 90
    endloop
  endfacet
  facet normal 0.941539 -0.336905 0
    outer loop
      vertex 13.5218 0.612293 86
      vertex 13.4689 0.464455 90
      vertex 13.4689 0.464455 86
    endloop
  endfacet
  facet normal -0.514027 -0.857774 0
    outer loop
      vertex 15.7542 1.41107 86
      vertex 15.8889 1.33035 90
      vertex 15.7542 1.41107 90
    endloop
  endfacet
  facet normal -0.514027 -0.857774 -0
    outer loop
      vertex 15.8889 1.33035 90
      vertex 15.7542 1.41107 86
      vertex 15.8889 1.33035 86
    endloop
  endfacet
  facet normal 0.514027 0.857774 -0
    outer loop
      vertex 14.2458 -1.41107 86
      vertex 14.1111 -1.33035 90
      vertex 14.2458 -1.41107 90
    endloop
  endfacet
  facet normal 0.514027 0.857774 0
    outer loop
      vertex 14.1111 -1.33035 90
      vertex 14.2458 -1.41107 86
      vertex 14.1111 -1.33035 86
    endloop
  endfacet
  facet normal 0.595732 -0.803184 0
    outer loop
      vertex 13.985 1.23682 86
      vertex 14.1111 1.33035 90
      vertex 13.985 1.23682 90
    endloop
  endfacet
  facet normal 0.595732 -0.803184 0
    outer loop
      vertex 14.1111 1.33035 90
      vertex 13.985 1.23682 86
      vertex 14.1111 1.33035 86
    endloop
  endfacet
  facet normal -0.0491116 0.998793 0
    outer loop
      vertex 15.1568 -1.59229 86
      vertex 15 -1.6 90
      vertex 15.1568 -1.59229 90
    endloop
  endfacet
  facet normal -0.0491116 0.998793 0
    outer loop
      vertex 15 -1.6 90
      vertex 15.1568 -1.59229 86
      vertex 15 -1.6 86
    endloop
  endfacet
  facet normal -0.941539 0.336905 0
    outer loop
      vertex 16.4782 -0.612293 86
      vertex 16.5311 -0.464455 90
      vertex 16.5311 -0.464455 86
    endloop
  endfacet
  facet normal -0.941539 0.336905 0
    outer loop
      vertex 16.5311 -0.464455 90
      vertex 16.4782 -0.612293 86
      vertex 16.4782 -0.612293 90
    endloop
  endfacet
  facet normal -0.803011 0.595964 0
    outer loop
      vertex 16.2368 -1.01503 86
      vertex 16.3304 -0.888912 90
      vertex 16.3304 -0.888912 86
    endloop
  endfacet
  facet normal -0.803011 0.595964 0
    outer loop
      vertex 16.3304 -0.888912 90
      vertex 16.2368 -1.01503 86
      vertex 16.2368 -1.01503 90
    endloop
  endfacet
  facet normal -0.989213 0.146487 0
    outer loop
      vertex 16.5693 -0.312144 86
      vertex 16.5923 -0.156827 90
      vertex 16.5923 -0.156827 86
    endloop
  endfacet
  facet normal -0.989213 0.146487 0
    outer loop
      vertex 16.5923 -0.156827 90
      vertex 16.5693 -0.312144 86
      vertex 16.5693 -0.312144 90
    endloop
  endfacet
  facet normal 0.857793 -0.513995 0
    outer loop
      vertex 13.5889 0.754234 90
      vertex 13.6696 0.888912 86
      vertex 13.6696 0.888912 90
    endloop
  endfacet
  facet normal 0.857793 -0.513995 0
    outer loop
      vertex 13.6696 0.888912 86
      vertex 13.5889 0.754234 90
      vertex 13.5889 0.754234 86
    endloop
  endfacet
  facet normal -0.904071 -0.427383 0
    outer loop
      vertex 16.4782 0.612293 86
      vertex 16.4111 0.754234 90
      vertex 16.4111 0.754234 86
    endloop
  endfacet
  facet normal -0.904071 -0.427383 0
    outer loop
      vertex 16.4111 0.754234 90
      vertex 16.4782 0.612293 86
      vertex 16.4782 0.612293 90
    endloop
  endfacet
  facet normal 0.427692 -0.903925 0
    outer loop
      vertex 14.2458 1.41107 86
      vertex 14.3877 1.47821 90
      vertex 14.2458 1.41107 90
    endloop
  endfacet
  facet normal 0.427692 -0.903925 0
    outer loop
      vertex 14.3877 1.47821 90
      vertex 14.2458 1.41107 86
      vertex 14.3877 1.47821 86
    endloop
  endfacet
  facet normal -0.595732 0.803184 0
    outer loop
      vertex 16.015 -1.23682 86
      vertex 15.8889 -1.33035 90
      vertex 16.015 -1.23682 90
    endloop
  endfacet
  facet normal -0.595732 0.803184 0
    outer loop
      vertex 15.8889 -1.33035 90
      vertex 16.015 -1.23682 86
      vertex 15.8889 -1.33035 86
    endloop
  endfacet
  facet normal -0.595732 -0.803184 0
    outer loop
      vertex 15.8889 1.33035 86
      vertex 16.015 1.23682 90
      vertex 15.8889 1.33035 90
    endloop
  endfacet
  facet normal -0.595732 -0.803184 -0
    outer loop
      vertex 16.015 1.23682 90
      vertex 15.8889 1.33035 86
      vertex 16.015 1.23682 86
    endloop
  endfacet
  facet normal 0.671388 0.741106 -0
    outer loop
      vertex 13.985 -1.23682 86
      vertex 13.8686 -1.13137 90
      vertex 13.985 -1.23682 90
    endloop
  endfacet
  facet normal 0.671388 0.741106 0
    outer loop
      vertex 13.8686 -1.13137 90
      vertex 13.985 -1.23682 86
      vertex 13.8686 -1.13137 86
    endloop
  endfacet
  facet normal -0.998797 0.0490396 0
    outer loop
      vertex 16.5923 -0.156827 86
      vertex 16.6 0 90
      vertex 16.6 0 86
    endloop
  endfacet
  facet normal -0.998797 0.0490396 0
    outer loop
      vertex 16.6 0 90
      vertex 16.5923 -0.156827 86
      vertex 16.5923 -0.156827 90
    endloop
  endfacet
  facet normal 0.803011 0.595964 0
    outer loop
      vertex 13.7632 -1.01503 90
      vertex 13.6696 -0.888912 86
      vertex 13.6696 -0.888912 90
    endloop
  endfacet
  facet normal 0.803011 0.595964 0
    outer loop
      vertex 13.6696 -0.888912 86
      vertex 13.7632 -1.01503 90
      vertex 13.7632 -1.01503 86
    endloop
  endfacet
  facet normal 0.904071 0.427383 0
    outer loop
      vertex 13.5889 -0.754234 90
      vertex 13.5218 -0.612293 86
      vertex 13.5218 -0.612293 90
    endloop
  endfacet
  facet normal 0.904071 0.427383 0
    outer loop
      vertex 13.5218 -0.612293 86
      vertex 13.5889 -0.754234 90
      vertex 13.5889 -0.754234 86
    endloop
  endfacet
  facet normal -0.0491116 -0.998793 0
    outer loop
      vertex 15 1.6 86
      vertex 15.1568 1.59229 90
      vertex 15 1.6 90
    endloop
  endfacet
  facet normal -0.0491116 -0.998793 -0
    outer loop
      vertex 15.1568 1.59229 90
      vertex 15 1.6 86
      vertex 15.1568 1.59229 86
    endloop
  endfacet
  facet normal 0.0491116 -0.998793 0
    outer loop
      vertex 14.8432 1.59229 86
      vertex 15 1.6 90
      vertex 14.8432 1.59229 90
    endloop
  endfacet
  facet normal 0.0491116 -0.998793 0
    outer loop
      vertex 15 1.6 90
      vertex 14.8432 1.59229 86
      vertex 15 1.6 86
    endloop
  endfacet
  facet normal 0.427692 0.903925 -0
    outer loop
      vertex 14.3877 -1.47821 86
      vertex 14.2458 -1.41107 90
      vertex 14.3877 -1.47821 90
    endloop
  endfacet
  facet normal 0.427692 0.903925 0
    outer loop
      vertex 14.2458 -1.41107 90
      vertex 14.3877 -1.47821 86
      vertex 14.2458 -1.41107 86
    endloop
  endfacet
  facet normal 0.146689 -0.989183 0
    outer loop
      vertex 14.6879 1.56926 86
      vertex 14.8432 1.59229 90
      vertex 14.6879 1.56926 90
    endloop
  endfacet
  facet normal 0.146689 -0.989183 0
    outer loop
      vertex 14.8432 1.59229 90
      vertex 14.6879 1.56926 86
      vertex 14.8432 1.59229 86
    endloop
  endfacet
  facet normal 0.989213 0.146487 0
    outer loop
      vertex 13.4307 -0.312144 90
      vertex 13.4077 -0.156827 86
      vertex 13.4077 -0.156827 90
    endloop
  endfacet
  facet normal 0.989213 0.146487 0
    outer loop
      vertex 13.4077 -0.156827 86
      vertex 13.4307 -0.312144 90
      vertex 13.4307 -0.312144 86
    endloop
  endfacet
  facet normal -0.336926 0.941531 0
    outer loop
      vertex 15.6123 -1.47821 86
      vertex 15.4645 -1.5311 90
      vertex 15.6123 -1.47821 90
    endloop
  endfacet
  facet normal -0.336926 0.941531 0
    outer loop
      vertex 15.4645 -1.5311 90
      vertex 15.6123 -1.47821 86
      vertex 15.4645 -1.5311 86
    endloop
  endfacet
  facet normal -0.242895 0.970053 0
    outer loop
      vertex 15.4645 -1.5311 86
      vertex 15.3121 -1.56926 90
      vertex 15.4645 -1.5311 90
    endloop
  endfacet
  facet normal -0.242895 0.970053 0
    outer loop
      vertex 15.3121 -1.56926 90
      vertex 15.4645 -1.5311 86
      vertex 15.3121 -1.56926 86
    endloop
  endfacet
  facet normal 0.904071 -0.427383 0
    outer loop
      vertex 13.5218 0.612293 90
      vertex 13.5889 0.754234 86
      vertex 13.5889 0.754234 90
    endloop
  endfacet
  facet normal 0.904071 -0.427383 0
    outer loop
      vertex 13.5889 0.754234 86
      vertex 13.5218 0.612293 90
      vertex 13.5218 0.612293 86
    endloop
  endfacet
  facet normal 0.741092 0.671404 0
    outer loop
      vertex 13.8686 -1.13137 90
      vertex 13.7632 -1.01503 86
      vertex 13.7632 -1.01503 90
    endloop
  endfacet
  facet normal 0.741092 0.671404 0
    outer loop
      vertex 13.7632 -1.01503 86
      vertex 13.8686 -1.13137 90
      vertex 13.8686 -1.13137 86
    endloop
  endfacet
  facet normal 0.595732 0.803184 -0
    outer loop
      vertex 14.1111 -1.33035 86
      vertex 13.985 -1.23682 90
      vertex 14.1111 -1.33035 90
    endloop
  endfacet
  facet normal 0.595732 0.803184 0
    outer loop
      vertex 13.985 -1.23682 90
      vertex 14.1111 -1.33035 86
      vertex 13.985 -1.23682 86
    endloop
  endfacet
  facet normal -0.904071 0.427383 0
    outer loop
      vertex 16.4111 -0.754234 86
      vertex 16.4782 -0.612293 90
      vertex 16.4782 -0.612293 86
    endloop
  endfacet
  facet normal -0.904071 0.427383 0
    outer loop
      vertex 16.4782 -0.612293 90
      vertex 16.4111 -0.754234 86
      vertex 16.4111 -0.754234 90
    endloop
  endfacet
  facet normal -0.857793 0.513995 0
    outer loop
      vertex 16.3304 -0.888912 86
      vertex 16.4111 -0.754234 90
      vertex 16.4111 -0.754234 86
    endloop
  endfacet
  facet normal -0.857793 0.513995 0
    outer loop
      vertex 16.4111 -0.754234 90
      vertex 16.3304 -0.888912 86
      vertex 16.3304 -0.888912 90
    endloop
  endfacet
  facet normal 0.0491116 0.998793 -0
    outer loop
      vertex 15 -1.6 86
      vertex 14.8432 -1.59229 90
      vertex 15 -1.6 90
    endloop
  endfacet
  facet normal 0.0491116 0.998793 0
    outer loop
      vertex 14.8432 -1.59229 90
      vertex 15 -1.6 86
      vertex 14.8432 -1.59229 86
    endloop
  endfacet
  facet normal 0.998797 -0.0490396 0
    outer loop
      vertex 13.4 0 90
      vertex 13.4077 0.156827 86
      vertex 13.4077 0.156827 90
    endloop
  endfacet
  facet normal 0.998797 -0.0490396 0
    outer loop
      vertex 13.4077 0.156827 86
      vertex 13.4 0 90
      vertex 13.4 0 86
    endloop
  endfacet
  facet normal 0.336926 0.941531 -0
    outer loop
      vertex 14.5355 -1.5311 86
      vertex 14.3877 -1.47821 90
      vertex 14.5355 -1.5311 90
    endloop
  endfacet
  facet normal 0.336926 0.941531 0
    outer loop
      vertex 14.3877 -1.47821 90
      vertex 14.5355 -1.5311 86
      vertex 14.3877 -1.47821 86
    endloop
  endfacet
  facet normal -0.671388 0.741106 0
    outer loop
      vertex 16.1314 -1.13137 86
      vertex 16.015 -1.23682 90
      vertex 16.1314 -1.13137 90
    endloop
  endfacet
  facet normal -0.671388 0.741106 0
    outer loop
      vertex 16.015 -1.23682 90
      vertex 16.1314 -1.13137 86
      vertex 16.015 -1.23682 86
    endloop
  endfacet
  facet normal 0.961579 0.274528 0
    outer loop
      vertex -9.01509 12.4761 90
      vertex -9.0582 12.6271 86
      vertex -9.0582 12.6271 90
    endloop
  endfacet
  facet normal 0.961579 0.274528 0
    outer loop
      vertex -9.0582 12.6271 86
      vertex -9.01509 12.4761 90
      vertex -9.01509 12.4761 86
    endloop
  endfacet
  facet normal 0.621614 -0.783323 0
    outer loop
      vertex -8.55495 14.1933 86
      vertex -8.43196 14.2909 90
      vertex -8.55495 14.1933 90
    endloop
  endfacet
  facet normal 0.621614 -0.783323 0
    outer loop
      vertex -8.43196 14.2909 90
      vertex -8.55495 14.1933 86
      vertex -8.43196 14.2909 86
    endloop
  endfacet
  facet normal 0.541967 -0.8404 0
    outer loop
      vertex -8.43196 14.2909 86
      vertex -8.3 14.376 90
      vertex -8.43196 14.2909 90
    endloop
  endfacet
  facet normal 0.541967 -0.8404 0
    outer loop
      vertex -8.3 14.376 90
      vertex -8.43196 14.2909 86
      vertex -8.3 14.376 86
    endloop
  endfacet
  facet normal 0.695453 -0.718571 0
    outer loop
      vertex -8.66778 14.0841 86
      vertex -8.55495 14.1933 90
      vertex -8.66778 14.0841 90
    endloop
  endfacet
  facet normal 0.695453 -0.718571 0
    outer loop
      vertex -8.55495 14.1933 90
      vertex -8.66778 14.0841 86
      vertex -8.55495 14.1933 86
    endloop
  endfacet
  facet normal 0.977466 -0.211094 0
    outer loop
      vertex -9.07863 13.251 90
      vertex -9.04548 13.4045 86
      vertex -9.04548 13.4045 90
    endloop
  endfacet
  facet normal 0.977466 -0.211094 0
    outer loop
      vertex -9.04548 13.4045 86
      vertex -9.07863 13.251 90
      vertex -9.07863 13.251 86
    endloop
  endfacet
  facet normal -0.783286 -0.621662 0
    outer loop
      vertex -6.19944 13.9223 86
      vertex -6.29706 14.0453 90
      vertex -6.29706 14.0453 86
    endloop
  endfacet
  facet normal -0.783286 -0.621662 0
    outer loop
      vertex -6.29706 14.0453 90
      vertex -6.19944 13.9223 86
      vertex -6.19944 13.9223 90
    endloop
  endfacet
  facet normal -0.952072 0.305873 0
    outer loop
      vertex -6.00255 12.4268 86
      vertex -5.95452 12.5763 90
      vertex -5.95452 12.5763 86
    endloop
  endfacet
  facet normal -0.952072 0.305873 0
    outer loop
      vertex -5.95452 12.5763 90
      vertex -6.00255 12.4268 86
      vertex -6.00255 12.4268 90
    endloop
  endfacet
  facet normal -0.762693 0.646761 0
    outer loop
      vertex -6.33222 11.8966 86
      vertex -6.23063 12.0164 90
      vertex -6.23063 12.0164 86
    endloop
  endfacet
  facet normal -0.762693 0.646761 0
    outer loop
      vertex -6.23063 12.0164 90
      vertex -6.33222 11.8966 86
      vertex -6.33222 11.8966 90
    endloop
  endfacet
  facet normal 0.840503 0.541806 0
    outer loop
      vertex -8.80055 12.0584 90
      vertex -8.88564 12.1904 86
      vertex -8.88564 12.1904 90
    endloop
  endfacet
  facet normal 0.840503 0.541806 0
    outer loop
      vertex -8.88564 12.1904 86
      vertex -8.80055 12.0584 90
      vertex -8.80055 12.0584 86
    endloop
  endfacet
  facet normal 0.457195 -0.889366 0
    outer loop
      vertex -8.3 14.376 86
      vertex -8.16033 14.4478 90
      vertex -8.3 14.376 90
    endloop
  endfacet
  facet normal 0.457195 -0.889366 0
    outer loop
      vertex -8.16033 14.4478 90
      vertex -8.3 14.376 86
      vertex -8.16033 14.4478 86
    endloop
  endfacet
  facet normal 0.930071 0.367381 0
    outer loop
      vertex -8.95738 12.33 90
      vertex -9.01509 12.4761 86
      vertex -9.01509 12.4761 90
    endloop
  endfacet
  facet normal 0.930071 0.367381 0
    outer loop
      vertex -9.01509 12.4761 86
      vertex -8.95738 12.33 90
      vertex -8.95738 12.33 86
    endloop
  endfacet
  facet normal 0.762426 -0.647075 0
    outer loop
      vertex -8.76937 13.9644 90
      vertex -8.66778 14.0841 86
      vertex -8.66778 14.0841 90
    endloop
  endfacet
  facet normal 0.762426 -0.647075 0
    outer loop
      vertex -8.66778 14.0841 86
      vertex -8.76937 13.9644 90
      vertex -8.76937 13.9644 86
    endloop
  endfacet
  facet normal 0.983828 0.179115 0
    outer loop
      vertex -9.0582 12.6271 90
      vertex -9.08631 12.7815 86
      vertex -9.08631 12.7815 90
    endloop
  endfacet
  facet normal 0.983828 0.179115 0
    outer loop
      vertex -9.08631 12.7815 86
      vertex -9.0582 12.6271 90
      vertex -9.0582 12.6271 86
    endloop
  endfacet
  facet normal 0.822272 -0.569094 0
    outer loop
      vertex -8.85872 13.8353 90
      vertex -8.76937 13.9644 86
      vertex -8.76937 13.9644 90
    endloop
  endfacet
  facet normal 0.822272 -0.569094 0
    outer loop
      vertex -8.76937 13.9644 86
      vertex -8.85872 13.8353 90
      vertex -8.85872 13.8353 86
    endloop
  endfacet
  facet normal 0.305718 0.952122 -0
    outer loop
      vertex -7.91411 11.4449 86
      vertex -8.0636 11.4929 90
      vertex -7.91411 11.4449 90
    endloop
  endfacet
  facet normal 0.305718 0.952122 0
    outer loop
      vertex -8.0636 11.4929 90
      vertex -7.91411 11.4449 86
      vertex -8.0636 11.4929 86
    endloop
  endfacet
  facet normal -0.0159215 -0.999873 0
    outer loop
      vertex -7.55235 14.5895 86
      vertex -7.39535 14.587 90
      vertex -7.55235 14.5895 90
    endloop
  endfacet
  facet normal -0.0159215 -0.999873 -0
    outer loop
      vertex -7.39535 14.587 90
      vertex -7.55235 14.5895 86
      vertex -7.39535 14.587 86
    endloop
  endfacet
  facet normal -0.56928 -0.822144 0
    outer loop
      vertex -6.65509 14.3491 86
      vertex -6.52598 14.2597 90
      vertex -6.65509 14.3491 90
    endloop
  endfacet
  facet normal -0.56928 -0.822144 -0
    outer loop
      vertex -6.52598 14.2597 90
      vertex -6.65509 14.3491 86
      vertex -6.52598 14.2597 86
    endloop
  endfacet
  facet normal 0.999866 -0.0163672 0
    outer loop
      vertex -9.09914 12.938 90
      vertex -9.09657 13.095 86
      vertex -9.09657 13.095 90
    endloop
  endfacet
  facet normal 0.999866 -0.0163672 0
    outer loop
      vertex -9.09657 13.095 86
      vertex -9.09914 12.938 90
      vertex -9.09914 12.938 86
    endloop
  endfacet
  facet normal -0.695453 0.718571 0
    outer loop
      vertex -6.33222 11.8966 86
      vertex -6.44505 11.7874 90
      vertex -6.33222 11.8966 90
    endloop
  endfacet
  facet normal -0.695453 0.718571 0
    outer loop
      vertex -6.44505 11.7874 90
      vertex -6.33222 11.8966 86
      vertex -6.44505 11.7874 86
    endloop
  endfacet
  facet normal -0.983849 -0.179003 0
    outer loop
      vertex -5.91369 13.1992 86
      vertex -5.9418 13.3537 90
      vertex -5.9418 13.3537 86
    endloop
  endfacet
  facet normal -0.983849 -0.179003 0
    outer loop
      vertex -5.9418 13.3537 90
      vertex -5.91369 13.1992 86
      vertex -5.91369 13.1992 90
    endloop
  endfacet
  facet normal -0.485886 -0.874022 0
    outer loop
      vertex -6.79234 14.4254 86
      vertex -6.65509 14.3491 90
      vertex -6.79234 14.4254 90
    endloop
  endfacet
  facet normal -0.485886 -0.874022 -0
    outer loop
      vertex -6.65509 14.3491 90
      vertex -6.79234 14.4254 86
      vertex -6.65509 14.3491 86
    endloop
  endfacet
  facet normal 0.718511 0.695516 0
    outer loop
      vertex -8.59375 11.8226 90
      vertex -8.70294 11.9354 86
      vertex -8.70294 11.9354 90
    endloop
  endfacet
  facet normal 0.718511 0.695516 0
    outer loop
      vertex -8.70294 11.9354 86
      vertex -8.59375 11.8226 90
      vertex -8.59375 11.8226 86
    endloop
  endfacet
  facet normal 0.917439 -0.397876 0
    outer loop
      vertex -8.99745 13.554 90
      vertex -8.935 13.698 86
      vertex -8.935 13.698 90
    endloop
  endfacet
  facet normal 0.917439 -0.397876 0
    outer loop
      vertex -8.935 13.698 86
      vertex -8.99745 13.554 90
      vertex -8.99745 13.554 86
    endloop
  endfacet
  facet normal -0.306296 -0.951936 0
    outer loop
      vertex -7.08589 14.5359 86
      vertex -6.9364 14.4878 90
      vertex -7.08589 14.5359 90
    endloop
  endfacet
  facet normal -0.306296 -0.951936 -0
    outer loop
      vertex -6.9364 14.4878 90
      vertex -7.08589 14.5359 86
      vertex -6.9364 14.4878 86
    endloop
  endfacet
  facet normal -0.993452 0.114247 0
    outer loop
      vertex -5.92137 12.7297 86
      vertex -5.90343 12.8857 90
      vertex -5.90343 12.8857 86
    endloop
  endfacet
  facet normal -0.993452 0.114247 0
    outer loop
      vertex -5.90343 12.8857 90
      vertex -5.92137 12.7297 86
      vertex -5.92137 12.7297 90
    endloop
  endfacet
  facet normal -0.621614 0.783323 0
    outer loop
      vertex -6.44505 11.7874 86
      vertex -6.56804 11.6898 90
      vertex -6.44505 11.7874 90
    endloop
  endfacet
  facet normal -0.621614 0.783323 0
    outer loop
      vertex -6.56804 11.6898 90
      vertex -6.44505 11.7874 86
      vertex -6.56804 11.6898 86
    endloop
  endfacet
  facet normal 0.996656 0.0817067 0
    outer loop
      vertex -9.08631 12.7815 90
      vertex -9.09914 12.938 86
      vertex -9.09914 12.938 90
    endloop
  endfacet
  facet normal 0.996656 0.0817067 0
    outer loop
      vertex -9.09914 12.938 86
      vertex -9.08631 12.7815 90
      vertex -9.08631 12.7815 86
    endloop
  endfacet
  facet normal 0.114631 0.993408 -0
    outer loop
      vertex -7.60464 11.3938 86
      vertex -7.76063 11.4118 90
      vertex -7.60464 11.3938 90
    endloop
  endfacet
  facet normal 0.114631 0.993408 0
    outer loop
      vertex -7.76063 11.4118 90
      vertex -7.60464 11.3938 86
      vertex -7.76063 11.4118 86
    endloop
  endfacet
  facet normal -0.874001 0.485924 0
    outer loop
      vertex -6.14128 12.1455 86
      vertex -6.065 12.2827 90
      vertex -6.065 12.2827 86
    endloop
  endfacet
  facet normal -0.874001 0.485924 0
    outer loop
      vertex -6.065 12.2827 90
      vertex -6.14128 12.1455 86
      vertex -6.14128 12.1455 90
    endloop
  endfacet
  facet normal 0.889428 0.457074 0
    outer loop
      vertex -8.88564 12.1904 90
      vertex -8.95738 12.33 86
      vertex -8.95738 12.33 90
    endloop
  endfacet
  facet normal 0.889428 0.457074 0
    outer loop
      vertex -8.95738 12.33 86
      vertex -8.88564 12.1904 90
      vertex -8.88564 12.1904 86
    endloop
  endfacet
  facet normal -0.541967 0.8404 0
    outer loop
      vertex -6.56804 11.6898 86
      vertex -6.7 11.6047 90
      vertex -6.56804 11.6898 90
    endloop
  endfacet
  facet normal -0.541967 0.8404 0
    outer loop
      vertex -6.7 11.6047 90
      vertex -6.56804 11.6898 86
      vertex -6.7 11.6047 86
    endloop
  endfacet
  facet normal -0.961579 -0.274528 0
    outer loop
      vertex -5.9418 13.3537 86
      vertex -5.98491 13.5047 90
      vertex -5.98491 13.5047 86
    endloop
  endfacet
  facet normal -0.961579 -0.274528 0
    outer loop
      vertex -5.98491 13.5047 90
      vertex -5.9418 13.3537 86
      vertex -5.9418 13.3537 90
    endloop
  endfacet
  facet normal 0.274502 -0.961586 0
    outer loop
      vertex -8.0143 14.5055 86
      vertex -7.86332 14.5486 90
      vertex -8.0143 14.5055 90
    endloop
  endfacet
  facet normal 0.274502 -0.961586 0
    outer loop
      vertex -7.86332 14.5486 90
      vertex -8.0143 14.5055 86
      vertex -7.86332 14.5486 86
    endloop
  endfacet
  facet normal -0.646647 -0.762789 0
    outer loop
      vertex -6.52598 14.2597 86
      vertex -6.40625 14.1582 90
      vertex -6.52598 14.2597 90
    endloop
  endfacet
  facet normal -0.646647 -0.762789 -0
    outer loop
      vertex -6.40625 14.1582 90
      vertex -6.52598 14.2597 86
      vertex -6.40625 14.1582 86
    endloop
  endfacet
  facet normal -0.718819 -0.695198 0
    outer loop
      vertex -6.29706 14.0453 86
      vertex -6.40625 14.1582 90
      vertex -6.40625 14.1582 86
    endloop
  endfacet
  facet normal -0.718819 -0.695198 0
    outer loop
      vertex -6.40625 14.1582 90
      vertex -6.29706 14.0453 86
      vertex -6.29706 14.0453 90
    endloop
  endfacet
  facet normal -0.977437 0.211226 0
    outer loop
      vertex -5.95452 12.5763 86
      vertex -5.92137 12.7297 90
      vertex -5.92137 12.7297 86
    endloop
  endfacet
  facet normal -0.977437 0.211226 0
    outer loop
      vertex -5.92137 12.7297 90
      vertex -5.95452 12.5763 86
      vertex -5.95452 12.5763 90
    endloop
  endfacet
  facet normal 0.993452 -0.114247 0
    outer loop
      vertex -9.09657 13.095 90
      vertex -9.07863 13.251 86
      vertex -9.07863 13.251 90
    endloop
  endfacet
  facet normal 0.993452 -0.114247 0
    outer loop
      vertex -9.07863 13.251 86
      vertex -9.09657 13.095 90
      vertex -9.09657 13.095 86
    endloop
  endfacet
  facet normal 0.647018 0.762475 -0
    outer loop
      vertex -8.47402 11.721 86
      vertex -8.59375 11.8226 90
      vertex -8.47402 11.721 90
    endloop
  endfacet
  facet normal 0.647018 0.762475 0
    outer loop
      vertex -8.59375 11.8226 90
      vertex -8.47402 11.721 86
      vertex -8.59375 11.8226 86
    endloop
  endfacet
  facet normal 0.874151 -0.485654 0
    outer loop
      vertex -8.935 13.698 90
      vertex -8.85872 13.8353 86
      vertex -8.85872 13.8353 90
    endloop
  endfacet
  facet normal 0.874151 -0.485654 0
    outer loop
      vertex -8.85872 13.8353 86
      vertex -8.935 13.698 90
      vertex -8.935 13.698 86
    endloop
  endfacet
  facet normal 0.367478 -0.930032 0
    outer loop
      vertex -8.16033 14.4478 86
      vertex -8.0143 14.5055 90
      vertex -8.16033 14.4478 90
    endloop
  endfacet
  facet normal 0.367478 -0.930032 0
    outer loop
      vertex -8.0143 14.5055 90
      vertex -8.16033 14.4478 86
      vertex -8.0143 14.5055 86
    endloop
  endfacet
  facet normal -0.822272 0.569094 0
    outer loop
      vertex -6.23063 12.0164 86
      vertex -6.14128 12.1455 90
      vertex -6.14128 12.1455 86
    endloop
  endfacet
  facet normal -0.822272 0.569094 0
    outer loop
      vertex -6.14128 12.1455 90
      vertex -6.23063 12.0164 86
      vertex -6.23063 12.0164 90
    endloop
  endfacet
  facet normal 0.568849 0.822442 -0
    outer loop
      vertex -8.34491 11.6317 86
      vertex -8.47402 11.721 90
      vertex -8.34491 11.6317 90
    endloop
  endfacet
  facet normal 0.568849 0.822442 0
    outer loop
      vertex -8.47402 11.721 90
      vertex -8.34491 11.6317 86
      vertex -8.47402 11.721 86
    endloop
  endfacet
  facet normal -0.178964 0.983856 0
    outer loop
      vertex -7.13668 11.4322 86
      vertex -7.29116 11.4041 90
      vertex -7.13668 11.4322 90
    endloop
  endfacet
  facet normal -0.178964 0.983856 0
    outer loop
      vertex -7.29116 11.4041 90
      vertex -7.13668 11.4322 86
      vertex -7.29116 11.4041 86
    endloop
  endfacet
  facet normal -0.114639 -0.993407 0
    outer loop
      vertex -7.39535 14.587 86
      vertex -7.23937 14.569 90
      vertex -7.39535 14.587 90
    endloop
  endfacet
  facet normal -0.114639 -0.993407 -0
    outer loop
      vertex -7.23937 14.569 90
      vertex -7.39535 14.587 86
      vertex -7.23937 14.569 86
    endloop
  endfacet
  facet normal 0.783317 0.621623 0
    outer loop
      vertex -8.70294 11.9354 90
      vertex -8.80055 12.0584 86
      vertex -8.80055 12.0584 90
    endloop
  endfacet
  facet normal 0.783317 0.621623 0
    outer loop
      vertex -8.80055 12.0584 86
      vertex -8.70294 11.9354 90
      vertex -8.70294 11.9354 86
    endloop
  endfacet
  facet normal -0.456692 0.889625 0
    outer loop
      vertex -6.7 11.6047 86
      vertex -6.83967 11.533 90
      vertex -6.7 11.6047 90
    endloop
  endfacet
  facet normal -0.456692 0.889625 0
    outer loop
      vertex -6.83967 11.533 90
      vertex -6.7 11.6047 86
      vertex -6.83967 11.533 86
    endloop
  endfacet
  facet normal 0.210816 0.977526 -0
    outer loop
      vertex -7.76063 11.4118 86
      vertex -7.91411 11.4449 90
      vertex -7.76063 11.4118 90
    endloop
  endfacet
  facet normal 0.210816 0.977526 0
    outer loop
      vertex -7.91411 11.4449 90
      vertex -7.76063 11.4118 86
      vertex -7.91411 11.4449 86
    endloop
  endfacet
  facet normal -0.210816 -0.977526 0
    outer loop
      vertex -7.23937 14.569 86
      vertex -7.08589 14.5359 90
      vertex -7.23937 14.569 90
    endloop
  endfacet
  facet normal -0.210816 -0.977526 -0
    outer loop
      vertex -7.08589 14.5359 90
      vertex -7.23937 14.569 86
      vertex -7.08589 14.5359 86
    endloop
  endfacet
  facet normal 0.0815221 -0.996672 0
    outer loop
      vertex -7.70884 14.5767 86
      vertex -7.55235 14.5895 90
      vertex -7.70884 14.5767 90
    endloop
  endfacet
  facet normal 0.0815221 -0.996672 0
    outer loop
      vertex -7.55235 14.5895 90
      vertex -7.70884 14.5767 86
      vertex -7.55235 14.5895 86
    endloop
  endfacet
  facet normal 0.178964 -0.983856 0
    outer loop
      vertex -7.86332 14.5486 86
      vertex -7.70884 14.5767 90
      vertex -7.86332 14.5486 90
    endloop
  endfacet
  facet normal 0.178964 -0.983856 0
    outer loop
      vertex -7.70884 14.5767 90
      vertex -7.86332 14.5486 86
      vertex -7.70884 14.5767 86
    endloop
  endfacet
  facet normal 0.952072 -0.305873 0
    outer loop
      vertex -9.04548 13.4045 90
      vertex -8.99745 13.554 86
      vertex -8.99745 13.554 90
    endloop
  endfacet
  facet normal 0.952072 -0.305873 0
    outer loop
      vertex -8.99745 13.554 86
      vertex -9.04548 13.4045 90
      vertex -9.04548 13.4045 86
    endloop
  endfacet
  facet normal 0.485886 0.874022 -0
    outer loop
      vertex -8.20766 11.5554 86
      vertex -8.34491 11.6317 90
      vertex -8.20766 11.5554 90
    endloop
  endfacet
  facet normal 0.485886 0.874022 0
    outer loop
      vertex -8.34491 11.6317 90
      vertex -8.20766 11.5554 86
      vertex -8.34491 11.6317 86
    endloop
  endfacet
  facet normal 0.0165593 0.999863 -0
    outer loop
      vertex -7.44765 11.3912 86
      vertex -7.60464 11.3938 90
      vertex -7.44765 11.3912 90
    endloop
  endfacet
  facet normal 0.0165593 0.999863 0
    outer loop
      vertex -7.60464 11.3938 90
      vertex -7.44765 11.3912 86
      vertex -7.60464 11.3938 86
    endloop
  endfacet
  facet normal -0.840345 -0.542051 0
    outer loop
      vertex -6.11436 13.7904 86
      vertex -6.19944 13.9223 90
      vertex -6.19944 13.9223 86
    endloop
  endfacet
  facet normal -0.840345 -0.542051 0
    outer loop
      vertex -6.19944 13.9223 90
      vertex -6.11436 13.7904 86
      vertex -6.11436 13.7904 90
    endloop
  endfacet
  facet normal 0.398004 0.917384 -0
    outer loop
      vertex -8.0636 11.4929 86
      vertex -8.20766 11.5554 90
      vertex -8.0636 11.4929 90
    endloop
  endfacet
  facet normal 0.398004 0.917384 0
    outer loop
      vertex -8.20766 11.5554 90
      vertex -8.0636 11.4929 86
      vertex -8.20766 11.5554 86
    endloop
  endfacet
  facet normal -0.91754 0.397643 0
    outer loop
      vertex -6.065 12.2827 86
      vertex -6.00255 12.4268 90
      vertex -6.00255 12.4268 86
    endloop
  endfacet
  facet normal -0.91754 0.397643 0
    outer loop
      vertex -6.00255 12.4268 90
      vertex -6.065 12.2827 86
      vertex -6.065 12.2827 90
    endloop
  endfacet
  facet normal -0.274502 0.961586 0
    outer loop
      vertex -6.9857 11.4753 86
      vertex -7.13668 11.4322 90
      vertex -6.9857 11.4753 90
    endloop
  endfacet
  facet normal -0.274502 0.961586 0
    outer loop
      vertex -7.13668 11.4322 90
      vertex -6.9857 11.4753 86
      vertex -7.13668 11.4322 86
    endloop
  endfacet
  facet normal -0.367478 0.930032 0
    outer loop
      vertex -6.83967 11.533 86
      vertex -6.9857 11.4753 90
      vertex -6.83967 11.533 90
    endloop
  endfacet
  facet normal -0.367478 0.930032 0
    outer loop
      vertex -6.9857 11.4753 90
      vertex -6.83967 11.533 86
      vertex -6.9857 11.4753 86
    endloop
  endfacet
  facet normal -0.0821547 0.99662 0
    outer loop
      vertex -7.29116 11.4041 86
      vertex -7.44765 11.3912 90
      vertex -7.29116 11.4041 90
    endloop
  endfacet
  facet normal -0.0821547 0.99662 0
    outer loop
      vertex -7.44765 11.3912 90
      vertex -7.29116 11.4041 86
      vertex -7.44765 11.3912 86
    endloop
  endfacet
  facet normal -0.889561 -0.456816 0
    outer loop
      vertex -6.04262 13.6507 86
      vertex -6.11436 13.7904 90
      vertex -6.11436 13.7904 86
    endloop
  endfacet
  facet normal -0.889561 -0.456816 0
    outer loop
      vertex -6.11436 13.7904 90
      vertex -6.04262 13.6507 86
      vertex -6.04262 13.6507 90
    endloop
  endfacet
  facet normal -0.397468 -0.917616 0
    outer loop
      vertex -6.9364 14.4878 86
      vertex -6.79234 14.4254 90
      vertex -6.9364 14.4878 90
    endloop
  endfacet
  facet normal -0.397468 -0.917616 -0
    outer loop
      vertex -6.79234 14.4254 90
      vertex -6.9364 14.4878 86
      vertex -6.79234 14.4254 86
    endloop
  endfacet
  facet normal -0.929985 -0.367599 0
    outer loop
      vertex -5.98491 13.5047 86
      vertex -6.04262 13.6507 90
      vertex -6.04262 13.6507 86
    endloop
  endfacet
  facet normal -0.929985 -0.367599 0
    outer loop
      vertex -6.04262 13.6507 90
      vertex -5.98491 13.5047 86
      vertex -5.98491 13.5047 90
    endloop
  endfacet
  facet normal -0.999866 0.0163672 0
    outer loop
      vertex -5.90343 12.8857 86
      vertex -5.90086 13.0427 90
      vertex -5.90086 13.0427 86
    endloop
  endfacet
  facet normal -0.999866 0.0163672 0
    outer loop
      vertex -5.90086 13.0427 90
      vertex -5.90343 12.8857 86
      vertex -5.90343 12.8857 90
    endloop
  endfacet
  facet normal -0.996656 -0.0817067 0
    outer loop
      vertex -5.90086 13.0427 86
      vertex -5.91369 13.1992 90
      vertex -5.91369 13.1992 86
    endloop
  endfacet
  facet normal -0.996656 -0.0817067 0
    outer loop
      vertex -5.91369 13.1992 90
      vertex -5.90086 13.0427 86
      vertex -5.90086 13.0427 90
    endloop
  endfacet
  facet normal -0.993452 -0.114247 0
    outer loop
      vertex -5.90343 -12.8857 86
      vertex -5.92137 -12.7297 90
      vertex -5.92137 -12.7297 86
    endloop
  endfacet
  facet normal -0.993452 -0.114247 0
    outer loop
      vertex -5.92137 -12.7297 90
      vertex -5.90343 -12.8857 86
      vertex -5.90343 -12.8857 90
    endloop
  endfacet
  facet normal 0.274502 0.961586 -0
    outer loop
      vertex -7.86332 -14.5486 86
      vertex -8.0143 -14.5055 90
      vertex -7.86332 -14.5486 90
    endloop
  endfacet
  facet normal 0.274502 0.961586 0
    outer loop
      vertex -8.0143 -14.5055 90
      vertex -7.86332 -14.5486 86
      vertex -8.0143 -14.5055 86
    endloop
  endfacet
  facet normal -0.646647 0.762789 0
    outer loop
      vertex -6.40625 -14.1582 86
      vertex -6.52598 -14.2597 90
      vertex -6.40625 -14.1582 90
    endloop
  endfacet
  facet normal -0.646647 0.762789 0
    outer loop
      vertex -6.52598 -14.2597 90
      vertex -6.40625 -14.1582 86
      vertex -6.52598 -14.2597 86
    endloop
  endfacet
  facet normal -0.210816 0.977526 0
    outer loop
      vertex -7.08589 -14.5359 86
      vertex -7.23937 -14.569 90
      vertex -7.08589 -14.5359 90
    endloop
  endfacet
  facet normal -0.210816 0.977526 0
    outer loop
      vertex -7.23937 -14.569 90
      vertex -7.08589 -14.5359 86
      vertex -7.23937 -14.569 86
    endloop
  endfacet
  facet normal -0.929985 0.367599 0
    outer loop
      vertex -6.04262 -13.6507 86
      vertex -5.98491 -13.5047 90
      vertex -5.98491 -13.5047 86
    endloop
  endfacet
  facet normal -0.929985 0.367599 0
    outer loop
      vertex -5.98491 -13.5047 90
      vertex -6.04262 -13.6507 86
      vertex -6.04262 -13.6507 90
    endloop
  endfacet
  facet normal 0.485886 -0.874022 0
    outer loop
      vertex -8.34491 -11.6317 86
      vertex -8.20766 -11.5554 90
      vertex -8.34491 -11.6317 90
    endloop
  endfacet
  facet normal 0.485886 -0.874022 0
    outer loop
      vertex -8.20766 -11.5554 90
      vertex -8.34491 -11.6317 86
      vertex -8.20766 -11.5554 86
    endloop
  endfacet
  facet normal -0.397468 0.917616 0
    outer loop
      vertex -6.79234 -14.4254 86
      vertex -6.9364 -14.4878 90
      vertex -6.79234 -14.4254 90
    endloop
  endfacet
  facet normal -0.397468 0.917616 0
    outer loop
      vertex -6.9364 -14.4878 90
      vertex -6.79234 -14.4254 86
      vertex -6.9364 -14.4878 86
    endloop
  endfacet
  facet normal 0.541967 0.8404 -0
    outer loop
      vertex -8.3 -14.376 86
      vertex -8.43196 -14.2909 90
      vertex -8.3 -14.376 90
    endloop
  endfacet
  facet normal 0.541967 0.8404 0
    outer loop
      vertex -8.43196 -14.2909 90
      vertex -8.3 -14.376 86
      vertex -8.43196 -14.2909 86
    endloop
  endfacet
  facet normal 0.647018 -0.762475 0
    outer loop
      vertex -8.59375 -11.8226 86
      vertex -8.47402 -11.721 90
      vertex -8.59375 -11.8226 90
    endloop
  endfacet
  facet normal 0.647018 -0.762475 0
    outer loop
      vertex -8.47402 -11.721 90
      vertex -8.59375 -11.8226 86
      vertex -8.47402 -11.721 86
    endloop
  endfacet
  facet normal 0.983828 -0.179115 0
    outer loop
      vertex -9.08631 -12.7815 90
      vertex -9.0582 -12.6271 86
      vertex -9.0582 -12.6271 90
    endloop
  endfacet
  facet normal 0.983828 -0.179115 0
    outer loop
      vertex -9.0582 -12.6271 86
      vertex -9.08631 -12.7815 90
      vertex -9.08631 -12.7815 86
    endloop
  endfacet
  facet normal 0.457195 0.889366 -0
    outer loop
      vertex -8.16033 -14.4478 86
      vertex -8.3 -14.376 90
      vertex -8.16033 -14.4478 90
    endloop
  endfacet
  facet normal 0.457195 0.889366 0
    outer loop
      vertex -8.3 -14.376 90
      vertex -8.16033 -14.4478 86
      vertex -8.3 -14.376 86
    endloop
  endfacet
  facet normal -0.56928 0.822144 0
    outer loop
      vertex -6.52598 -14.2597 86
      vertex -6.65509 -14.3491 90
      vertex -6.52598 -14.2597 90
    endloop
  endfacet
  facet normal -0.56928 0.822144 0
    outer loop
      vertex -6.65509 -14.3491 90
      vertex -6.52598 -14.2597 86
      vertex -6.65509 -14.3491 86
    endloop
  endfacet
  facet normal -0.91754 -0.397643 0
    outer loop
      vertex -6.00255 -12.4268 86
      vertex -6.065 -12.2827 90
      vertex -6.065 -12.2827 86
    endloop
  endfacet
  facet normal -0.91754 -0.397643 0
    outer loop
      vertex -6.065 -12.2827 90
      vertex -6.00255 -12.4268 86
      vertex -6.00255 -12.4268 90
    endloop
  endfacet
  facet normal -0.0821547 -0.99662 0
    outer loop
      vertex -7.44765 -11.3912 86
      vertex -7.29116 -11.4041 90
      vertex -7.44765 -11.3912 90
    endloop
  endfacet
  facet normal -0.0821547 -0.99662 -0
    outer loop
      vertex -7.29116 -11.4041 90
      vertex -7.44765 -11.3912 86
      vertex -7.29116 -11.4041 86
    endloop
  endfacet
  facet normal -0.999866 -0.0163672 0
    outer loop
      vertex -5.90086 -13.0427 86
      vertex -5.90343 -12.8857 90
      vertex -5.90343 -12.8857 86
    endloop
  endfacet
  facet normal -0.999866 -0.0163672 0
    outer loop
      vertex -5.90343 -12.8857 90
      vertex -5.90086 -13.0427 86
      vertex -5.90086 -13.0427 90
    endloop
  endfacet
  facet normal 0.695453 0.718571 -0
    outer loop
      vertex -8.55495 -14.1933 86
      vertex -8.66778 -14.0841 90
      vertex -8.55495 -14.1933 90
    endloop
  endfacet
  facet normal 0.695453 0.718571 0
    outer loop
      vertex -8.66778 -14.0841 90
      vertex -8.55495 -14.1933 86
      vertex -8.66778 -14.0841 86
    endloop
  endfacet
  facet normal -0.961579 0.274528 0
    outer loop
      vertex -5.98491 -13.5047 86
      vertex -5.9418 -13.3537 90
      vertex -5.9418 -13.3537 86
    endloop
  endfacet
  facet normal -0.961579 0.274528 0
    outer loop
      vertex -5.9418 -13.3537 90
      vertex -5.98491 -13.5047 86
      vertex -5.98491 -13.5047 90
    endloop
  endfacet
  facet normal -0.762693 -0.646761 0
    outer loop
      vertex -6.23063 -12.0164 86
      vertex -6.33222 -11.8966 90
      vertex -6.33222 -11.8966 86
    endloop
  endfacet
  facet normal -0.762693 -0.646761 0
    outer loop
      vertex -6.33222 -11.8966 90
      vertex -6.23063 -12.0164 86
      vertex -6.23063 -12.0164 90
    endloop
  endfacet
  facet normal 0.840503 -0.541806 0
    outer loop
      vertex -8.88564 -12.1904 90
      vertex -8.80055 -12.0584 86
      vertex -8.80055 -12.0584 90
    endloop
  endfacet
  facet normal 0.840503 -0.541806 0
    outer loop
      vertex -8.80055 -12.0584 86
      vertex -8.88564 -12.1904 90
      vertex -8.88564 -12.1904 86
    endloop
  endfacet
  facet normal -0.718819 0.695198 0
    outer loop
      vertex -6.40625 -14.1582 86
      vertex -6.29706 -14.0453 90
      vertex -6.29706 -14.0453 86
    endloop
  endfacet
  facet normal -0.718819 0.695198 0
    outer loop
      vertex -6.29706 -14.0453 90
      vertex -6.40625 -14.1582 86
      vertex -6.40625 -14.1582 90
    endloop
  endfacet
  facet normal -0.367478 -0.930032 0
    outer loop
      vertex -6.9857 -11.4753 86
      vertex -6.83967 -11.533 90
      vertex -6.9857 -11.4753 90
    endloop
  endfacet
  facet normal -0.367478 -0.930032 -0
    outer loop
      vertex -6.83967 -11.533 90
      vertex -6.9857 -11.4753 86
      vertex -6.83967 -11.533 86
    endloop
  endfacet
  facet normal -0.114639 0.993407 0
    outer loop
      vertex -7.23937 -14.569 86
      vertex -7.39535 -14.587 90
      vertex -7.23937 -14.569 90
    endloop
  endfacet
  facet normal -0.114639 0.993407 0
    outer loop
      vertex -7.39535 -14.587 90
      vertex -7.23937 -14.569 86
      vertex -7.39535 -14.587 86
    endloop
  endfacet
  facet normal 0.874151 0.485654 0
    outer loop
      vertex -8.85872 -13.8353 90
      vertex -8.935 -13.698 86
      vertex -8.935 -13.698 90
    endloop
  endfacet
  facet normal 0.874151 0.485654 0
    outer loop
      vertex -8.935 -13.698 86
      vertex -8.85872 -13.8353 90
      vertex -8.85872 -13.8353 86
    endloop
  endfacet
  facet normal -0.274502 -0.961586 0
    outer loop
      vertex -7.13668 -11.4322 86
      vertex -6.9857 -11.4753 90
      vertex -7.13668 -11.4322 90
    endloop
  endfacet
  facet normal -0.274502 -0.961586 -0
    outer loop
      vertex -6.9857 -11.4753 90
      vertex -7.13668 -11.4322 86
      vertex -6.9857 -11.4753 86
    endloop
  endfacet
  facet normal 0.889428 -0.457074 0
    outer loop
      vertex -8.95738 -12.33 90
      vertex -8.88564 -12.1904 86
      vertex -8.88564 -12.1904 90
    endloop
  endfacet
  facet normal 0.889428 -0.457074 0
    outer loop
      vertex -8.88564 -12.1904 86
      vertex -8.95738 -12.33 90
      vertex -8.95738 -12.33 86
    endloop
  endfacet
  facet normal 0.999866 0.0163672 0
    outer loop
      vertex -9.09657 -13.095 90
      vertex -9.09914 -12.938 86
      vertex -9.09914 -12.938 90
    endloop
  endfacet
  facet normal 0.999866 0.0163672 0
    outer loop
      vertex -9.09914 -12.938 86
      vertex -9.09657 -13.095 90
      vertex -9.09657 -13.095 86
    endloop
  endfacet
  facet normal -0.996656 0.0817067 0
    outer loop
      vertex -5.91369 -13.1992 86
      vertex -5.90086 -13.0427 90
      vertex -5.90086 -13.0427 86
    endloop
  endfacet
  facet normal -0.996656 0.0817067 0
    outer loop
      vertex -5.90086 -13.0427 90
      vertex -5.91369 -13.1992 86
      vertex -5.91369 -13.1992 90
    endloop
  endfacet
  facet normal 0.718511 -0.695516 0
    outer loop
      vertex -8.70294 -11.9354 90
      vertex -8.59375 -11.8226 86
      vertex -8.59375 -11.8226 90
    endloop
  endfacet
  facet normal 0.718511 -0.695516 0
    outer loop
      vertex -8.59375 -11.8226 86
      vertex -8.70294 -11.9354 90
      vertex -8.70294 -11.9354 86
    endloop
  endfacet
  facet normal -0.983849 0.179003 0
    outer loop
      vertex -5.9418 -13.3537 86
      vertex -5.91369 -13.1992 90
      vertex -5.91369 -13.1992 86
    endloop
  endfacet
  facet normal -0.983849 0.179003 0
    outer loop
      vertex -5.91369 -13.1992 90
      vertex -5.9418 -13.3537 86
      vertex -5.9418 -13.3537 90
    endloop
  endfacet
  facet normal 0.305718 -0.952122 0
    outer loop
      vertex -8.0636 -11.4929 86
      vertex -7.91411 -11.4449 90
      vertex -8.0636 -11.4929 90
    endloop
  endfacet
  facet normal 0.305718 -0.952122 0
    outer loop
      vertex -7.91411 -11.4449 90
      vertex -8.0636 -11.4929 86
      vertex -7.91411 -11.4449 86
    endloop
  endfacet
  facet normal 0.0815221 0.996672 -0
    outer loop
      vertex -7.55235 -14.5895 86
      vertex -7.70884 -14.5767 90
      vertex -7.55235 -14.5895 90
    endloop
  endfacet
  facet normal 0.0815221 0.996672 0
    outer loop
      vertex -7.70884 -14.5767 90
      vertex -7.55235 -14.5895 86
      vertex -7.70884 -14.5767 86
    endloop
  endfacet
  facet normal 0.783317 -0.621623 0
    outer loop
      vertex -8.80055 -12.0584 90
      vertex -8.70294 -11.9354 86
      vertex -8.70294 -11.9354 90
    endloop
  endfacet
  facet normal 0.783317 -0.621623 0
    outer loop
      vertex -8.70294 -11.9354 86
      vertex -8.80055 -12.0584 90
      vertex -8.80055 -12.0584 86
    endloop
  endfacet
  facet normal 0.367478 0.930032 -0
    outer loop
      vertex -8.0143 -14.5055 86
      vertex -8.16033 -14.4478 90
      vertex -8.0143 -14.5055 90
    endloop
  endfacet
  facet normal 0.367478 0.930032 0
    outer loop
      vertex -8.16033 -14.4478 90
      vertex -8.0143 -14.5055 86
      vertex -8.16033 -14.4478 86
    endloop
  endfacet
  facet normal -0.178964 -0.983856 0
    outer loop
      vertex -7.29116 -11.4041 86
      vertex -7.13668 -11.4322 90
      vertex -7.29116 -11.4041 90
    endloop
  endfacet
  facet normal -0.178964 -0.983856 -0
    outer loop
      vertex -7.13668 -11.4322 90
      vertex -7.29116 -11.4041 86
      vertex -7.13668 -11.4322 86
    endloop
  endfacet
  facet normal -0.783286 0.621662 0
    outer loop
      vertex -6.29706 -14.0453 86
      vertex -6.19944 -13.9223 90
      vertex -6.19944 -13.9223 86
    endloop
  endfacet
  facet normal -0.783286 0.621662 0
    outer loop
      vertex -6.19944 -13.9223 90
      vertex -6.29706 -14.0453 86
      vertex -6.29706 -14.0453 90
    endloop
  endfacet
  facet normal 0.114631 -0.993408 0
    outer loop
      vertex -7.76063 -11.4118 86
      vertex -7.60464 -11.3938 90
      vertex -7.76063 -11.4118 90
    endloop
  endfacet
  facet normal 0.114631 -0.993408 0
    outer loop
      vertex -7.60464 -11.3938 90
      vertex -7.76063 -11.4118 86
      vertex -7.60464 -11.3938 86
    endloop
  endfacet
  facet normal -0.621614 -0.783323 0
    outer loop
      vertex -6.56804 -11.6898 86
      vertex -6.44505 -11.7874 90
      vertex -6.56804 -11.6898 90
    endloop
  endfacet
  facet normal -0.621614 -0.783323 -0
    outer loop
      vertex -6.44505 -11.7874 90
      vertex -6.56804 -11.6898 86
      vertex -6.44505 -11.7874 86
    endloop
  endfacet
  facet normal 0.930071 -0.367381 0
    outer loop
      vertex -9.01509 -12.4761 90
      vertex -8.95738 -12.33 86
      vertex -8.95738 -12.33 90
    endloop
  endfacet
  facet normal 0.930071 -0.367381 0
    outer loop
      vertex -8.95738 -12.33 86
      vertex -9.01509 -12.4761 90
      vertex -9.01509 -12.4761 86
    endloop
  endfacet
  facet normal 0.917439 0.397876 0
    outer loop
      vertex -8.935 -13.698 90
      vertex -8.99745 -13.554 86
      vertex -8.99745 -13.554 90
    endloop
  endfacet
  facet normal 0.917439 0.397876 0
    outer loop
      vertex -8.99745 -13.554 86
      vertex -8.935 -13.698 90
      vertex -8.935 -13.698 86
    endloop
  endfacet
  facet normal 0.178964 0.983856 -0
    outer loop
      vertex -7.70884 -14.5767 86
      vertex -7.86332 -14.5486 90
      vertex -7.70884 -14.5767 90
    endloop
  endfacet
  facet normal 0.178964 0.983856 0
    outer loop
      vertex -7.86332 -14.5486 90
      vertex -7.70884 -14.5767 86
      vertex -7.86332 -14.5486 86
    endloop
  endfacet
  facet normal 0.0165593 -0.999863 0
    outer loop
      vertex -7.60464 -11.3938 86
      vertex -7.44765 -11.3912 90
      vertex -7.60464 -11.3938 90
    endloop
  endfacet
  facet normal 0.0165593 -0.999863 0
    outer loop
      vertex -7.44765 -11.3912 90
      vertex -7.60464 -11.3938 86
      vertex -7.44765 -11.3912 86
    endloop
  endfacet
  facet normal -0.695453 -0.718571 0
    outer loop
      vertex -6.44505 -11.7874 86
      vertex -6.33222 -11.8966 90
      vertex -6.44505 -11.7874 90
    endloop
  endfacet
  facet normal -0.695453 -0.718571 -0
    outer loop
      vertex -6.33222 -11.8966 90
      vertex -6.44505 -11.7874 86
      vertex -6.33222 -11.8966 86
    endloop
  endfacet
  facet normal 0.996656 -0.0817067 0
    outer loop
      vertex -9.09914 -12.938 90
      vertex -9.08631 -12.7815 86
      vertex -9.08631 -12.7815 90
    endloop
  endfacet
  facet normal 0.996656 -0.0817067 0
    outer loop
      vertex -9.08631 -12.7815 86
      vertex -9.09914 -12.938 90
      vertex -9.09914 -12.938 86
    endloop
  endfacet
  facet normal -0.485886 0.874022 0
    outer loop
      vertex -6.65509 -14.3491 86
      vertex -6.79234 -14.4254 90
      vertex -6.65509 -14.3491 90
    endloop
  endfacet
  facet normal -0.485886 0.874022 0
    outer loop
      vertex -6.79234 -14.4254 90
      vertex -6.65509 -14.3491 86
      vertex -6.79234 -14.4254 86
    endloop
  endfacet
  facet normal 0.621614 0.783323 -0
    outer loop
      vertex -8.43196 -14.2909 86
      vertex -8.55495 -14.1933 90
      vertex -8.43196 -14.2909 90
    endloop
  endfacet
  facet normal 0.621614 0.783323 0
    outer loop
      vertex -8.55495 -14.1933 90
      vertex -8.43196 -14.2909 86
      vertex -8.55495 -14.1933 86
    endloop
  endfacet
  facet normal -0.456692 -0.889625 0
    outer loop
      vertex -6.83967 -11.533 86
      vertex -6.7 -11.6047 90
      vertex -6.83967 -11.533 90
    endloop
  endfacet
  facet normal -0.456692 -0.889625 -0
    outer loop
      vertex -6.7 -11.6047 90
      vertex -6.83967 -11.533 86
      vertex -6.7 -11.6047 86
    endloop
  endfacet
  facet normal 0.210816 -0.977526 0
    outer loop
      vertex -7.91411 -11.4449 86
      vertex -7.76063 -11.4118 90
      vertex -7.91411 -11.4449 90
    endloop
  endfacet
  facet normal 0.210816 -0.977526 0
    outer loop
      vertex -7.76063 -11.4118 90
      vertex -7.91411 -11.4449 86
      vertex -7.76063 -11.4118 86
    endloop
  endfacet
  facet normal -0.840345 0.542051 0
    outer loop
      vertex -6.19944 -13.9223 86
      vertex -6.11436 -13.7904 90
      vertex -6.11436 -13.7904 86
    endloop
  endfacet
  facet normal -0.840345 0.542051 0
    outer loop
      vertex -6.11436 -13.7904 90
      vertex -6.19944 -13.9223 86
      vertex -6.19944 -13.9223 90
    endloop
  endfacet
  facet normal -0.0159215 0.999873 0
    outer loop
      vertex -7.39535 -14.587 86
      vertex -7.55235 -14.5895 90
      vertex -7.39535 -14.587 90
    endloop
  endfacet
  facet normal -0.0159215 0.999873 0
    outer loop
      vertex -7.55235 -14.5895 90
      vertex -7.39535 -14.587 86
      vertex -7.55235 -14.5895 86
    endloop
  endfacet
  facet normal 0.961579 -0.274528 0
    outer loop
      vertex -9.0582 -12.6271 90
      vertex -9.01509 -12.4761 86
      vertex -9.01509 -12.4761 90
    endloop
  endfacet
  facet normal 0.961579 -0.274528 0
    outer loop
      vertex -9.01509 -12.4761 86
      vertex -9.0582 -12.6271 90
      vertex -9.0582 -12.6271 86
    endloop
  endfacet
  facet normal -0.977437 -0.211226 0
    outer loop
      vertex -5.92137 -12.7297 86
      vertex -5.95452 -12.5763 90
      vertex -5.95452 -12.5763 86
    endloop
  endfacet
  facet normal -0.977437 -0.211226 0
    outer loop
      vertex -5.95452 -12.5763 90
      vertex -5.92137 -12.7297 86
      vertex -5.92137 -12.7297 90
    endloop
  endfacet
  facet normal -0.822272 -0.569094 0
    outer loop
      vertex -6.14128 -12.1455 86
      vertex -6.23063 -12.0164 90
      vertex -6.23063 -12.0164 86
    endloop
  endfacet
  facet normal -0.822272 -0.569094 0
    outer loop
      vertex -6.23063 -12.0164 90
      vertex -6.14128 -12.1455 86
      vertex -6.14128 -12.1455 90
    endloop
  endfacet
  facet normal -0.952072 -0.305873 0
    outer loop
      vertex -5.95452 -12.5763 86
      vertex -6.00255 -12.4268 90
      vertex -6.00255 -12.4268 86
    endloop
  endfacet
  facet normal -0.952072 -0.305873 0
    outer loop
      vertex -6.00255 -12.4268 90
      vertex -5.95452 -12.5763 86
      vertex -5.95452 -12.5763 90
    endloop
  endfacet
  facet normal -0.889561 0.456816 0
    outer loop
      vertex -6.11436 -13.7904 86
      vertex -6.04262 -13.6507 90
      vertex -6.04262 -13.6507 86
    endloop
  endfacet
  facet normal -0.889561 0.456816 0
    outer loop
      vertex -6.04262 -13.6507 90
      vertex -6.11436 -13.7904 86
      vertex -6.11436 -13.7904 90
    endloop
  endfacet
  facet normal 0.398004 -0.917384 0
    outer loop
      vertex -8.20766 -11.5554 86
      vertex -8.0636 -11.4929 90
      vertex -8.20766 -11.5554 90
    endloop
  endfacet
  facet normal 0.398004 -0.917384 0
    outer loop
      vertex -8.0636 -11.4929 90
      vertex -8.20766 -11.5554 86
      vertex -8.0636 -11.4929 86
    endloop
  endfacet
  facet normal 0.952072 0.305873 0
    outer loop
      vertex -8.99745 -13.554 90
      vertex -9.04548 -13.4045 86
      vertex -9.04548 -13.4045 90
    endloop
  endfacet
  facet normal 0.952072 0.305873 0
    outer loop
      vertex -9.04548 -13.4045 86
      vertex -8.99745 -13.554 90
      vertex -8.99745 -13.554 86
    endloop
  endfacet
  facet normal 0.762426 0.647075 0
    outer loop
      vertex -8.66778 -14.0841 90
      vertex -8.76937 -13.9644 86
      vertex -8.76937 -13.9644 90
    endloop
  endfacet
  facet normal 0.762426 0.647075 0
    outer loop
      vertex -8.76937 -13.9644 86
      vertex -8.66778 -14.0841 90
      vertex -8.66778 -14.0841 86
    endloop
  endfacet
  facet normal -0.306296 0.951936 0
    outer loop
      vertex -6.9364 -14.4878 86
      vertex -7.08589 -14.5359 90
      vertex -6.9364 -14.4878 90
    endloop
  endfacet
  facet normal -0.306296 0.951936 0
    outer loop
      vertex -7.08589 -14.5359 90
      vertex -6.9364 -14.4878 86
      vertex -7.08589 -14.5359 86
    endloop
  endfacet
  facet normal 0.993452 0.114247 0
    outer loop
      vertex -9.07863 -13.251 90
      vertex -9.09657 -13.095 86
      vertex -9.09657 -13.095 90
    endloop
  endfacet
  facet normal 0.993452 0.114247 0
    outer loop
      vertex -9.09657 -13.095 86
      vertex -9.07863 -13.251 90
      vertex -9.07863 -13.251 86
    endloop
  endfacet
  facet normal 0.822272 0.569094 0
    outer loop
      vertex -8.76937 -13.9644 90
      vertex -8.85872 -13.8353 86
      vertex -8.85872 -13.8353 90
    endloop
  endfacet
  facet normal 0.822272 0.569094 0
    outer loop
      vertex -8.85872 -13.8353 86
      vertex -8.76937 -13.9644 90
      vertex -8.76937 -13.9644 86
    endloop
  endfacet
  facet normal 0.568849 -0.822442 0
    outer loop
      vertex -8.47402 -11.721 86
      vertex -8.34491 -11.6317 90
      vertex -8.47402 -11.721 90
    endloop
  endfacet
  facet normal 0.568849 -0.822442 0
    outer loop
      vertex -8.34491 -11.6317 90
      vertex -8.47402 -11.721 86
      vertex -8.34491 -11.6317 86
    endloop
  endfacet
  facet normal 0.977466 0.211094 0
    outer loop
      vertex -9.04548 -13.4045 90
      vertex -9.07863 -13.251 86
      vertex -9.07863 -13.251 90
    endloop
  endfacet
  facet normal 0.977466 0.211094 0
    outer loop
      vertex -9.07863 -13.251 86
      vertex -9.04548 -13.4045 90
      vertex -9.04548 -13.4045 86
    endloop
  endfacet
  facet normal -0.541967 -0.8404 0
    outer loop
      vertex -6.7 -11.6047 86
      vertex -6.56804 -11.6898 90
      vertex -6.7 -11.6047 90
    endloop
  endfacet
  facet normal -0.541967 -0.8404 -0
    outer loop
      vertex -6.56804 -11.6898 90
      vertex -6.7 -11.6047 86
      vertex -6.56804 -11.6898 86
    endloop
  endfacet
  facet normal -0.874001 -0.485924 0
    outer loop
      vertex -6.065 -12.2827 86
      vertex -6.14128 -12.1455 90
      vertex -6.14128 -12.1455 86
    endloop
  endfacet
  facet normal -0.874001 -0.485924 0
    outer loop
      vertex -6.14128 -12.1455 90
      vertex -6.065 -12.2827 86
      vertex -6.065 -12.2827 90
    endloop
  endfacet
  facet normal -0.427572 -0.903981 0
    outer loop
      vertex -12.9634 -24.2528 86
      vertex -10.5238 -25.4067 90
      vertex -12.9634 -24.2528 90
    endloop
  endfacet
  facet normal -0.427572 -0.903981 -0
    outer loop
      vertex -10.5238 -25.4067 90
      vertex -12.9634 -24.2528 86
      vertex -10.5238 -25.4067 86
    endloop
  endfacet
  facet normal 0.740939 -0.671573 0
    outer loop
      vertex 19.4454 -19.4454 90
      vertex 21.2578 -17.4458 86
      vertex 21.2578 -17.4458 90
    endloop
  endfacet
  facet normal 0.740939 -0.671573 0
    outer loop
      vertex 21.2578 -17.4458 86
      vertex 19.4454 -19.4454 90
      vertex 19.4454 -19.4454 86
    endloop
  endfacet
  facet normal 0.989176 0.146736 0
    outer loop
      vertex 27.3676 2.69547 90
      vertex 26.9716 5.36498 86
      vertex 26.9716 5.36498 90
    endloop
  endfacet
  facet normal 0.989176 0.146736 0
    outer loop
      vertex 26.9716 5.36498 86
      vertex 27.3676 2.69547 90
      vertex 27.3676 2.69547 86
    endloop
  endfacet
  facet normal 0.146736 -0.989176 0
    outer loop
      vertex 2.69547 -27.3676 86
      vertex 5.36498 -26.9716 90
      vertex 2.69547 -27.3676 90
    endloop
  endfacet
  facet normal 0.146736 -0.989176 0
    outer loop
      vertex 5.36498 -26.9716 90
      vertex 2.69547 -27.3676 86
      vertex 5.36498 -26.9716 86
    endloop
  endfacet
  facet normal 0.514092 -0.857735 0
    outer loop
      vertex 12.9634 -24.2528 86
      vertex 15.2782 -22.8654 90
      vertex 12.9634 -24.2528 90
    endloop
  endfacet
  facet normal 0.514092 -0.857735 0
    outer loop
      vertex 15.2782 -22.8654 90
      vertex 12.9634 -24.2528 86
      vertex 15.2782 -22.8654 86
    endloop
  endfacet
  facet normal 0.998796 -0.0490603 0
    outer loop
      vertex 27.3676 -2.69547 90
      vertex 27.5 0 86
      vertex 27.5 0 90
    endloop
  endfacet
  facet normal 0.998796 -0.0490603 0
    outer loop
      vertex 27.5 0 86
      vertex 27.3676 -2.69547 90
      vertex 27.3676 -2.69547 86
    endloop
  endfacet
  facet normal 0.671573 0.740939 -0
    outer loop
      vertex 19.4454 19.4454 86
      vertex 17.4458 21.2578 90
      vertex 19.4454 19.4454 90
    endloop
  endfacet
  facet normal 0.671573 0.740939 0
    outer loop
      vertex 17.4458 21.2578 90
      vertex 19.4454 19.4454 86
      vertex 17.4458 21.2578 86
    endloop
  endfacet
  facet normal -0.146736 0.989176 0
    outer loop
      vertex -2.69547 27.3676 86
      vertex -5.36498 26.9716 90
      vertex -2.69547 27.3676 90
    endloop
  endfacet
  facet normal -0.146736 0.989176 0
    outer loop
      vertex -5.36498 26.9716 90
      vertex -2.69547 27.3676 86
      vertex -5.36498 26.9716 86
    endloop
  endfacet
  facet normal 0.514092 0.857735 -0
    outer loop
      vertex 15.2782 22.8654 86
      vertex 12.9634 24.2528 90
      vertex 15.2782 22.8654 90
    endloop
  endfacet
  facet normal 0.514092 0.857735 0
    outer loop
      vertex 12.9634 24.2528 90
      vertex 15.2782 22.8654 86
      vertex 12.9634 24.2528 86
    endloop
  endfacet
  facet normal 0.595699 -0.803208 0
    outer loop
      vertex 15.2782 -22.8654 86
      vertex 17.4458 -21.2578 90
      vertex 15.2782 -22.8654 90
    endloop
  endfacet
  facet normal 0.595699 -0.803208 0
    outer loop
      vertex 17.4458 -21.2578 90
      vertex 15.2782 -22.8654 86
      vertex 17.4458 -21.2578 86
    endloop
  endfacet
  facet normal 0.427572 0.903981 -0
    outer loop
      vertex 12.9634 24.2528 86
      vertex 10.5238 25.4067 90
      vertex 12.9634 24.2528 90
    endloop
  endfacet
  facet normal 0.427572 0.903981 0
    outer loop
      vertex 10.5238 25.4067 90
      vertex 12.9634 24.2528 86
      vertex 10.5238 25.4067 86
    endloop
  endfacet
  facet normal 0.998796 0.0490603 0
    outer loop
      vertex 27.5 0 90
      vertex 27.3676 2.69547 86
      vertex 27.3676 2.69547 90
    endloop
  endfacet
  facet normal 0.998796 0.0490603 0
    outer loop
      vertex 27.3676 2.69547 86
      vertex 27.5 0 90
      vertex 27.5 0 86
    endloop
  endfacet
  facet normal 0.857735 -0.514092 0
    outer loop
      vertex 22.8654 -15.2782 90
      vertex 24.2528 -12.9634 86
      vertex 24.2528 -12.9634 90
    endloop
  endfacet
  facet normal 0.857735 -0.514092 0
    outer loop
      vertex 24.2528 -12.9634 86
      vertex 22.8654 -15.2782 90
      vertex 22.8654 -15.2782 86
    endloop
  endfacet
  facet normal 0.970035 -0.242967 0
    outer loop
      vertex 26.3159 -7.98283 90
      vertex 26.9716 -5.36498 86
      vertex 26.9716 -5.36498 90
    endloop
  endfacet
  facet normal 0.970035 -0.242967 0
    outer loop
      vertex 26.9716 -5.36498 86
      vertex 26.3159 -7.98283 90
      vertex 26.3159 -7.98283 86
    endloop
  endfacet
  facet normal 0.803208 -0.595699 0
    outer loop
      vertex 21.2578 -17.4458 90
      vertex 22.8654 -15.2782 86
      vertex 22.8654 -15.2782 90
    endloop
  endfacet
  facet normal 0.803208 -0.595699 0
    outer loop
      vertex 22.8654 -15.2782 86
      vertex 21.2578 -17.4458 90
      vertex 21.2578 -17.4458 86
    endloop
  endfacet
  facet normal -0.998796 -0.0490603 0
    outer loop
      vertex -27.3676 -2.69547 86
      vertex -27.5 0 90
      vertex -27.5 0 86
    endloop
  endfacet
  facet normal -0.998796 -0.0490603 0
    outer loop
      vertex -27.5 0 90
      vertex -27.3676 -2.69547 86
      vertex -27.3676 -2.69547 90
    endloop
  endfacet
  facet normal 0.989176 -0.146736 0
    outer loop
      vertex 26.9716 -5.36498 90
      vertex 27.3676 -2.69547 86
      vertex 27.3676 -2.69547 90
    endloop
  endfacet
  facet normal 0.989176 -0.146736 0
    outer loop
      vertex 27.3676 -2.69547 86
      vertex 26.9716 -5.36498 90
      vertex 26.9716 -5.36498 86
    endloop
  endfacet
  facet normal -0.0490603 0.998796 0
    outer loop
      vertex 0 27.5 86
      vertex -2.69547 27.3676 90
      vertex 0 27.5 90
    endloop
  endfacet
  facet normal -0.0490603 0.998796 0
    outer loop
      vertex -2.69547 27.3676 90
      vertex 0 27.5 86
      vertex -2.69547 27.3676 86
    endloop
  endfacet
  facet normal 0.595699 0.803208 -0
    outer loop
      vertex 17.4458 21.2578 86
      vertex 15.2782 22.8654 90
      vertex 17.4458 21.2578 90
    endloop
  endfacet
  facet normal 0.595699 0.803208 0
    outer loop
      vertex 15.2782 22.8654 90
      vertex 17.4458 21.2578 86
      vertex 15.2782 22.8654 86
    endloop
  endfacet
  facet normal -0.0490603 -0.998796 0
    outer loop
      vertex -2.69547 -27.3676 86
      vertex 0 -27.5 90
      vertex -2.69547 -27.3676 90
    endloop
  endfacet
  facet normal -0.0490603 -0.998796 -0
    outer loop
      vertex 0 -27.5 90
      vertex -2.69547 -27.3676 86
      vertex 0 -27.5 86
    endloop
  endfacet
  facet normal -0.242967 0.970035 0
    outer loop
      vertex -5.36498 26.9716 86
      vertex -7.98283 26.3159 90
      vertex -5.36498 26.9716 90
    endloop
  endfacet
  facet normal -0.242967 0.970035 0
    outer loop
      vertex -7.98283 26.3159 90
      vertex -5.36498 26.9716 86
      vertex -7.98283 26.3159 86
    endloop
  endfacet
  facet normal -0.740939 -0.671573 0
    outer loop
      vertex -19.4454 -19.4454 86
      vertex -21.2578 -17.4458 90
      vertex -21.2578 -17.4458 86
    endloop
  endfacet
  facet normal -0.740939 -0.671573 0
    outer loop
      vertex -21.2578 -17.4458 90
      vertex -19.4454 -19.4454 86
      vertex -19.4454 -19.4454 90
    endloop
  endfacet
  facet normal -0.970035 -0.242967 0
    outer loop
      vertex -26.3159 -7.98283 86
      vertex -26.9716 -5.36498 90
      vertex -26.9716 -5.36498 86
    endloop
  endfacet
  facet normal -0.970035 -0.242967 0
    outer loop
      vertex -26.9716 -5.36498 90
      vertex -26.3159 -7.98283 86
      vertex -26.3159 -7.98283 90
    endloop
  endfacet
  facet normal 0.0490603 0.998796 -0
    outer loop
      vertex 2.69547 27.3676 86
      vertex 0 27.5 90
      vertex 2.69547 27.3676 90
    endloop
  endfacet
  facet normal 0.0490603 0.998796 0
    outer loop
      vertex 0 27.5 90
      vertex 2.69547 27.3676 86
      vertex 0 27.5 86
    endloop
  endfacet
  facet normal -0.671573 0.740939 0
    outer loop
      vertex -17.4458 21.2578 86
      vertex -19.4454 19.4454 90
      vertex -17.4458 21.2578 90
    endloop
  endfacet
  facet normal -0.671573 0.740939 0
    outer loop
      vertex -19.4454 19.4454 90
      vertex -17.4458 21.2578 86
      vertex -19.4454 19.4454 86
    endloop
  endfacet
  facet normal -0.903981 -0.427572 0
    outer loop
      vertex -24.2528 -12.9634 86
      vertex -25.4067 -10.5238 90
      vertex -25.4067 -10.5238 86
    endloop
  endfacet
  facet normal -0.903981 -0.427572 0
    outer loop
      vertex -25.4067 -10.5238 90
      vertex -24.2528 -12.9634 86
      vertex -24.2528 -12.9634 90
    endloop
  endfacet
  facet normal -0.514092 0.857735 0
    outer loop
      vertex -12.9634 24.2528 86
      vertex -15.2782 22.8654 90
      vertex -12.9634 24.2528 90
    endloop
  endfacet
  facet normal -0.514092 0.857735 0
    outer loop
      vertex -15.2782 22.8654 90
      vertex -12.9634 24.2528 86
      vertex -15.2782 22.8654 86
    endloop
  endfacet
  facet normal 0.941541 0.336899 0
    outer loop
      vertex 26.3159 7.98283 90
      vertex 25.4067 10.5238 86
      vertex 25.4067 10.5238 90
    endloop
  endfacet
  facet normal 0.941541 0.336899 0
    outer loop
      vertex 25.4067 10.5238 86
      vertex 26.3159 7.98283 90
      vertex 26.3159 7.98283 86
    endloop
  endfacet
  facet normal 0.242967 -0.970035 0
    outer loop
      vertex 5.36498 -26.9716 86
      vertex 7.98283 -26.3159 90
      vertex 5.36498 -26.9716 90
    endloop
  endfacet
  facet normal 0.242967 -0.970035 0
    outer loop
      vertex 7.98283 -26.3159 90
      vertex 5.36498 -26.9716 86
      vertex 7.98283 -26.3159 86
    endloop
  endfacet
  facet normal 0.970035 0.242967 0
    outer loop
      vertex 26.9716 5.36498 90
      vertex 26.3159 7.98283 86
      vertex 26.3159 7.98283 90
    endloop
  endfacet
  facet normal 0.970035 0.242967 0
    outer loop
      vertex 26.3159 7.98283 86
      vertex 26.9716 5.36498 90
      vertex 26.9716 5.36498 86
    endloop
  endfacet
  facet normal -0.803208 -0.595699 0
    outer loop
      vertex -21.2578 -17.4458 86
      vertex -22.8654 -15.2782 90
      vertex -22.8654 -15.2782 86
    endloop
  endfacet
  facet normal -0.803208 -0.595699 0
    outer loop
      vertex -22.8654 -15.2782 90
      vertex -21.2578 -17.4458 86
      vertex -21.2578 -17.4458 90
    endloop
  endfacet
  facet normal -0.146736 -0.989176 0
    outer loop
      vertex -5.36498 -26.9716 86
      vertex -2.69547 -27.3676 90
      vertex -5.36498 -26.9716 90
    endloop
  endfacet
  facet normal -0.146736 -0.989176 -0
    outer loop
      vertex -2.69547 -27.3676 90
      vertex -5.36498 -26.9716 86
      vertex -2.69547 -27.3676 86
    endloop
  endfacet
  facet normal 0.0490603 -0.998796 0
    outer loop
      vertex 0 -27.5 86
      vertex 2.69547 -27.3676 90
      vertex 0 -27.5 90
    endloop
  endfacet
  facet normal 0.0490603 -0.998796 0
    outer loop
      vertex 2.69547 -27.3676 90
      vertex 0 -27.5 86
      vertex 2.69547 -27.3676 86
    endloop
  endfacet
  facet normal -0.514092 -0.857735 0
    outer loop
      vertex -15.2782 -22.8654 86
      vertex -12.9634 -24.2528 90
      vertex -15.2782 -22.8654 90
    endloop
  endfacet
  facet normal -0.514092 -0.857735 -0
    outer loop
      vertex -12.9634 -24.2528 90
      vertex -15.2782 -22.8654 86
      vertex -12.9634 -24.2528 86
    endloop
  endfacet
  facet normal 0.857735 0.514092 0
    outer loop
      vertex 24.2528 12.9634 90
      vertex 22.8654 15.2782 86
      vertex 22.8654 15.2782 90
    endloop
  endfacet
  facet normal 0.857735 0.514092 0
    outer loop
      vertex 22.8654 15.2782 86
      vertex 24.2528 12.9634 90
      vertex 24.2528 12.9634 86
    endloop
  endfacet
  facet normal -0.970035 0.242967 0
    outer loop
      vertex -26.9716 5.36498 86
      vertex -26.3159 7.98283 90
      vertex -26.3159 7.98283 86
    endloop
  endfacet
  facet normal -0.970035 0.242967 0
    outer loop
      vertex -26.3159 7.98283 90
      vertex -26.9716 5.36498 86
      vertex -26.9716 5.36498 90
    endloop
  endfacet
  facet normal 0.941541 -0.336899 0
    outer loop
      vertex 25.4067 -10.5238 90
      vertex 26.3159 -7.98283 86
      vertex 26.3159 -7.98283 90
    endloop
  endfacet
  facet normal 0.941541 -0.336899 0
    outer loop
      vertex 26.3159 -7.98283 86
      vertex 25.4067 -10.5238 90
      vertex 25.4067 -10.5238 86
    endloop
  endfacet
  facet normal 0.903981 -0.427572 0
    outer loop
      vertex 24.2528 -12.9634 90
      vertex 25.4067 -10.5238 86
      vertex 25.4067 -10.5238 90
    endloop
  endfacet
  facet normal 0.903981 -0.427572 0
    outer loop
      vertex 25.4067 -10.5238 86
      vertex 24.2528 -12.9634 90
      vertex 24.2528 -12.9634 86
    endloop
  endfacet
  facet normal -0.671573 -0.740939 0
    outer loop
      vertex -19.4454 -19.4454 86
      vertex -17.4458 -21.2578 90
      vertex -19.4454 -19.4454 90
    endloop
  endfacet
  facet normal -0.671573 -0.740939 -0
    outer loop
      vertex -17.4458 -21.2578 90
      vertex -19.4454 -19.4454 86
      vertex -17.4458 -21.2578 86
    endloop
  endfacet
  facet normal 0.903981 0.427572 0
    outer loop
      vertex 25.4067 10.5238 90
      vertex 24.2528 12.9634 86
      vertex 24.2528 12.9634 90
    endloop
  endfacet
  facet normal 0.903981 0.427572 0
    outer loop
      vertex 24.2528 12.9634 86
      vertex 25.4067 10.5238 90
      vertex 25.4067 10.5238 86
    endloop
  endfacet
  facet normal -0.740939 0.671573 0
    outer loop
      vertex -21.2578 17.4458 86
      vertex -19.4454 19.4454 90
      vertex -19.4454 19.4454 86
    endloop
  endfacet
  facet normal -0.740939 0.671573 0
    outer loop
      vertex -19.4454 19.4454 90
      vertex -21.2578 17.4458 86
      vertex -21.2578 17.4458 90
    endloop
  endfacet
  facet normal -0.998796 0.0490603 0
    outer loop
      vertex -27.5 0 86
      vertex -27.3676 2.69547 90
      vertex -27.3676 2.69547 86
    endloop
  endfacet
  facet normal -0.998796 0.0490603 0
    outer loop
      vertex -27.3676 2.69547 90
      vertex -27.5 0 86
      vertex -27.5 0 90
    endloop
  endfacet
  facet normal -0.989176 0.146736 0
    outer loop
      vertex -27.3676 2.69547 86
      vertex -26.9716 5.36498 90
      vertex -26.9716 5.36498 86
    endloop
  endfacet
  facet normal -0.989176 0.146736 0
    outer loop
      vertex -26.9716 5.36498 90
      vertex -27.3676 2.69547 86
      vertex -27.3676 2.69547 90
    endloop
  endfacet
  facet normal -0.336899 -0.941541 0
    outer loop
      vertex -10.5238 -25.4067 86
      vertex -7.98283 -26.3159 90
      vertex -10.5238 -25.4067 90
    endloop
  endfacet
  facet normal -0.336899 -0.941541 -0
    outer loop
      vertex -7.98283 -26.3159 90
      vertex -10.5238 -25.4067 86
      vertex -7.98283 -26.3159 86
    endloop
  endfacet
  facet normal -0.941541 0.336899 0
    outer loop
      vertex -26.3159 7.98283 86
      vertex -25.4067 10.5238 90
      vertex -25.4067 10.5238 86
    endloop
  endfacet
  facet normal -0.941541 0.336899 0
    outer loop
      vertex -25.4067 10.5238 90
      vertex -26.3159 7.98283 86
      vertex -26.3159 7.98283 90
    endloop
  endfacet
  facet normal -0.595699 0.803208 0
    outer loop
      vertex -15.2782 22.8654 86
      vertex -17.4458 21.2578 90
      vertex -15.2782 22.8654 90
    endloop
  endfacet
  facet normal -0.595699 0.803208 0
    outer loop
      vertex -17.4458 21.2578 90
      vertex -15.2782 22.8654 86
      vertex -17.4458 21.2578 86
    endloop
  endfacet
  facet normal -0.941541 -0.336899 0
    outer loop
      vertex -25.4067 -10.5238 86
      vertex -26.3159 -7.98283 90
      vertex -26.3159 -7.98283 86
    endloop
  endfacet
  facet normal -0.941541 -0.336899 0
    outer loop
      vertex -26.3159 -7.98283 90
      vertex -25.4067 -10.5238 86
      vertex -25.4067 -10.5238 90
    endloop
  endfacet
  facet normal -0.857735 -0.514092 0
    outer loop
      vertex -22.8654 -15.2782 86
      vertex -24.2528 -12.9634 90
      vertex -24.2528 -12.9634 86
    endloop
  endfacet
  facet normal -0.857735 -0.514092 0
    outer loop
      vertex -24.2528 -12.9634 90
      vertex -22.8654 -15.2782 86
      vertex -22.8654 -15.2782 90
    endloop
  endfacet
  facet normal 0.242967 0.970035 -0
    outer loop
      vertex 7.98283 26.3159 86
      vertex 5.36498 26.9716 90
      vertex 7.98283 26.3159 90
    endloop
  endfacet
  facet normal 0.242967 0.970035 0
    outer loop
      vertex 5.36498 26.9716 90
      vertex 7.98283 26.3159 86
      vertex 5.36498 26.9716 86
    endloop
  endfacet
  facet normal -0.803208 0.595699 0
    outer loop
      vertex -22.8654 15.2782 86
      vertex -21.2578 17.4458 90
      vertex -21.2578 17.4458 86
    endloop
  endfacet
  facet normal -0.803208 0.595699 0
    outer loop
      vertex -21.2578 17.4458 90
      vertex -22.8654 15.2782 86
      vertex -22.8654 15.2782 90
    endloop
  endfacet
  facet normal 0.146736 0.989176 -0
    outer loop
      vertex 5.36498 26.9716 86
      vertex 2.69547 27.3676 90
      vertex 5.36498 26.9716 90
    endloop
  endfacet
  facet normal 0.146736 0.989176 0
    outer loop
      vertex 2.69547 27.3676 90
      vertex 5.36498 26.9716 86
      vertex 2.69547 27.3676 86
    endloop
  endfacet
  facet normal -0.242967 -0.970035 0
    outer loop
      vertex -7.98283 -26.3159 86
      vertex -5.36498 -26.9716 90
      vertex -7.98283 -26.3159 90
    endloop
  endfacet
  facet normal -0.242967 -0.970035 -0
    outer loop
      vertex -5.36498 -26.9716 90
      vertex -7.98283 -26.3159 86
      vertex -5.36498 -26.9716 86
    endloop
  endfacet
  facet normal -0.336899 0.941541 0
    outer loop
      vertex -7.98283 26.3159 86
      vertex -10.5238 25.4067 90
      vertex -7.98283 26.3159 90
    endloop
  endfacet
  facet normal -0.336899 0.941541 0
    outer loop
      vertex -10.5238 25.4067 90
      vertex -7.98283 26.3159 86
      vertex -10.5238 25.4067 86
    endloop
  endfacet
  facet normal 0.671573 -0.740939 0
    outer loop
      vertex 17.4458 -21.2578 86
      vertex 19.4454 -19.4454 90
      vertex 17.4458 -21.2578 90
    endloop
  endfacet
  facet normal 0.671573 -0.740939 0
    outer loop
      vertex 19.4454 -19.4454 90
      vertex 17.4458 -21.2578 86
      vertex 19.4454 -19.4454 86
    endloop
  endfacet
  facet normal -0.903981 0.427572 0
    outer loop
      vertex -25.4067 10.5238 86
      vertex -24.2528 12.9634 90
      vertex -24.2528 12.9634 86
    endloop
  endfacet
  facet normal -0.903981 0.427572 0
    outer loop
      vertex -24.2528 12.9634 90
      vertex -25.4067 10.5238 86
      vertex -25.4067 10.5238 90
    endloop
  endfacet
  facet normal 0.803208 0.595699 0
    outer loop
      vertex 22.8654 15.2782 90
      vertex 21.2578 17.4458 86
      vertex 21.2578 17.4458 90
    endloop
  endfacet
  facet normal 0.803208 0.595699 0
    outer loop
      vertex 21.2578 17.4458 86
      vertex 22.8654 15.2782 90
      vertex 22.8654 15.2782 86
    endloop
  endfacet
  facet normal 0.740939 0.671573 0
    outer loop
      vertex 21.2578 17.4458 90
      vertex 19.4454 19.4454 86
      vertex 19.4454 19.4454 90
    endloop
  endfacet
  facet normal 0.740939 0.671573 0
    outer loop
      vertex 19.4454 19.4454 86
      vertex 21.2578 17.4458 90
      vertex 21.2578 17.4458 86
    endloop
  endfacet
  facet normal -0.989176 -0.146736 0
    outer loop
      vertex -26.9716 -5.36498 86
      vertex -27.3676 -2.69547 90
      vertex -27.3676 -2.69547 86
    endloop
  endfacet
  facet normal -0.989176 -0.146736 0
    outer loop
      vertex -27.3676 -2.69547 90
      vertex -26.9716 -5.36498 86
      vertex -26.9716 -5.36498 90
    endloop
  endfacet
  facet normal 0.336899 0.941541 -0
    outer loop
      vertex 10.5238 25.4067 86
      vertex 7.98283 26.3159 90
      vertex 10.5238 25.4067 90
    endloop
  endfacet
  facet normal 0.336899 0.941541 0
    outer loop
      vertex 7.98283 26.3159 90
      vertex 10.5238 25.4067 86
      vertex 7.98283 26.3159 86
    endloop
  endfacet
  facet normal 0.336899 -0.941541 0
    outer loop
      vertex 7.98283 -26.3159 86
      vertex 10.5238 -25.4067 90
      vertex 7.98283 -26.3159 90
    endloop
  endfacet
  facet normal 0.336899 -0.941541 0
    outer loop
      vertex 10.5238 -25.4067 90
      vertex 7.98283 -26.3159 86
      vertex 10.5238 -25.4067 86
    endloop
  endfacet
  facet normal 0.427572 -0.903981 0
    outer loop
      vertex 10.5238 -25.4067 86
      vertex 12.9634 -24.2528 90
      vertex 10.5238 -25.4067 90
    endloop
  endfacet
  facet normal 0.427572 -0.903981 0
    outer loop
      vertex 12.9634 -24.2528 90
      vertex 10.5238 -25.4067 86
      vertex 12.9634 -24.2528 86
    endloop
  endfacet
  facet normal 0 0 -1
    outer loop
      vertex -2.14599 -10.7886 86
      vertex -5.91369 -13.1992 86
      vertex -5.90086 -13.0427 86
    endloop
  endfacet
  facet normal 0 0 -1
    outer loop
      vertex -2.69547 -27.3676 86
      vertex -5.9418 -13.3537 86
      vertex -5.91369 -13.1992 86
    endloop
  endfacet
  facet normal 0 0 -1
    outer loop
      vertex -2.69547 -27.3676 86
      vertex -5.98491 -13.5047 86
      vertex -5.9418 -13.3537 86
    endloop
  endfacet
  facet normal 0 0 -1
    outer loop
      vertex -2.69547 -27.3676 86
      vertex -6.04262 -13.6507 86
      vertex -5.98491 -13.5047 86
    endloop
  endfacet
  facet normal 0 0 -1
    outer loop
      vertex -2.69547 -27.3676 86
      vertex -6.11436 -13.7904 86
      vertex -6.04262 -13.6507 86
    endloop
  endfacet
  facet normal 0 0 -1
    outer loop
      vertex -2.69547 -27.3676 86
      vertex -6.19944 -13.9223 86
      vertex -6.11436 -13.7904 86
    endloop
  endfacet
  facet normal 0 0 -1
    outer loop
      vertex -2.69547 -27.3676 86
      vertex -6.29706 -14.0453 86
      vertex -6.19944 -13.9223 86
    endloop
  endfacet
  facet normal 0 0 -1
    outer loop
      vertex -2.69547 -27.3676 86
      vertex -6.40625 -14.1582 86
      vertex -6.29706 -14.0453 86
    endloop
  endfacet
  facet normal 0 0 -1
    outer loop
      vertex -2.69547 -27.3676 86
      vertex -6.52598 -14.2597 86
      vertex -6.40625 -14.1582 86
    endloop
  endfacet
  facet normal 0 0 -1
    outer loop
      vertex -2.69547 -27.3676 86
      vertex -6.65509 -14.3491 86
      vertex -6.52598 -14.2597 86
    endloop
  endfacet
  facet normal 0 0 -1
    outer loop
      vertex -5.36498 -26.9716 86
      vertex -6.79234 -14.4254 86
      vertex -6.65509 -14.3491 86
    endloop
  endfacet
  facet normal 0 0 -1
    outer loop
      vertex -5.36498 -26.9716 86
      vertex -6.9364 -14.4878 86
      vertex -6.79234 -14.4254 86
    endloop
  endfacet
  facet normal 0 0 -1
    outer loop
      vertex -5.36498 -26.9716 86
      vertex -7.08589 -14.5359 86
      vertex -6.9364 -14.4878 86
    endloop
  endfacet
  facet normal 0 0 -1
    outer loop
      vertex -7.98283 -26.3159 86
      vertex -7.08589 -14.5359 86
      vertex -5.36498 -26.9716 86
    endloop
  endfacet
  facet normal 0 0 -1
    outer loop
      vertex -7.08589 -14.5359 86
      vertex -7.98283 -26.3159 86
      vertex -7.23937 -14.569 86
    endloop
  endfacet
  facet normal 0 0 -1
    outer loop
      vertex -7.23937 -14.569 86
      vertex -7.98283 -26.3159 86
      vertex -7.39535 -14.587 86
    endloop
  endfacet
  facet normal 0 0 -1
    outer loop
      vertex -7.39535 -14.587 86
      vertex -7.98283 -26.3159 86
      vertex -7.55235 -14.5895 86
    endloop
  endfacet
  facet normal 0 0 -1
    outer loop
      vertex -10.5238 -25.4067 86
      vertex -7.55235 -14.5895 86
      vertex -7.98283 -26.3159 86
    endloop
  endfacet
  facet normal -0 0 -1
    outer loop
      vertex -7.55235 -14.5895 86
      vertex -10.5238 -25.4067 86
      vertex -7.70884 -14.5767 86
    endloop
  endfacet
  facet normal -0 0 -1
    outer loop
      vertex -7.70884 -14.5767 86
      vertex -10.5238 -25.4067 86
      vertex -7.86332 -14.5486 86
    endloop
  endfacet
  facet normal -0 0 -1
    outer loop
      vertex -7.86332 -14.5486 86
      vertex -10.5238 -25.4067 86
      vertex -8.0143 -14.5055 86
    endloop
  endfacet
  facet normal 0 0 -1
    outer loop
      vertex -12.9634 -24.2528 86
      vertex -8.0143 -14.5055 86
      vertex -10.5238 -25.4067 86
    endloop
  endfacet
  facet normal -0 0 -1
    outer loop
      vertex -8.0143 -14.5055 86
      vertex -12.9634 -24.2528 86
      vertex -8.16033 -14.4478 86
    endloop
  endfacet
  facet normal -0 0 -1
    outer loop
      vertex -8.16033 -14.4478 86
      vertex -12.9634 -24.2528 86
      vertex -8.3 -14.376 86
    endloop
  endfacet
  facet normal -0 0 -1
    outer loop
      vertex -8.3 -14.376 86
      vertex -12.9634 -24.2528 86
      vertex -8.43196 -14.2909 86
    endloop
  endfacet
  facet normal 0 0 -1
    outer loop
      vertex -15.2782 -22.8654 86
      vertex -8.43196 -14.2909 86
      vertex -12.9634 -24.2528 86
    endloop
  endfacet
  facet normal -0 0 -1
    outer loop
      vertex -8.43196 -14.2909 86
      vertex -15.2782 -22.8654 86
      vertex -8.55495 -14.1933 86
    endloop
  endfacet
  facet normal -0 0 -1
    outer loop
      vertex -8.55495 -14.1933 86
      vertex -15.2782 -22.8654 86
      vertex -8.66778 -14.0841 86
    endloop
  endfacet
  facet normal -0 0 -1
    outer loop
      vertex -8.66778 -14.0841 86
      vertex -15.2782 -22.8654 86
      vertex -8.76937 -13.9644 86
    endloop
  endfacet
  facet normal 0 0 -1
    outer loop
      vertex -17.4458 -21.2578 86
      vertex -8.76937 -13.9644 86
      vertex -15.2782 -22.8654 86
    endloop
  endfacet
  facet normal -0 0 -1
    outer loop
      vertex -8.76937 -13.9644 86
      vertex -17.4458 -21.2578 86
      vertex -8.85872 -13.8353 86
    endloop
  endfacet
  facet normal -0 0 -1
    outer loop
      vertex -8.85872 -13.8353 86
      vertex -17.4458 -21.2578 86
      vertex -8.935 -13.698 86
    endloop
  endfacet
  facet normal 0 0 -1
    outer loop
      vertex -8.95738 -12.33 86
      vertex -9.70113 -5.18536 86
      vertex -9.14616 -6.11127 86
    endloop
  endfacet
  facet normal 0 0 -1
    outer loop
      vertex -21.2578 -17.4458 86
      vertex -9.09914 -12.938 86
      vertex -9.09657 -13.095 86
    endloop
  endfacet
  facet normal -0 0 -1
    outer loop
      vertex -9.08631 -12.7815 86
      vertex -24.2528 -12.9634 86
      vertex -9.70113 -5.18536 86
    endloop
  endfacet
  facet normal -0 0 -1
    outer loop
      vertex -8.935 -13.698 86
      vertex -17.4458 -21.2578 86
      vertex -8.99745 -13.554 86
    endloop
  endfacet
  facet normal 0 0 -1
    outer loop
      vertex -19.4454 -19.4454 86
      vertex -8.99745 -13.554 86
      vertex -17.4458 -21.2578 86
    endloop
  endfacet
  facet normal -0 0 -1
    outer loop
      vertex -8.99745 -13.554 86
      vertex -19.4454 -19.4454 86
      vertex -9.04548 -13.4045 86
    endloop
  endfacet
  facet normal -0 0 -1
    outer loop
      vertex -9.04548 -13.4045 86
      vertex -19.4454 -19.4454 86
      vertex -9.07863 -13.251 86
    endloop
  endfacet
  facet normal 0 0 -1
    outer loop
      vertex -21.2578 -17.4458 86
      vertex -9.07863 -13.251 86
      vertex -19.4454 -19.4454 86
    endloop
  endfacet
  facet normal -0 0 -1
    outer loop
      vertex -9.07863 -13.251 86
      vertex -21.2578 -17.4458 86
      vertex -9.09657 -13.095 86
    endloop
  endfacet
  facet normal 0 0 -1
    outer loop
      vertex -9.08631 -12.7815 86
      vertex -21.2578 -17.4458 86
      vertex -22.8654 -15.2782 86
    endloop
  endfacet
  facet normal 0 0 -1
    outer loop
      vertex 9.14616 6.11127 86
      vertex 22.8654 15.2782 86
      vertex 9.70113 5.18536 86
    endloop
  endfacet
  facet normal -0 0 -1
    outer loop
      vertex 22.8654 15.2782 86
      vertex 9.14616 6.11127 86
      vertex 21.2578 17.4458 86
    endloop
  endfacet
  facet normal 0 0 -1
    outer loop
      vertex 8.50311 6.97833 86
      vertex 21.2578 17.4458 86
      vertex 9.14616 6.11127 86
    endloop
  endfacet
  facet normal -0 0 -1
    outer loop
      vertex 21.2578 17.4458 86
      vertex 8.50311 6.97833 86
      vertex 19.4454 19.4454 86
    endloop
  endfacet
  facet normal 0 0 -1
    outer loop
      vertex 7.77817 7.77817 86
      vertex 19.4454 19.4454 86
      vertex 8.50311 6.97833 86
    endloop
  endfacet
  facet normal -0 0 -1
    outer loop
      vertex 19.4454 19.4454 86
      vertex 7.77817 7.77817 86
      vertex 17.4458 21.2578 86
    endloop
  endfacet
  facet normal 0 0 -1
    outer loop
      vertex 6.97833 8.50311 86
      vertex 17.4458 21.2578 86
      vertex 7.77817 7.77817 86
    endloop
  endfacet
  facet normal -0 0 -1
    outer loop
      vertex 17.4458 21.2578 86
      vertex 6.97833 8.50311 86
      vertex 15.2782 22.8654 86
    endloop
  endfacet
  facet normal 0 0 -1
    outer loop
      vertex 6.11127 9.14616 86
      vertex 15.2782 22.8654 86
      vertex 6.97833 8.50311 86
    endloop
  endfacet
  facet normal -0 0 -1
    outer loop
      vertex 15.2782 22.8654 86
      vertex 6.11127 9.14616 86
      vertex 12.9634 24.2528 86
    endloop
  endfacet
  facet normal 0 0 -1
    outer loop
      vertex 5.18536 9.70113 86
      vertex 12.9634 24.2528 86
      vertex 6.11127 9.14616 86
    endloop
  endfacet
  facet normal -0 0 -1
    outer loop
      vertex 12.9634 24.2528 86
      vertex 5.18536 9.70113 86
      vertex 10.5238 25.4067 86
    endloop
  endfacet
  facet normal 0 0 -1
    outer loop
      vertex 4.20952 10.1627 86
      vertex 10.5238 25.4067 86
      vertex 5.18536 9.70113 86
    endloop
  endfacet
  facet normal -0 0 -1
    outer loop
      vertex 10.5238 25.4067 86
      vertex 4.20952 10.1627 86
      vertex 7.98283 26.3159 86
    endloop
  endfacet
  facet normal 0 0 -1
    outer loop
      vertex 3.19313 10.5263 86
      vertex 7.98283 26.3159 86
      vertex 4.20952 10.1627 86
    endloop
  endfacet
  facet normal -0 0 -1
    outer loop
      vertex 7.98283 26.3159 86
      vertex 3.19313 10.5263 86
      vertex 5.36498 26.9716 86
    endloop
  endfacet
  facet normal 0 0 -1
    outer loop
      vertex 2.14599 10.7886 86
      vertex 5.36498 26.9716 86
      vertex 3.19313 10.5263 86
    endloop
  endfacet
  facet normal -0 0 -1
    outer loop
      vertex 5.36498 26.9716 86
      vertex 2.14599 10.7886 86
      vertex 2.69547 27.3676 86
    endloop
  endfacet
  facet normal 0 0 -1
    outer loop
      vertex 1.07819 10.947 86
      vertex 2.69547 27.3676 86
      vertex 2.14599 10.7886 86
    endloop
  endfacet
  facet normal 0 0 -1
    outer loop
      vertex 0 11 86
      vertex 2.69547 27.3676 86
      vertex 1.07819 10.947 86
    endloop
  endfacet
  facet normal 0 0 -1
    outer loop
      vertex 0 11 86
      vertex 0 27.5 86
      vertex 2.69547 27.3676 86
    endloop
  endfacet
  facet normal 0 0 -1
    outer loop
      vertex -6.19944 13.9223 86
      vertex 0 11 86
      vertex -1.07819 10.947 86
    endloop
  endfacet
  facet normal 0 0 -1
    outer loop
      vertex -5.98491 13.5047 86
      vertex -1.07819 10.947 86
      vertex -2.14599 10.7886 86
    endloop
  endfacet
  facet normal 0 0 -1
    outer loop
      vertex -6.29706 14.0453 86
      vertex 0 11 86
      vertex -6.19944 13.9223 86
    endloop
  endfacet
  facet normal 0 0 -1
    outer loop
      vertex -5.90086 13.0427 86
      vertex -2.14599 10.7886 86
      vertex -3.19313 10.5263 86
    endloop
  endfacet
  facet normal 0 0 -1
    outer loop
      vertex -5.95452 12.5763 86
      vertex -3.19313 10.5263 86
      vertex -4.20952 10.1627 86
    endloop
  endfacet
  facet normal 0 0 -1
    outer loop
      vertex -6.23063 12.0164 86
      vertex -4.20952 10.1627 86
      vertex -5.18536 9.70113 86
    endloop
  endfacet
  facet normal 0 0 -1
    outer loop
      vertex -2.14599 10.7886 86
      vertex -5.91369 13.1992 86
      vertex -5.9418 13.3537 86
    endloop
  endfacet
  facet normal 0 0 -1
    outer loop
      vertex -2.14599 10.7886 86
      vertex -5.90086 13.0427 86
      vertex -5.91369 13.1992 86
    endloop
  endfacet
  facet normal 0 0 -1
    outer loop
      vertex -3.19313 10.5263 86
      vertex -5.90343 12.8857 86
      vertex -5.90086 13.0427 86
    endloop
  endfacet
  facet normal 0 0 -1
    outer loop
      vertex -3.19313 10.5263 86
      vertex -5.92137 12.7297 86
      vertex -5.90343 12.8857 86
    endloop
  endfacet
  facet normal 0 0 -1
    outer loop
      vertex -3.19313 10.5263 86
      vertex -5.95452 12.5763 86
      vertex -5.92137 12.7297 86
    endloop
  endfacet
  facet normal 0 0 -1
    outer loop
      vertex -4.20952 10.1627 86
      vertex -6.00255 12.4268 86
      vertex -5.95452 12.5763 86
    endloop
  endfacet
  facet normal 0 0 -1
    outer loop
      vertex -4.20952 10.1627 86
      vertex -6.065 12.2827 86
      vertex -6.00255 12.4268 86
    endloop
  endfacet
  facet normal 0 0 -1
    outer loop
      vertex -6.83967 11.533 86
      vertex -5.18536 9.70113 86
      vertex -6.11127 9.14616 86
    endloop
  endfacet
  facet normal 0 0 -1
    outer loop
      vertex -4.20952 10.1627 86
      vertex -6.14128 12.1455 86
      vertex -6.065 12.2827 86
    endloop
  endfacet
  facet normal 0 0 -1
    outer loop
      vertex -4.20952 10.1627 86
      vertex -6.23063 12.0164 86
      vertex -6.14128 12.1455 86
    endloop
  endfacet
  facet normal 0 0 -1
    outer loop
      vertex -5.18536 9.70113 86
      vertex -6.33222 11.8966 86
      vertex -6.23063 12.0164 86
    endloop
  endfacet
  facet normal 0 0 -1
    outer loop
      vertex -5.18536 9.70113 86
      vertex -6.44505 11.7874 86
      vertex -6.33222 11.8966 86
    endloop
  endfacet
  facet normal 0 0 -1
    outer loop
      vertex -5.18536 9.70113 86
      vertex -6.56804 11.6898 86
      vertex -6.44505 11.7874 86
    endloop
  endfacet
  facet normal 0 0 -1
    outer loop
      vertex -5.18536 9.70113 86
      vertex -6.7 11.6047 86
      vertex -6.56804 11.6898 86
    endloop
  endfacet
  facet normal 0 0 -1
    outer loop
      vertex -5.18536 9.70113 86
      vertex -6.83967 11.533 86
      vertex -6.7 11.6047 86
    endloop
  endfacet
  facet normal 0 0 -1
    outer loop
      vertex -7.44765 11.3912 86
      vertex -6.11127 9.14616 86
      vertex -6.97833 8.50311 86
    endloop
  endfacet
  facet normal 0 0 -1
    outer loop
      vertex -6.11127 9.14616 86
      vertex -6.9857 11.4753 86
      vertex -6.83967 11.533 86
    endloop
  endfacet
  facet normal 0 0 -1
    outer loop
      vertex -6.11127 9.14616 86
      vertex -7.13668 11.4322 86
      vertex -6.9857 11.4753 86
    endloop
  endfacet
  facet normal 0 0 -1
    outer loop
      vertex -6.11127 9.14616 86
      vertex -7.29116 11.4041 86
      vertex -7.13668 11.4322 86
    endloop
  endfacet
  facet normal 0 0 -1
    outer loop
      vertex -6.11127 9.14616 86
      vertex -7.44765 11.3912 86
      vertex -7.29116 11.4041 86
    endloop
  endfacet
  facet normal 0 0 -1
    outer loop
      vertex -6.97833 8.50311 86
      vertex -7.60464 11.3938 86
      vertex -7.44765 11.3912 86
    endloop
  endfacet
  facet normal 0 0 -1
    outer loop
      vertex -6.97833 8.50311 86
      vertex -7.76063 11.4118 86
      vertex -7.60464 11.3938 86
    endloop
  endfacet
  facet normal 0 0 -1
    outer loop
      vertex -8.0636 11.4929 86
      vertex -6.97833 8.50311 86
      vertex -7.77817 7.77817 86
    endloop
  endfacet
  facet normal 0 0 -1
    outer loop
      vertex -6.97833 8.50311 86
      vertex -7.91411 11.4449 86
      vertex -7.76063 11.4118 86
    endloop
  endfacet
  facet normal 0 0 -1
    outer loop
      vertex -6.97833 8.50311 86
      vertex -8.0636 11.4929 86
      vertex -7.91411 11.4449 86
    endloop
  endfacet
  facet normal 0 0 -1
    outer loop
      vertex -7.77817 7.77817 86
      vertex -8.20766 11.5554 86
      vertex -8.0636 11.4929 86
    endloop
  endfacet
  facet normal 0 0 -1
    outer loop
      vertex -7.77817 7.77817 86
      vertex -8.34491 11.6317 86
      vertex -8.20766 11.5554 86
    endloop
  endfacet
  facet normal 0 0 -1
    outer loop
      vertex -7.77817 7.77817 86
      vertex -8.47402 11.721 86
      vertex -8.34491 11.6317 86
    endloop
  endfacet
  facet normal 0 0 -1
    outer loop
      vertex -8.50311 6.97833 86
      vertex -8.47402 11.721 86
      vertex -7.77817 7.77817 86
    endloop
  endfacet
  facet normal 0 0 -1
    outer loop
      vertex -8.50311 6.97833 86
      vertex -8.59375 11.8226 86
      vertex -8.47402 11.721 86
    endloop
  endfacet
  facet normal 0 0 -1
    outer loop
      vertex -8.50311 6.97833 86
      vertex -8.70294 11.9354 86
      vertex -8.59375 11.8226 86
    endloop
  endfacet
  facet normal 0 0 -1
    outer loop
      vertex -8.50311 6.97833 86
      vertex -8.80055 12.0584 86
      vertex -8.70294 11.9354 86
    endloop
  endfacet
  facet normal 0 0 -1
    outer loop
      vertex -9.14616 6.11127 86
      vertex -8.80055 12.0584 86
      vertex -8.50311 6.97833 86
    endloop
  endfacet
  facet normal -0 0 -1
    outer loop
      vertex -8.80055 12.0584 86
      vertex -9.14616 6.11127 86
      vertex -8.88564 12.1904 86
    endloop
  endfacet
  facet normal -0 0 -1
    outer loop
      vertex -8.88564 12.1904 86
      vertex -9.14616 6.11127 86
      vertex -8.95738 12.33 86
    endloop
  endfacet
  facet normal 0 0 -1
    outer loop
      vertex -9.70113 5.18536 86
      vertex -8.95738 12.33 86
      vertex -9.14616 6.11127 86
    endloop
  endfacet
  facet normal -0 0 -1
    outer loop
      vertex -8.95738 12.33 86
      vertex -9.70113 5.18536 86
      vertex -9.01509 12.4761 86
    endloop
  endfacet
  facet normal 0 -0 -1
    outer loop
      vertex -22.8654 15.2782 86
      vertex -9.01509 12.4761 86
      vertex -24.2528 12.9634 86
    endloop
  endfacet
  facet normal 0 0 -1
    outer loop
      vertex -24.2528 12.9634 86
      vertex -9.01509 12.4761 86
      vertex -9.70113 5.18536 86
    endloop
  endfacet
  facet normal 0 0 -1
    outer loop
      vertex -2.14599 10.7886 86
      vertex -5.9418 13.3537 86
      vertex -5.98491 13.5047 86
    endloop
  endfacet
  facet normal 0 0 -1
    outer loop
      vertex -1.07819 10.947 86
      vertex -5.98491 13.5047 86
      vertex -6.04262 13.6507 86
    endloop
  endfacet
  facet normal 0 0 -1
    outer loop
      vertex -1.07819 10.947 86
      vertex -6.04262 13.6507 86
      vertex -6.11436 13.7904 86
    endloop
  endfacet
  facet normal 0 0 -1
    outer loop
      vertex -1.07819 10.947 86
      vertex -6.11436 13.7904 86
      vertex -6.19944 13.9223 86
    endloop
  endfacet
  facet normal 0 0 -1
    outer loop
      vertex 0 11 86
      vertex -6.29706 14.0453 86
      vertex 0 27.5 86
    endloop
  endfacet
  facet normal 0 0 -1
    outer loop
      vertex -6.40625 14.1582 86
      vertex 0 27.5 86
      vertex -6.29706 14.0453 86
    endloop
  endfacet
  facet normal 0 0 -1
    outer loop
      vertex 0 27.5 86
      vertex -6.40625 14.1582 86
      vertex -2.69547 27.3676 86
    endloop
  endfacet
  facet normal 0 0 -1
    outer loop
      vertex -6.52598 14.2597 86
      vertex -2.69547 27.3676 86
      vertex -6.40625 14.1582 86
    endloop
  endfacet
  facet normal 0 0 -1
    outer loop
      vertex -6.65509 14.3491 86
      vertex -2.69547 27.3676 86
      vertex -6.52598 14.2597 86
    endloop
  endfacet
  facet normal 0 0 -1
    outer loop
      vertex -2.69547 27.3676 86
      vertex -6.65509 14.3491 86
      vertex -5.36498 26.9716 86
    endloop
  endfacet
  facet normal 0 0 -1
    outer loop
      vertex -6.79234 14.4254 86
      vertex -5.36498 26.9716 86
      vertex -6.65509 14.3491 86
    endloop
  endfacet
  facet normal 0 0 -1
    outer loop
      vertex -6.9364 14.4878 86
      vertex -5.36498 26.9716 86
      vertex -6.79234 14.4254 86
    endloop
  endfacet
  facet normal 0 0 -1
    outer loop
      vertex -7.08589 14.5359 86
      vertex -5.36498 26.9716 86
      vertex -6.9364 14.4878 86
    endloop
  endfacet
  facet normal 0 0 -1
    outer loop
      vertex -7.98283 26.3159 86
      vertex -7.08589 14.5359 86
      vertex -7.23937 14.569 86
    endloop
  endfacet
  facet normal 0 0 -1
    outer loop
      vertex -7.98283 26.3159 86
      vertex -7.23937 14.569 86
      vertex -7.39535 14.587 86
    endloop
  endfacet
  facet normal 0 0 -1
    outer loop
      vertex -7.98283 26.3159 86
      vertex -7.39535 14.587 86
      vertex -7.55235 14.5895 86
    endloop
  endfacet
  facet normal 0 0 -1
    outer loop
      vertex -10.5238 25.4067 86
      vertex -7.55235 14.5895 86
      vertex -7.70884 14.5767 86
    endloop
  endfacet
  facet normal 0 0 -1
    outer loop
      vertex -10.5238 25.4067 86
      vertex -7.70884 14.5767 86
      vertex -7.86332 14.5486 86
    endloop
  endfacet
  facet normal 0 0 -1
    outer loop
      vertex -7.08589 14.5359 86
      vertex -7.98283 26.3159 86
      vertex -5.36498 26.9716 86
    endloop
  endfacet
  facet normal 0 0 -1
    outer loop
      vertex -10.5238 25.4067 86
      vertex -7.86332 14.5486 86
      vertex -8.0143 14.5055 86
    endloop
  endfacet
  facet normal 0 0 -1
    outer loop
      vertex -12.9634 24.2528 86
      vertex -8.0143 14.5055 86
      vertex -8.16033 14.4478 86
    endloop
  endfacet
  facet normal 0 0 -1
    outer loop
      vertex -12.9634 24.2528 86
      vertex -8.16033 14.4478 86
      vertex -8.3 14.376 86
    endloop
  endfacet
  facet normal 0 0 -1
    outer loop
      vertex -12.9634 24.2528 86
      vertex -8.3 14.376 86
      vertex -8.43196 14.2909 86
    endloop
  endfacet
  facet normal 0 0 -1
    outer loop
      vertex -15.2782 22.8654 86
      vertex -8.43196 14.2909 86
      vertex -8.55495 14.1933 86
    endloop
  endfacet
  facet normal 0 0 -1
    outer loop
      vertex -15.2782 22.8654 86
      vertex -8.55495 14.1933 86
      vertex -8.66778 14.0841 86
    endloop
  endfacet
  facet normal 0 0 -1
    outer loop
      vertex -15.2782 22.8654 86
      vertex -8.66778 14.0841 86
      vertex -8.76937 13.9644 86
    endloop
  endfacet
  facet normal 0 0 -1
    outer loop
      vertex -17.4458 21.2578 86
      vertex -8.76937 13.9644 86
      vertex -8.85872 13.8353 86
    endloop
  endfacet
  facet normal 0 0 -1
    outer loop
      vertex -17.4458 21.2578 86
      vertex -8.85872 13.8353 86
      vertex -8.935 13.698 86
    endloop
  endfacet
  facet normal 0 0 -1
    outer loop
      vertex -17.4458 21.2578 86
      vertex -8.935 13.698 86
      vertex -8.99745 13.554 86
    endloop
  endfacet
  facet normal 0 0 -1
    outer loop
      vertex -19.4454 19.4454 86
      vertex -8.99745 13.554 86
      vertex -9.04548 13.4045 86
    endloop
  endfacet
  facet normal 0 0 -1
    outer loop
      vertex -19.4454 19.4454 86
      vertex -9.04548 13.4045 86
      vertex -9.07863 13.251 86
    endloop
  endfacet
  facet normal 0 0 -1
    outer loop
      vertex -21.2578 17.4458 86
      vertex -9.07863 13.251 86
      vertex -9.09657 13.095 86
    endloop
  endfacet
  facet normal 0 0 -1
    outer loop
      vertex -9.01509 12.4761 86
      vertex -22.8654 15.2782 86
      vertex -9.0582 12.6271 86
    endloop
  endfacet
  facet normal 0 0 -1
    outer loop
      vertex -9.0582 12.6271 86
      vertex -22.8654 15.2782 86
      vertex -9.08631 12.7815 86
    endloop
  endfacet
  facet normal 0 0 -1
    outer loop
      vertex -24.2528 12.9634 86
      vertex -9.70113 5.18536 86
      vertex -10.1627 4.20952 86
    endloop
  endfacet
  facet normal 0 -0 -1
    outer loop
      vertex -21.2578 17.4458 86
      vertex -9.08631 12.7815 86
      vertex -22.8654 15.2782 86
    endloop
  endfacet
  facet normal 0 0 -1
    outer loop
      vertex -7.55235 14.5895 86
      vertex -10.5238 25.4067 86
      vertex -7.98283 26.3159 86
    endloop
  endfacet
  facet normal 0 0 -1
    outer loop
      vertex -25.4067 10.5238 86
      vertex -10.1627 4.20952 86
      vertex -10.5263 3.19313 86
    endloop
  endfacet
  facet normal 0 0 -1
    outer loop
      vertex -26.3159 7.98283 86
      vertex -10.5263 3.19313 86
      vertex -10.7886 2.14599 86
    endloop
  endfacet
  facet normal 0 0 -1
    outer loop
      vertex -26.9716 5.36498 86
      vertex -10.7886 2.14599 86
      vertex -10.947 1.07819 86
    endloop
  endfacet
  facet normal 0 0 -1
    outer loop
      vertex -27.3676 2.69547 86
      vertex -10.947 1.07819 86
      vertex -11 0 86
    endloop
  endfacet
  facet normal 0 0 -1
    outer loop
      vertex -9.08631 -12.7815 86
      vertex -22.8654 -15.2782 86
      vertex -24.2528 -12.9634 86
    endloop
  endfacet
  facet normal 0 0 -1
    outer loop
      vertex -8.0143 14.5055 86
      vertex -12.9634 24.2528 86
      vertex -10.5238 25.4067 86
    endloop
  endfacet
  facet normal -0 0 -1
    outer loop
      vertex -9.70113 -5.18536 86
      vertex -24.2528 -12.9634 86
      vertex -10.1627 -4.20952 86
    endloop
  endfacet
  facet normal 0 0 -1
    outer loop
      vertex -8.43196 14.2909 86
      vertex -15.2782 22.8654 86
      vertex -12.9634 24.2528 86
    endloop
  endfacet
  facet normal 0 0 -1
    outer loop
      vertex -25.4067 -10.5238 86
      vertex -10.1627 -4.20952 86
      vertex -24.2528 -12.9634 86
    endloop
  endfacet
  facet normal 0 0 -1
    outer loop
      vertex -8.76937 13.9644 86
      vertex -17.4458 21.2578 86
      vertex -15.2782 22.8654 86
    endloop
  endfacet
  facet normal -0 0 -1
    outer loop
      vertex -10.1627 -4.20952 86
      vertex -25.4067 -10.5238 86
      vertex -10.5263 -3.19313 86
    endloop
  endfacet
  facet normal 0 0 -1
    outer loop
      vertex -8.99745 13.554 86
      vertex -19.4454 19.4454 86
      vertex -17.4458 21.2578 86
    endloop
  endfacet
  facet normal 0 0 -1
    outer loop
      vertex -26.3159 -7.98283 86
      vertex -10.5263 -3.19313 86
      vertex -25.4067 -10.5238 86
    endloop
  endfacet
  facet normal 0 0 -1
    outer loop
      vertex -9.07863 13.251 86
      vertex -21.2578 17.4458 86
      vertex -19.4454 19.4454 86
    endloop
  endfacet
  facet normal -0 0 -1
    outer loop
      vertex -10.5263 -3.19313 86
      vertex -26.3159 -7.98283 86
      vertex -10.7886 -2.14599 86
    endloop
  endfacet
  facet normal 0 0 -1
    outer loop
      vertex -9.09914 12.938 86
      vertex -21.2578 17.4458 86
      vertex -9.09657 13.095 86
    endloop
  endfacet
  facet normal 0 0 -1
    outer loop
      vertex -26.9716 -5.36498 86
      vertex -10.7886 -2.14599 86
      vertex -26.3159 -7.98283 86
    endloop
  endfacet
  facet normal 0 0 -1
    outer loop
      vertex -9.08631 12.7815 86
      vertex -21.2578 17.4458 86
      vertex -9.09914 12.938 86
    endloop
  endfacet
  facet normal -0 0 -1
    outer loop
      vertex -10.7886 -2.14599 86
      vertex -26.9716 -5.36498 86
      vertex -10.947 -1.07819 86
    endloop
  endfacet
  facet normal 0 0 -1
    outer loop
      vertex -10.1627 4.20952 86
      vertex -25.4067 10.5238 86
      vertex -24.2528 12.9634 86
    endloop
  endfacet
  facet normal 0 0 -1
    outer loop
      vertex -27.3676 -2.69547 86
      vertex -10.947 -1.07819 86
      vertex -26.9716 -5.36498 86
    endloop
  endfacet
  facet normal 0 0 -1
    outer loop
      vertex -10.5263 3.19313 86
      vertex -26.3159 7.98283 86
      vertex -25.4067 10.5238 86
    endloop
  endfacet
  facet normal -0 0 -1
    outer loop
      vertex -10.947 -1.07819 86
      vertex -27.3676 -2.69547 86
      vertex -11 0 86
    endloop
  endfacet
  facet normal 0 0 -1
    outer loop
      vertex -10.7886 2.14599 86
      vertex -26.9716 5.36498 86
      vertex -26.3159 7.98283 86
    endloop
  endfacet
  facet normal 0 0 -1
    outer loop
      vertex -27.5 0 86
      vertex -11 0 86
      vertex -27.3676 -2.69547 86
    endloop
  endfacet
  facet normal 0 0 -1
    outer loop
      vertex -10.947 1.07819 86
      vertex -27.3676 2.69547 86
      vertex -26.9716 5.36498 86
    endloop
  endfacet
  facet normal 0 0 -1
    outer loop
      vertex -11 0 86
      vertex -27.5 0 86
      vertex -27.3676 2.69547 86
    endloop
  endfacet
  facet normal 0 0 -1
    outer loop
      vertex 16.5923 -0.156827 86
      vertex 27.5 0 86
      vertex 27.3676 -2.69547 86
    endloop
  endfacet
  facet normal 0 0 -1
    outer loop
      vertex 16.4111 -0.754234 86
      vertex 27.3676 -2.69547 86
      vertex 26.9716 -5.36498 86
    endloop
  endfacet
  facet normal -0 0 -1
    outer loop
      vertex 27.5 0 86
      vertex 16.5923 -0.156827 86
      vertex 16.6 0 86
    endloop
  endfacet
  facet normal 0 0 -1
    outer loop
      vertex 16.2368 -1.01503 86
      vertex 26.9716 -5.36498 86
      vertex 26.3159 -7.98283 86
    endloop
  endfacet
  facet normal 0 0 -1
    outer loop
      vertex 16.5923 0.156827 86
      vertex 27.5 0 86
      vertex 16.6 0 86
    endloop
  endfacet
  facet normal 0 0 -1
    outer loop
      vertex 15.8889 -1.33035 86
      vertex 26.3159 -7.98283 86
      vertex 25.4067 -10.5238 86
    endloop
  endfacet
  facet normal 0 0 -1
    outer loop
      vertex 27.5 0 86
      vertex 16.5923 0.156827 86
      vertex 27.3676 2.69547 86
    endloop
  endfacet
  facet normal 0 0 -1
    outer loop
      vertex 15.6123 -1.47821 86
      vertex 25.4067 -10.5238 86
      vertex 24.2528 -12.9634 86
    endloop
  endfacet
  facet normal 0 0 -1
    outer loop
      vertex 16.5693 0.312144 86
      vertex 27.3676 2.69547 86
      vertex 16.5923 0.156827 86
    endloop
  endfacet
  facet normal 0 0 -1
    outer loop
      vertex 9.70113 -5.18536 86
      vertex 24.2528 -12.9634 86
      vertex 22.8654 -15.2782 86
    endloop
  endfacet
  facet normal 0 0 -1
    outer loop
      vertex 16.5311 0.464455 86
      vertex 27.3676 2.69547 86
      vertex 16.5693 0.312144 86
    endloop
  endfacet
  facet normal 0 0 -1
    outer loop
      vertex 9.70113 -5.18536 86
      vertex 22.8654 -15.2782 86
      vertex 21.2578 -17.4458 86
    endloop
  endfacet
  facet normal 0 0 -1
    outer loop
      vertex 16.4782 0.612293 86
      vertex 27.3676 2.69547 86
      vertex 16.5311 0.464455 86
    endloop
  endfacet
  facet normal 0 0 -1
    outer loop
      vertex 9.70113 -5.18536 86
      vertex 21.2578 -17.4458 86
      vertex 19.4454 -19.4454 86
    endloop
  endfacet
  facet normal 0 0 -1
    outer loop
      vertex 16.4111 0.754234 86
      vertex 27.3676 2.69547 86
      vertex 16.4782 0.612293 86
    endloop
  endfacet
  facet normal 0 0 -1
    outer loop
      vertex 9.70113 -5.18536 86
      vertex 19.4454 -19.4454 86
      vertex 17.4458 -21.2578 86
    endloop
  endfacet
  facet normal 0 0 -1
    outer loop
      vertex 16.3304 0.888912 86
      vertex 26.9716 5.36498 86
      vertex 16.4111 0.754234 86
    endloop
  endfacet
  facet normal 0 0 -1
    outer loop
      vertex 16.2368 1.01503 86
      vertex 26.9716 5.36498 86
      vertex 16.3304 0.888912 86
    endloop
  endfacet
  facet normal -0 0 -1
    outer loop
      vertex 27.3676 2.69547 86
      vertex 16.4111 0.754234 86
      vertex 26.9716 5.36498 86
    endloop
  endfacet
  facet normal 0 0 -1
    outer loop
      vertex 27.3676 -2.69547 86
      vertex 16.5693 -0.312144 86
      vertex 16.5923 -0.156827 86
    endloop
  endfacet
  facet normal 0 0 -1
    outer loop
      vertex 27.3676 -2.69547 86
      vertex 16.5311 -0.464455 86
      vertex 16.5693 -0.312144 86
    endloop
  endfacet
  facet normal 0 0 -1
    outer loop
      vertex 27.3676 -2.69547 86
      vertex 16.4782 -0.612293 86
      vertex 16.5311 -0.464455 86
    endloop
  endfacet
  facet normal 0 0 -1
    outer loop
      vertex 27.3676 -2.69547 86
      vertex 16.4111 -0.754234 86
      vertex 16.4782 -0.612293 86
    endloop
  endfacet
  facet normal 0 0 -1
    outer loop
      vertex 26.9716 -5.36498 86
      vertex 16.3304 -0.888912 86
      vertex 16.4111 -0.754234 86
    endloop
  endfacet
  facet normal 0 0 -1
    outer loop
      vertex 26.9716 -5.36498 86
      vertex 16.2368 -1.01503 86
      vertex 16.3304 -0.888912 86
    endloop
  endfacet
  facet normal 0 0 -1
    outer loop
      vertex 26.3159 -7.98283 86
      vertex 16.1314 -1.13137 86
      vertex 16.2368 -1.01503 86
    endloop
  endfacet
  facet normal 0 0 -1
    outer loop
      vertex 26.3159 -7.98283 86
      vertex 16.015 -1.23682 86
      vertex 16.1314 -1.13137 86
    endloop
  endfacet
  facet normal 0 0 -1
    outer loop
      vertex 26.3159 -7.98283 86
      vertex 15.8889 -1.33035 86
      vertex 16.015 -1.23682 86
    endloop
  endfacet
  facet normal 0 0 -1
    outer loop
      vertex 25.4067 -10.5238 86
      vertex 15.7542 -1.41107 86
      vertex 15.8889 -1.33035 86
    endloop
  endfacet
  facet normal 0 0 -1
    outer loop
      vertex 25.4067 -10.5238 86
      vertex 15.6123 -1.47821 86
      vertex 15.7542 -1.41107 86
    endloop
  endfacet
  facet normal 0 0 -1
    outer loop
      vertex 24.2528 -12.9634 86
      vertex 15.4645 -1.5311 86
      vertex 15.6123 -1.47821 86
    endloop
  endfacet
  facet normal 0 0 -1
    outer loop
      vertex 24.2528 -12.9634 86
      vertex 15.3121 -1.56926 86
      vertex 15.4645 -1.5311 86
    endloop
  endfacet
  facet normal 0 0 -1
    outer loop
      vertex 9.70113 -5.18536 86
      vertex 17.4458 -21.2578 86
      vertex 15.2782 -22.8654 86
    endloop
  endfacet
  facet normal 0 0 -1
    outer loop
      vertex 24.2528 -12.9634 86
      vertex 9.70113 -5.18536 86
      vertex 15.3121 -1.56926 86
    endloop
  endfacet
  facet normal 0 0 -1
    outer loop
      vertex 15.3121 -1.56926 86
      vertex 9.70113 -5.18536 86
      vertex 15.1568 -1.59229 86
    endloop
  endfacet
  facet normal 0 0 -1
    outer loop
      vertex 15.1568 -1.59229 86
      vertex 9.70113 -5.18536 86
      vertex 15 -1.6 86
    endloop
  endfacet
  facet normal 0 -0 -1
    outer loop
      vertex 10.1627 -4.20952 86
      vertex 15 -1.6 86
      vertex 9.70113 -5.18536 86
    endloop
  endfacet
  facet normal -0 0 -1
    outer loop
      vertex 15 -1.6 86
      vertex 10.1627 -4.20952 86
      vertex 14.8432 -1.59229 86
    endloop
  endfacet
  facet normal -0 0 -1
    outer loop
      vertex 14.8432 -1.59229 86
      vertex 10.1627 -4.20952 86
      vertex 14.6879 -1.56926 86
    endloop
  endfacet
  facet normal -0 0 -1
    outer loop
      vertex 14.6879 -1.56926 86
      vertex 10.1627 -4.20952 86
      vertex 14.5355 -1.5311 86
    endloop
  endfacet
  facet normal 0 -0 -1
    outer loop
      vertex 10.5263 -3.19313 86
      vertex 14.5355 -1.5311 86
      vertex 10.1627 -4.20952 86
    endloop
  endfacet
  facet normal -0 0 -1
    outer loop
      vertex 14.5355 -1.5311 86
      vertex 10.5263 -3.19313 86
      vertex 14.3877 -1.47821 86
    endloop
  endfacet
  facet normal -0 0 -1
    outer loop
      vertex 14.3877 -1.47821 86
      vertex 10.5263 -3.19313 86
      vertex 14.2458 -1.41107 86
    endloop
  endfacet
  facet normal -0 0 -1
    outer loop
      vertex 14.2458 -1.41107 86
      vertex 10.5263 -3.19313 86
      vertex 14.1111 -1.33035 86
    endloop
  endfacet
  facet normal 0 -0 -1
    outer loop
      vertex 10.7886 -2.14599 86
      vertex 14.1111 -1.33035 86
      vertex 10.5263 -3.19313 86
    endloop
  endfacet
  facet normal -0 0 -1
    outer loop
      vertex 14.1111 -1.33035 86
      vertex 10.7886 -2.14599 86
      vertex 13.985 -1.23682 86
    endloop
  endfacet
  facet normal -0 0 -1
    outer loop
      vertex 13.985 -1.23682 86
      vertex 10.7886 -2.14599 86
      vertex 13.8686 -1.13137 86
    endloop
  endfacet
  facet normal -0 0 -1
    outer loop
      vertex 13.8686 -1.13137 86
      vertex 10.7886 -2.14599 86
      vertex 13.7632 -1.01503 86
    endloop
  endfacet
  facet normal -0 0 -1
    outer loop
      vertex 13.7632 -1.01503 86
      vertex 10.7886 -2.14599 86
      vertex 13.6696 -0.888912 86
    endloop
  endfacet
  facet normal 0 -0 -1
    outer loop
      vertex 10.947 -1.07819 86
      vertex 13.6696 -0.888912 86
      vertex 10.7886 -2.14599 86
    endloop
  endfacet
  facet normal -0 0 -1
    outer loop
      vertex 13.6696 -0.888912 86
      vertex 10.947 -1.07819 86
      vertex 13.5889 -0.754234 86
    endloop
  endfacet
  facet normal 0 0 -1
    outer loop
      vertex 9.70113 -5.18536 86
      vertex 15.2782 -22.8654 86
      vertex 12.9634 -24.2528 86
    endloop
  endfacet
  facet normal -0 0 -1
    outer loop
      vertex 26.9716 5.36498 86
      vertex 16.2368 1.01503 86
      vertex 26.3159 7.98283 86
    endloop
  endfacet
  facet normal 0 0 -1
    outer loop
      vertex 16.1314 1.13137 86
      vertex 26.3159 7.98283 86
      vertex 16.2368 1.01503 86
    endloop
  endfacet
  facet normal 0 0 -1
    outer loop
      vertex 16.015 1.23682 86
      vertex 26.3159 7.98283 86
      vertex 16.1314 1.13137 86
    endloop
  endfacet
  facet normal 0 0 -1
    outer loop
      vertex 15.8889 1.33035 86
      vertex 26.3159 7.98283 86
      vertex 16.015 1.23682 86
    endloop
  endfacet
  facet normal -0 0 -1
    outer loop
      vertex 26.3159 7.98283 86
      vertex 15.8889 1.33035 86
      vertex 25.4067 10.5238 86
    endloop
  endfacet
  facet normal 0 0 -1
    outer loop
      vertex 15.7542 1.41107 86
      vertex 25.4067 10.5238 86
      vertex 15.8889 1.33035 86
    endloop
  endfacet
  facet normal 0 0 -1
    outer loop
      vertex 15.6123 1.47821 86
      vertex 25.4067 10.5238 86
      vertex 15.7542 1.41107 86
    endloop
  endfacet
  facet normal -0 0 -1
    outer loop
      vertex 25.4067 10.5238 86
      vertex 15.6123 1.47821 86
      vertex 24.2528 12.9634 86
    endloop
  endfacet
  facet normal 0 0 -1
    outer loop
      vertex 15.4645 1.5311 86
      vertex 24.2528 12.9634 86
      vertex 15.6123 1.47821 86
    endloop
  endfacet
  facet normal 0 0 -1
    outer loop
      vertex 15.3121 1.56926 86
      vertex 24.2528 12.9634 86
      vertex 15.4645 1.5311 86
    endloop
  endfacet
  facet normal 0 0 -1
    outer loop
      vertex 9.70113 5.18536 86
      vertex 24.2528 12.9634 86
      vertex 15.3121 1.56926 86
    endloop
  endfacet
  facet normal 0 0 -1
    outer loop
      vertex 9.70113 5.18536 86
      vertex 15.3121 1.56926 86
      vertex 15.1568 1.59229 86
    endloop
  endfacet
  facet normal 0 0 -1
    outer loop
      vertex 14.8432 1.59229 86
      vertex 10.1627 4.20952 86
      vertex 15 1.6 86
    endloop
  endfacet
  facet normal 0 0 -1
    outer loop
      vertex 9.70113 5.18536 86
      vertex 15 1.6 86
      vertex 10.1627 4.20952 86
    endloop
  endfacet
  facet normal 0 0 -1
    outer loop
      vertex 14.6879 1.56926 86
      vertex 10.1627 4.20952 86
      vertex 14.8432 1.59229 86
    endloop
  endfacet
  facet normal 0 0 -1
    outer loop
      vertex 10.1627 4.20952 86
      vertex 14.5355 1.5311 86
      vertex 10.5263 3.19313 86
    endloop
  endfacet
  facet normal 0 0 -1
    outer loop
      vertex 14.5355 1.5311 86
      vertex 10.1627 4.20952 86
      vertex 14.6879 1.56926 86
    endloop
  endfacet
  facet normal 0 0 -1
    outer loop
      vertex 14.3877 1.47821 86
      vertex 10.5263 3.19313 86
      vertex 14.5355 1.5311 86
    endloop
  endfacet
  facet normal 0 0 -1
    outer loop
      vertex 14.2458 1.41107 86
      vertex 10.5263 3.19313 86
      vertex 14.3877 1.47821 86
    endloop
  endfacet
  facet normal 0 0 -1
    outer loop
      vertex 14.1111 1.33035 86
      vertex 10.5263 3.19313 86
      vertex 14.2458 1.41107 86
    endloop
  endfacet
  facet normal 0 0 -1
    outer loop
      vertex 15 1.6 86
      vertex 9.70113 5.18536 86
      vertex 15.1568 1.59229 86
    endloop
  endfacet
  facet normal 0 0 -1
    outer loop
      vertex 10.5263 3.19313 86
      vertex 14.1111 1.33035 86
      vertex 10.7886 2.14599 86
    endloop
  endfacet
  facet normal 0 0 -1
    outer loop
      vertex 13.985 1.23682 86
      vertex 10.7886 2.14599 86
      vertex 14.1111 1.33035 86
    endloop
  endfacet
  facet normal 0 0 -1
    outer loop
      vertex 13.7632 1.01503 86
      vertex 10.7886 2.14599 86
      vertex 13.8686 1.13137 86
    endloop
  endfacet
  facet normal 0 0 -1
    outer loop
      vertex 13.6696 0.888912 86
      vertex 10.7886 2.14599 86
      vertex 13.7632 1.01503 86
    endloop
  endfacet
  facet normal 0 0 -1
    outer loop
      vertex 10.7886 2.14599 86
      vertex 13.6696 0.888912 86
      vertex 10.947 1.07819 86
    endloop
  endfacet
  facet normal 0 0 -1
    outer loop
      vertex 13.5889 0.754234 86
      vertex 10.947 1.07819 86
      vertex 13.6696 0.888912 86
    endloop
  endfacet
  facet normal 0 0 -1
    outer loop
      vertex 13.5218 0.612293 86
      vertex 10.947 1.07819 86
      vertex 13.5889 0.754234 86
    endloop
  endfacet
  facet normal 0 0 -1
    outer loop
      vertex 13.4689 0.464455 86
      vertex 10.947 1.07819 86
      vertex 13.5218 0.612293 86
    endloop
  endfacet
  facet normal 0 0 -1
    outer loop
      vertex 13.4307 0.312144 86
      vertex 10.947 1.07819 86
      vertex 13.4689 0.464455 86
    endloop
  endfacet
  facet normal 0 0 -1
    outer loop
      vertex 10.947 1.07819 86
      vertex 13.4307 0.312144 86
      vertex 11 0 86
    endloop
  endfacet
  facet normal 0 0 -1
    outer loop
      vertex 11 0 86
      vertex 13.4307 0.312144 86
      vertex 13.4077 0.156827 86
    endloop
  endfacet
  facet normal 0 0 -1
    outer loop
      vertex 13.8686 1.13137 86
      vertex 10.7886 2.14599 86
      vertex 13.985 1.23682 86
    endloop
  endfacet
  facet normal 0 0 -1
    outer loop
      vertex 11 0 86
      vertex 13.4077 0.156827 86
      vertex 13.4 0 86
    endloop
  endfacet
  facet normal -0 0 -1
    outer loop
      vertex 13.5889 -0.754234 86
      vertex 10.947 -1.07819 86
      vertex 13.5218 -0.612293 86
    endloop
  endfacet
  facet normal -0 0 -1
    outer loop
      vertex 24.2528 12.9634 86
      vertex 9.70113 5.18536 86
      vertex 22.8654 15.2782 86
    endloop
  endfacet
  facet normal 0 0 -1
    outer loop
      vertex 13.4077 -0.156827 86
      vertex 11 0 86
      vertex 13.4 0 86
    endloop
  endfacet
  facet normal 0 0 -1
    outer loop
      vertex 13.4307 -0.312144 86
      vertex 11 0 86
      vertex 13.4077 -0.156827 86
    endloop
  endfacet
  facet normal 0 -0 -1
    outer loop
      vertex 11 0 86
      vertex 13.4307 -0.312144 86
      vertex 10.947 -1.07819 86
    endloop
  endfacet
  facet normal 0 0 -1
    outer loop
      vertex 5.18536 -9.70113 86
      vertex 12.9634 -24.2528 86
      vertex 10.5238 -25.4067 86
    endloop
  endfacet
  facet normal -0 0 -1
    outer loop
      vertex 13.4689 -0.464455 86
      vertex 10.947 -1.07819 86
      vertex 13.4307 -0.312144 86
    endloop
  endfacet
  facet normal -0 0 -1
    outer loop
      vertex 13.5218 -0.612293 86
      vertex 10.947 -1.07819 86
      vertex 13.4689 -0.464455 86
    endloop
  endfacet
  facet normal 0 0 -1
    outer loop
      vertex 12.9634 -24.2528 86
      vertex 9.14616 -6.11127 86
      vertex 9.70113 -5.18536 86
    endloop
  endfacet
  facet normal 0 0 -1
    outer loop
      vertex 12.9634 -24.2528 86
      vertex 8.50311 -6.97833 86
      vertex 9.14616 -6.11127 86
    endloop
  endfacet
  facet normal 0 0 -1
    outer loop
      vertex 4.20952 -10.1627 86
      vertex 10.5238 -25.4067 86
      vertex 7.98283 -26.3159 86
    endloop
  endfacet
  facet normal 0 0 -1
    outer loop
      vertex 12.9634 -24.2528 86
      vertex 7.77817 -7.77817 86
      vertex 8.50311 -6.97833 86
    endloop
  endfacet
  facet normal 0 0 -1
    outer loop
      vertex 12.9634 -24.2528 86
      vertex 6.97833 -8.50311 86
      vertex 7.77817 -7.77817 86
    endloop
  endfacet
  facet normal 0 0 -1
    outer loop
      vertex 12.9634 -24.2528 86
      vertex 6.11127 -9.14616 86
      vertex 6.97833 -8.50311 86
    endloop
  endfacet
  facet normal 0 0 -1
    outer loop
      vertex 3.19313 -10.5263 86
      vertex 7.98283 -26.3159 86
      vertex 5.36498 -26.9716 86
    endloop
  endfacet
  facet normal 0 0 -1
    outer loop
      vertex 12.9634 -24.2528 86
      vertex 5.18536 -9.70113 86
      vertex 6.11127 -9.14616 86
    endloop
  endfacet
  facet normal 0 0 -1
    outer loop
      vertex 10.5238 -25.4067 86
      vertex 4.20952 -10.1627 86
      vertex 5.18536 -9.70113 86
    endloop
  endfacet
  facet normal 0 0 -1
    outer loop
      vertex 7.98283 -26.3159 86
      vertex 3.19313 -10.5263 86
      vertex 4.20952 -10.1627 86
    endloop
  endfacet
  facet normal 0 0 -1
    outer loop
      vertex 2.14599 -10.7886 86
      vertex 5.36498 -26.9716 86
      vertex 2.69547 -27.3676 86
    endloop
  endfacet
  facet normal 0 0 -1
    outer loop
      vertex 5.36498 -26.9716 86
      vertex 2.14599 -10.7886 86
      vertex 3.19313 -10.5263 86
    endloop
  endfacet
  facet normal 0 0 -1
    outer loop
      vertex 2.69547 -27.3676 86
      vertex 1.07819 -10.947 86
      vertex 2.14599 -10.7886 86
    endloop
  endfacet
  facet normal 0 0 -1
    outer loop
      vertex 0 -27.5 86
      vertex 1.07819 -10.947 86
      vertex 2.69547 -27.3676 86
    endloop
  endfacet
  facet normal 0 0 -1
    outer loop
      vertex 0 -27.5 86
      vertex 0 -11 86
      vertex 1.07819 -10.947 86
    endloop
  endfacet
  facet normal 0 0 -1
    outer loop
      vertex -5.91369 -13.1992 86
      vertex 0 -11 86
      vertex 0 -27.5 86
    endloop
  endfacet
  facet normal 0 0 -1
    outer loop
      vertex -5.91369 -13.1992 86
      vertex -1.07819 -10.947 86
      vertex 0 -11 86
    endloop
  endfacet
  facet normal 0 0 -1
    outer loop
      vertex -5.91369 -13.1992 86
      vertex 0 -27.5 86
      vertex -2.69547 -27.3676 86
    endloop
  endfacet
  facet normal 0 0 -1
    outer loop
      vertex -5.91369 -13.1992 86
      vertex -2.14599 -10.7886 86
      vertex -1.07819 -10.947 86
    endloop
  endfacet
  facet normal -0 0 -1
    outer loop
      vertex -2.14599 -10.7886 86
      vertex -5.90086 -13.0427 86
      vertex -3.19313 -10.5263 86
    endloop
  endfacet
  facet normal 0 0 -1
    outer loop
      vertex -5.90343 -12.8857 86
      vertex -3.19313 -10.5263 86
      vertex -5.90086 -13.0427 86
    endloop
  endfacet
  facet normal 0 0 -1
    outer loop
      vertex -6.65509 -14.3491 86
      vertex -2.69547 -27.3676 86
      vertex -5.36498 -26.9716 86
    endloop
  endfacet
  facet normal 0 0 -1
    outer loop
      vertex -5.92137 -12.7297 86
      vertex -3.19313 -10.5263 86
      vertex -5.90343 -12.8857 86
    endloop
  endfacet
  facet normal 0 0 -1
    outer loop
      vertex -5.95452 -12.5763 86
      vertex -3.19313 -10.5263 86
      vertex -5.92137 -12.7297 86
    endloop
  endfacet
  facet normal -0 0 -1
    outer loop
      vertex -3.19313 -10.5263 86
      vertex -5.95452 -12.5763 86
      vertex -4.20952 -10.1627 86
    endloop
  endfacet
  facet normal 0 0 -1
    outer loop
      vertex -6.00255 -12.4268 86
      vertex -4.20952 -10.1627 86
      vertex -5.95452 -12.5763 86
    endloop
  endfacet
  facet normal 0 0 -1
    outer loop
      vertex -6.065 -12.2827 86
      vertex -4.20952 -10.1627 86
      vertex -6.00255 -12.4268 86
    endloop
  endfacet
  facet normal 0 0 -1
    outer loop
      vertex -6.14128 -12.1455 86
      vertex -4.20952 -10.1627 86
      vertex -6.065 -12.2827 86
    endloop
  endfacet
  facet normal 0 0 -1
    outer loop
      vertex -6.23063 -12.0164 86
      vertex -4.20952 -10.1627 86
      vertex -6.14128 -12.1455 86
    endloop
  endfacet
  facet normal -0 0 -1
    outer loop
      vertex -4.20952 -10.1627 86
      vertex -6.23063 -12.0164 86
      vertex -5.18536 -9.70113 86
    endloop
  endfacet
  facet normal 0 0 -1
    outer loop
      vertex -6.33222 -11.8966 86
      vertex -5.18536 -9.70113 86
      vertex -6.23063 -12.0164 86
    endloop
  endfacet
  facet normal 0 0 -1
    outer loop
      vertex -6.44505 -11.7874 86
      vertex -5.18536 -9.70113 86
      vertex -6.33222 -11.8966 86
    endloop
  endfacet
  facet normal 0 0 -1
    outer loop
      vertex -6.56804 -11.6898 86
      vertex -5.18536 -9.70113 86
      vertex -6.44505 -11.7874 86
    endloop
  endfacet
  facet normal 0 0 -1
    outer loop
      vertex -6.7 -11.6047 86
      vertex -5.18536 -9.70113 86
      vertex -6.56804 -11.6898 86
    endloop
  endfacet
  facet normal 0 0 -1
    outer loop
      vertex -6.83967 -11.533 86
      vertex -5.18536 -9.70113 86
      vertex -6.7 -11.6047 86
    endloop
  endfacet
  facet normal -0 0 -1
    outer loop
      vertex -5.18536 -9.70113 86
      vertex -6.83967 -11.533 86
      vertex -6.11127 -9.14616 86
    endloop
  endfacet
  facet normal 0 0 -1
    outer loop
      vertex -6.9857 -11.4753 86
      vertex -6.11127 -9.14616 86
      vertex -6.83967 -11.533 86
    endloop
  endfacet
  facet normal 0 0 -1
    outer loop
      vertex -7.13668 -11.4322 86
      vertex -6.11127 -9.14616 86
      vertex -6.9857 -11.4753 86
    endloop
  endfacet
  facet normal 0 0 -1
    outer loop
      vertex -7.29116 -11.4041 86
      vertex -6.11127 -9.14616 86
      vertex -7.13668 -11.4322 86
    endloop
  endfacet
  facet normal 0 0 -1
    outer loop
      vertex -7.44765 -11.3912 86
      vertex -6.11127 -9.14616 86
      vertex -7.29116 -11.4041 86
    endloop
  endfacet
  facet normal -0 0 -1
    outer loop
      vertex -6.11127 -9.14616 86
      vertex -7.44765 -11.3912 86
      vertex -6.97833 -8.50311 86
    endloop
  endfacet
  facet normal 0 0 -1
    outer loop
      vertex -7.60464 -11.3938 86
      vertex -6.97833 -8.50311 86
      vertex -7.44765 -11.3912 86
    endloop
  endfacet
  facet normal 0 0 -1
    outer loop
      vertex -7.76063 -11.4118 86
      vertex -6.97833 -8.50311 86
      vertex -7.60464 -11.3938 86
    endloop
  endfacet
  facet normal 0 0 -1
    outer loop
      vertex -7.91411 -11.4449 86
      vertex -6.97833 -8.50311 86
      vertex -7.76063 -11.4118 86
    endloop
  endfacet
  facet normal 0 0 -1
    outer loop
      vertex -8.0636 -11.4929 86
      vertex -6.97833 -8.50311 86
      vertex -7.91411 -11.4449 86
    endloop
  endfacet
  facet normal -0 0 -1
    outer loop
      vertex -6.97833 -8.50311 86
      vertex -8.0636 -11.4929 86
      vertex -7.77817 -7.77817 86
    endloop
  endfacet
  facet normal 0 0 -1
    outer loop
      vertex -8.20766 -11.5554 86
      vertex -7.77817 -7.77817 86
      vertex -8.0636 -11.4929 86
    endloop
  endfacet
  facet normal 0 0 -1
    outer loop
      vertex -8.34491 -11.6317 86
      vertex -7.77817 -7.77817 86
      vertex -8.20766 -11.5554 86
    endloop
  endfacet
  facet normal 0 0 -1
    outer loop
      vertex -8.47402 -11.721 86
      vertex -7.77817 -7.77817 86
      vertex -8.34491 -11.6317 86
    endloop
  endfacet
  facet normal 0 0 -1
    outer loop
      vertex -8.47402 -11.721 86
      vertex -8.50311 -6.97833 86
      vertex -7.77817 -7.77817 86
    endloop
  endfacet
  facet normal 0 0 -1
    outer loop
      vertex -8.59375 -11.8226 86
      vertex -8.50311 -6.97833 86
      vertex -8.47402 -11.721 86
    endloop
  endfacet
  facet normal 0 0 -1
    outer loop
      vertex -8.70294 -11.9354 86
      vertex -8.50311 -6.97833 86
      vertex -8.59375 -11.8226 86
    endloop
  endfacet
  facet normal 0 0 -1
    outer loop
      vertex -8.80055 -12.0584 86
      vertex -8.50311 -6.97833 86
      vertex -8.70294 -11.9354 86
    endloop
  endfacet
  facet normal 0 0 -1
    outer loop
      vertex -9.14616 -6.11127 86
      vertex -8.80055 -12.0584 86
      vertex -8.88564 -12.1904 86
    endloop
  endfacet
  facet normal 0 0 -1
    outer loop
      vertex -9.14616 -6.11127 86
      vertex -8.88564 -12.1904 86
      vertex -8.95738 -12.33 86
    endloop
  endfacet
  facet normal 0 0 -1
    outer loop
      vertex -9.70113 -5.18536 86
      vertex -8.95738 -12.33 86
      vertex -9.01509 -12.4761 86
    endloop
  endfacet
  facet normal 0 0 -1
    outer loop
      vertex -9.70113 -5.18536 86
      vertex -9.01509 -12.4761 86
      vertex -9.0582 -12.6271 86
    endloop
  endfacet
  facet normal 0 0 -1
    outer loop
      vertex -9.70113 -5.18536 86
      vertex -9.0582 -12.6271 86
      vertex -9.08631 -12.7815 86
    endloop
  endfacet
  facet normal 0 0 -1
    outer loop
      vertex -8.80055 -12.0584 86
      vertex -9.14616 -6.11127 86
      vertex -8.50311 -6.97833 86
    endloop
  endfacet
  facet normal 0 0 -1
    outer loop
      vertex -21.2578 -17.4458 86
      vertex -9.08631 -12.7815 86
      vertex -9.09914 -12.938 86
    endloop
  endfacet
  facet normal -0.427572 0.903981 0
    outer loop
      vertex -10.5238 25.4067 86
      vertex -12.9634 24.2528 90
      vertex -10.5238 25.4067 90
    endloop
  endfacet
  facet normal -0.427572 0.903981 0
    outer loop
      vertex -12.9634 24.2528 90
      vertex -10.5238 25.4067 86
      vertex -12.9634 24.2528 86
    endloop
  endfacet
  facet normal 0 0 1
    outer loop
      vertex 0 -7 90
      vertex -5.90343 -12.8857 90
      vertex -5.90086 -13.0427 90
    endloop
  endfacet
  facet normal 0 0 1
    outer loop
      vertex -5.41107 -4.44075 90
      vertex -5.92137 -12.7297 90
      vertex -5.90343 -12.8857 90
    endloop
  endfacet
  facet normal 0 0 1
    outer loop
      vertex -5.41107 -4.44075 90
      vertex -5.95452 -12.5763 90
      vertex -5.92137 -12.7297 90
    endloop
  endfacet
  facet normal 0 0 1
    outer loop
      vertex -5.41107 -4.44075 90
      vertex -6.00255 -12.4268 90
      vertex -5.95452 -12.5763 90
    endloop
  endfacet
  facet normal 0 0 1
    outer loop
      vertex -5.41107 -4.44075 90
      vertex -6.065 -12.2827 90
      vertex -6.00255 -12.4268 90
    endloop
  endfacet
  facet normal 0 0 1
    outer loop
      vertex -5.41107 -4.44075 90
      vertex -6.14128 -12.1455 90
      vertex -6.065 -12.2827 90
    endloop
  endfacet
  facet normal 0 0 1
    outer loop
      vertex -8.20766 -11.5554 90
      vertex -5.82029 -3.88899 90
      vertex -6.17345 -3.29978 90
    endloop
  endfacet
  facet normal 0 0 1
    outer loop
      vertex -5.41107 -4.44075 90
      vertex -6.23063 -12.0164 90
      vertex -6.14128 -12.1455 90
    endloop
  endfacet
  facet normal 0 0 1
    outer loop
      vertex -5.41107 -4.44075 90
      vertex -6.33222 -11.8966 90
      vertex -6.23063 -12.0164 90
    endloop
  endfacet
  facet normal 0 0 1
    outer loop
      vertex -5.41107 -4.44075 90
      vertex -6.44505 -11.7874 90
      vertex -6.33222 -11.8966 90
    endloop
  endfacet
  facet normal 0 0 1
    outer loop
      vertex -8.47402 -11.721 90
      vertex -6.17345 -3.29978 90
      vertex -6.46716 -2.67878 90
    endloop
  endfacet
  facet normal 0 0 1
    outer loop
      vertex -5.41107 -4.44075 90
      vertex -6.56804 -11.6898 90
      vertex -6.44505 -11.7874 90
    endloop
  endfacet
  facet normal 0 0 1
    outer loop
      vertex -8.59375 -11.8226 90
      vertex -6.46716 -2.67878 90
      vertex -6.69858 -2.03199 90
    endloop
  endfacet
  facet normal 0 0 1
    outer loop
      vertex -5.41107 -4.44075 90
      vertex -6.7 -11.6047 90
      vertex -6.56804 -11.6898 90
    endloop
  endfacet
  facet normal 0 0 1
    outer loop
      vertex -5.41107 -4.44075 90
      vertex -6.83967 -11.533 90
      vertex -6.7 -11.6047 90
    endloop
  endfacet
  facet normal 0 0 1
    outer loop
      vertex -26.3159 -7.98283 90
      vertex -6.69858 -2.03199 90
      vertex -6.8655 -1.36563 90
    endloop
  endfacet
  facet normal 0 0 1
    outer loop
      vertex -26.9716 -5.36498 90
      vertex -6.8655 -1.36563 90
      vertex -6.96629 -0.686119 90
    endloop
  endfacet
  facet normal 0 0 1
    outer loop
      vertex -5.41107 -4.44075 90
      vertex -6.9857 -11.4753 90
      vertex -6.83967 -11.533 90
    endloop
  endfacet
  facet normal 0 0 1
    outer loop
      vertex -27.3676 -2.69547 90
      vertex -6.96629 -0.686119 90
      vertex -7 0 90
    endloop
  endfacet
  facet normal 0 0 1
    outer loop
      vertex -8.20766 11.5554 90
      vertex -5.82029 3.88899 90
      vertex -8.0636 11.4929 90
    endloop
  endfacet
  facet normal 0 0 1
    outer loop
      vertex -5.41107 -4.44075 90
      vertex -7.13668 -11.4322 90
      vertex -6.9857 -11.4753 90
    endloop
  endfacet
  facet normal 0 0 1
    outer loop
      vertex -5.82029 3.88899 90
      vertex -8.20766 11.5554 90
      vertex -6.17345 3.29978 90
    endloop
  endfacet
  facet normal 0 0 1
    outer loop
      vertex -5.41107 -4.44075 90
      vertex -7.29116 -11.4041 90
      vertex -7.13668 -11.4322 90
    endloop
  endfacet
  facet normal 0 0 1
    outer loop
      vertex -8.34491 11.6317 90
      vertex -6.17345 3.29978 90
      vertex -8.20766 11.5554 90
    endloop
  endfacet
  facet normal 0 0 1
    outer loop
      vertex -5.41107 -4.44075 90
      vertex -7.44765 -11.3912 90
      vertex -7.29116 -11.4041 90
    endloop
  endfacet
  facet normal 0 0 1
    outer loop
      vertex -8.47402 11.721 90
      vertex -6.17345 3.29978 90
      vertex -8.34491 11.6317 90
    endloop
  endfacet
  facet normal 0 0 1
    outer loop
      vertex -5.41107 -4.44075 90
      vertex -7.60464 -11.3938 90
      vertex -7.44765 -11.3912 90
    endloop
  endfacet
  facet normal 0 0 1
    outer loop
      vertex -6.17345 3.29978 90
      vertex -8.47402 11.721 90
      vertex -6.46716 2.67878 90
    endloop
  endfacet
  facet normal 0 0 1
    outer loop
      vertex -5.41107 -4.44075 90
      vertex -7.76063 -11.4118 90
      vertex -7.60464 -11.3938 90
    endloop
  endfacet
  facet normal 0 0 1
    outer loop
      vertex -8.59375 11.8226 90
      vertex -6.46716 2.67878 90
      vertex -8.47402 11.721 90
    endloop
  endfacet
  facet normal 0 0 1
    outer loop
      vertex -5.41107 -4.44075 90
      vertex -7.91411 -11.4449 90
      vertex -7.76063 -11.4118 90
    endloop
  endfacet
  facet normal 0 0 1
    outer loop
      vertex -6.46716 2.67878 90
      vertex -8.59375 11.8226 90
      vertex -6.69858 2.03199 90
    endloop
  endfacet
  facet normal 0 0 1
    outer loop
      vertex -5.82029 -3.88899 90
      vertex -8.0636 -11.4929 90
      vertex -7.91411 -11.4449 90
    endloop
  endfacet
  facet normal 0 0 1
    outer loop
      vertex -8.70294 11.9354 90
      vertex -6.69858 2.03199 90
      vertex -8.59375 11.8226 90
    endloop
  endfacet
  facet normal 0 0 1
    outer loop
      vertex -5.82029 -3.88899 90
      vertex -8.20766 -11.5554 90
      vertex -8.0636 -11.4929 90
    endloop
  endfacet
  facet normal -0 0 1
    outer loop
      vertex -26.3159 7.98283 90
      vertex -6.69858 2.03199 90
      vertex -8.70294 11.9354 90
    endloop
  endfacet
  facet normal 0 -0 1
    outer loop
      vertex -27.3676 -2.69547 90
      vertex -7 0 90
      vertex -27.5 0 90
    endloop
  endfacet
  facet normal 0 0 1
    outer loop
      vertex -6.69858 2.03199 90
      vertex -26.3159 7.98283 90
      vertex -6.8655 1.36563 90
    endloop
  endfacet
  facet normal 0 0 1
    outer loop
      vertex -6.17345 -3.29978 90
      vertex -8.34491 -11.6317 90
      vertex -8.20766 -11.5554 90
    endloop
  endfacet
  facet normal -0 0 1
    outer loop
      vertex -26.9716 5.36498 90
      vertex -6.8655 1.36563 90
      vertex -26.3159 7.98283 90
    endloop
  endfacet
  facet normal 0 0 1
    outer loop
      vertex -6.96629 -0.686119 90
      vertex -27.3676 -2.69547 90
      vertex -26.9716 -5.36498 90
    endloop
  endfacet
  facet normal 0 0 1
    outer loop
      vertex -6.8655 1.36563 90
      vertex -26.9716 5.36498 90
      vertex -6.96629 0.686119 90
    endloop
  endfacet
  facet normal 0 0 1
    outer loop
      vertex -6.17345 -3.29978 90
      vertex -8.47402 -11.721 90
      vertex -8.34491 -11.6317 90
    endloop
  endfacet
  facet normal 0 0 1
    outer loop
      vertex -26.3159 7.98283 90
      vertex -8.70294 11.9354 90
      vertex -8.80055 12.0584 90
    endloop
  endfacet
  facet normal 0 0 1
    outer loop
      vertex -6.8655 -1.36563 90
      vertex -26.9716 -5.36498 90
      vertex -26.3159 -7.98283 90
    endloop
  endfacet
  facet normal 0 0 1
    outer loop
      vertex -25.4067 10.5238 90
      vertex -8.80055 12.0584 90
      vertex -8.88564 12.1904 90
    endloop
  endfacet
  facet normal 0 0 1
    outer loop
      vertex -6.46716 -2.67878 90
      vertex -8.59375 -11.8226 90
      vertex -8.47402 -11.721 90
    endloop
  endfacet
  facet normal 0 0 1
    outer loop
      vertex -24.2528 12.9634 90
      vertex -8.88564 12.1904 90
      vertex -8.95738 12.33 90
    endloop
  endfacet
  facet normal 0 0 1
    outer loop
      vertex -6.69858 -2.03199 90
      vertex -26.3159 -7.98283 90
      vertex -8.70294 -11.9354 90
    endloop
  endfacet
  facet normal 0 0 1
    outer loop
      vertex -24.2528 12.9634 90
      vertex -8.95738 12.33 90
      vertex -9.01509 12.4761 90
    endloop
  endfacet
  facet normal 0 0 1
    outer loop
      vertex -6.69858 -2.03199 90
      vertex -8.70294 -11.9354 90
      vertex -8.59375 -11.8226 90
    endloop
  endfacet
  facet normal 0 0 1
    outer loop
      vertex -22.8654 15.2782 90
      vertex -9.01509 12.4761 90
      vertex -9.0582 12.6271 90
    endloop
  endfacet
  facet normal 0 0 1
    outer loop
      vertex -8.70294 -11.9354 90
      vertex -26.3159 -7.98283 90
      vertex -8.80055 -12.0584 90
    endloop
  endfacet
  facet normal 0 0 1
    outer loop
      vertex -22.8654 15.2782 90
      vertex -9.0582 12.6271 90
      vertex -9.08631 12.7815 90
    endloop
  endfacet
  facet normal -0 -0 1
    outer loop
      vertex -25.4067 -10.5238 90
      vertex -8.80055 -12.0584 90
      vertex -26.3159 -7.98283 90
    endloop
  endfacet
  facet normal 0 0 1
    outer loop
      vertex -21.2578 17.4458 90
      vertex -9.08631 12.7815 90
      vertex -9.09914 12.938 90
    endloop
  endfacet
  facet normal 0 0 1
    outer loop
      vertex -8.80055 -12.0584 90
      vertex -25.4067 -10.5238 90
      vertex -8.88564 -12.1904 90
    endloop
  endfacet
  facet normal 0 0 1
    outer loop
      vertex 14.5355 -1.5311 90
      vertex 5.41107 -4.44075 90
      vertex 14.6879 -1.56926 90
    endloop
  endfacet
  facet normal 0 0 1
    outer loop
      vertex 14.6879 -1.56926 90
      vertex 5.41107 -4.44075 90
      vertex 19.4454 -19.4454 90
    endloop
  endfacet
  facet normal -0 0 1
    outer loop
      vertex 4.94975 -4.94975 90
      vertex 19.4454 -19.4454 90
      vertex 5.41107 -4.44075 90
    endloop
  endfacet
  facet normal 0 0 1
    outer loop
      vertex 19.4454 -19.4454 90
      vertex 4.94975 -4.94975 90
      vertex 17.4458 -21.2578 90
    endloop
  endfacet
  facet normal -0 0 1
    outer loop
      vertex 4.44075 -5.41107 90
      vertex 17.4458 -21.2578 90
      vertex 4.94975 -4.94975 90
    endloop
  endfacet
  facet normal 0 0 1
    outer loop
      vertex 17.4458 -21.2578 90
      vertex 4.44075 -5.41107 90
      vertex 15.2782 -22.8654 90
    endloop
  endfacet
  facet normal -0 0 1
    outer loop
      vertex 3.88899 -5.82029 90
      vertex 15.2782 -22.8654 90
      vertex 4.44075 -5.41107 90
    endloop
  endfacet
  facet normal 0 0 1
    outer loop
      vertex 15.2782 -22.8654 90
      vertex 3.88899 -5.82029 90
      vertex 12.9634 -24.2528 90
    endloop
  endfacet
  facet normal -0 0 1
    outer loop
      vertex 3.29978 -6.17345 90
      vertex 12.9634 -24.2528 90
      vertex 3.88899 -5.82029 90
    endloop
  endfacet
  facet normal 0 0 1
    outer loop
      vertex 12.9634 -24.2528 90
      vertex 3.29978 -6.17345 90
      vertex 10.5238 -25.4067 90
    endloop
  endfacet
  facet normal -0 0 1
    outer loop
      vertex 2.67878 -6.46716 90
      vertex 10.5238 -25.4067 90
      vertex 3.29978 -6.17345 90
    endloop
  endfacet
  facet normal 0 0 1
    outer loop
      vertex 10.5238 -25.4067 90
      vertex 2.67878 -6.46716 90
      vertex 7.98283 -26.3159 90
    endloop
  endfacet
  facet normal -0 0 1
    outer loop
      vertex 2.03199 -6.69858 90
      vertex 7.98283 -26.3159 90
      vertex 2.67878 -6.46716 90
    endloop
  endfacet
  facet normal 0 0 1
    outer loop
      vertex 7.98283 -26.3159 90
      vertex 2.03199 -6.69858 90
      vertex 5.36498 -26.9716 90
    endloop
  endfacet
  facet normal -0 0 1
    outer loop
      vertex 1.36563 -6.8655 90
      vertex 5.36498 -26.9716 90
      vertex 2.03199 -6.69858 90
    endloop
  endfacet
  facet normal -0 0 1
    outer loop
      vertex -5.98491 -13.5047 90
      vertex 5.36498 -26.9716 90
      vertex 1.36563 -6.8655 90
    endloop
  endfacet
  facet normal 0 0 1
    outer loop
      vertex -5.9418 -13.3537 90
      vertex 1.36563 -6.8655 90
      vertex 0.686119 -6.96629 90
    endloop
  endfacet
  facet normal 0 0 1
    outer loop
      vertex -5.90086 -13.0427 90
      vertex 0.686119 -6.96629 90
      vertex 0 -7 90
    endloop
  endfacet
  facet normal -0 0 1
    outer loop
      vertex -6.04262 -13.6507 90
      vertex 5.36498 -26.9716 90
      vertex -5.98491 -13.5047 90
    endloop
  endfacet
  facet normal 0 0 1
    outer loop
      vertex -5.90343 -12.8857 90
      vertex 0 -7 90
      vertex -0.686119 -6.96629 90
    endloop
  endfacet
  facet normal 0 0 1
    outer loop
      vertex -5.90343 -12.8857 90
      vertex -0.686119 -6.96629 90
      vertex -1.36563 -6.8655 90
    endloop
  endfacet
  facet normal 0 0 1
    outer loop
      vertex -5.90343 -12.8857 90
      vertex -1.36563 -6.8655 90
      vertex -2.03199 -6.69858 90
    endloop
  endfacet
  facet normal 0 0 1
    outer loop
      vertex -5.90343 -12.8857 90
      vertex -2.03199 -6.69858 90
      vertex -2.67878 -6.46716 90
    endloop
  endfacet
  facet normal 0 0 1
    outer loop
      vertex 1.36563 -6.8655 90
      vertex -5.9418 -13.3537 90
      vertex -5.98491 -13.5047 90
    endloop
  endfacet
  facet normal 0 0 1
    outer loop
      vertex -5.90343 -12.8857 90
      vertex -2.67878 -6.46716 90
      vertex -3.29978 -6.17345 90
    endloop
  endfacet
  facet normal 0 0 1
    outer loop
      vertex -5.90343 -12.8857 90
      vertex -3.29978 -6.17345 90
      vertex -3.88899 -5.82029 90
    endloop
  endfacet
  facet normal 0 0 1
    outer loop
      vertex -5.90343 -12.8857 90
      vertex -3.88899 -5.82029 90
      vertex -4.44075 -5.41107 90
    endloop
  endfacet
  facet normal 0 0 1
    outer loop
      vertex -5.90343 -12.8857 90
      vertex -4.44075 -5.41107 90
      vertex -4.94975 -4.94975 90
    endloop
  endfacet
  facet normal 0 0 1
    outer loop
      vertex 0.686119 -6.96629 90
      vertex -5.90086 -13.0427 90
      vertex -5.91369 -13.1992 90
    endloop
  endfacet
  facet normal 0 0 1
    outer loop
      vertex -5.90343 -12.8857 90
      vertex -4.94975 -4.94975 90
      vertex -5.41107 -4.44075 90
    endloop
  endfacet
  facet normal 0 0 1
    outer loop
      vertex -7.91411 -11.4449 90
      vertex -5.41107 -4.44075 90
      vertex -5.82029 -3.88899 90
    endloop
  endfacet
  facet normal 0 0 1
    outer loop
      vertex 0.686119 -6.96629 90
      vertex -5.91369 -13.1992 90
      vertex -5.9418 -13.3537 90
    endloop
  endfacet
  facet normal 0 0 1
    outer loop
      vertex 5.36498 -26.9716 90
      vertex -6.04262 -13.6507 90
      vertex 2.69547 -27.3676 90
    endloop
  endfacet
  facet normal -0 0 1
    outer loop
      vertex -6.11436 -13.7904 90
      vertex 2.69547 -27.3676 90
      vertex -6.04262 -13.6507 90
    endloop
  endfacet
  facet normal -0 0 1
    outer loop
      vertex -6.19944 -13.9223 90
      vertex 2.69547 -27.3676 90
      vertex -6.11436 -13.7904 90
    endloop
  endfacet
  facet normal 0 0 1
    outer loop
      vertex 2.69547 -27.3676 90
      vertex -6.19944 -13.9223 90
      vertex 0 -27.5 90
    endloop
  endfacet
  facet normal -0 0 1
    outer loop
      vertex -6.29706 -14.0453 90
      vertex 0 -27.5 90
      vertex -6.19944 -13.9223 90
    endloop
  endfacet
  facet normal -0 0 1
    outer loop
      vertex -6.40625 -14.1582 90
      vertex 0 -27.5 90
      vertex -6.29706 -14.0453 90
    endloop
  endfacet
  facet normal 0 0 1
    outer loop
      vertex 0 -27.5 90
      vertex -6.40625 -14.1582 90
      vertex -2.69547 -27.3676 90
    endloop
  endfacet
  facet normal -0 0 1
    outer loop
      vertex -6.52598 -14.2597 90
      vertex -2.69547 -27.3676 90
      vertex -6.40625 -14.1582 90
    endloop
  endfacet
  facet normal -0 0 1
    outer loop
      vertex -6.65509 -14.3491 90
      vertex -2.69547 -27.3676 90
      vertex -6.52598 -14.2597 90
    endloop
  endfacet
  facet normal 0 0 1
    outer loop
      vertex -2.69547 -27.3676 90
      vertex -6.65509 -14.3491 90
      vertex -5.36498 -26.9716 90
    endloop
  endfacet
  facet normal -0 0 1
    outer loop
      vertex -6.79234 -14.4254 90
      vertex -5.36498 -26.9716 90
      vertex -6.65509 -14.3491 90
    endloop
  endfacet
  facet normal -0 0 1
    outer loop
      vertex -6.9364 -14.4878 90
      vertex -5.36498 -26.9716 90
      vertex -6.79234 -14.4254 90
    endloop
  endfacet
  facet normal -0 0 1
    outer loop
      vertex -7.08589 -14.5359 90
      vertex -5.36498 -26.9716 90
      vertex -6.9364 -14.4878 90
    endloop
  endfacet
  facet normal 0 0 1
    outer loop
      vertex -7.98283 -26.3159 90
      vertex -7.08589 -14.5359 90
      vertex -7.23937 -14.569 90
    endloop
  endfacet
  facet normal 0 0 1
    outer loop
      vertex -7.98283 -26.3159 90
      vertex -7.23937 -14.569 90
      vertex -7.39535 -14.587 90
    endloop
  endfacet
  facet normal 0 0 1
    outer loop
      vertex -7.98283 -26.3159 90
      vertex -7.39535 -14.587 90
      vertex -7.55235 -14.5895 90
    endloop
  endfacet
  facet normal 0 0 1
    outer loop
      vertex -10.5238 -25.4067 90
      vertex -7.55235 -14.5895 90
      vertex -7.70884 -14.5767 90
    endloop
  endfacet
  facet normal 0 0 1
    outer loop
      vertex -10.5238 -25.4067 90
      vertex -7.70884 -14.5767 90
      vertex -7.86332 -14.5486 90
    endloop
  endfacet
  facet normal 0 0 1
    outer loop
      vertex -7.08589 -14.5359 90
      vertex -7.98283 -26.3159 90
      vertex -5.36498 -26.9716 90
    endloop
  endfacet
  facet normal 0 0 1
    outer loop
      vertex -10.5238 -25.4067 90
      vertex -7.86332 -14.5486 90
      vertex -8.0143 -14.5055 90
    endloop
  endfacet
  facet normal 0 0 1
    outer loop
      vertex -12.9634 -24.2528 90
      vertex -8.0143 -14.5055 90
      vertex -8.16033 -14.4478 90
    endloop
  endfacet
  facet normal 0 0 1
    outer loop
      vertex -12.9634 -24.2528 90
      vertex -8.16033 -14.4478 90
      vertex -8.3 -14.376 90
    endloop
  endfacet
  facet normal 0 0 1
    outer loop
      vertex -12.9634 -24.2528 90
      vertex -8.3 -14.376 90
      vertex -8.43196 -14.2909 90
    endloop
  endfacet
  facet normal 0 0 1
    outer loop
      vertex -15.2782 -22.8654 90
      vertex -8.43196 -14.2909 90
      vertex -8.55495 -14.1933 90
    endloop
  endfacet
  facet normal 0 0 1
    outer loop
      vertex -15.2782 -22.8654 90
      vertex -8.55495 -14.1933 90
      vertex -8.66778 -14.0841 90
    endloop
  endfacet
  facet normal 0 0 1
    outer loop
      vertex -15.2782 -22.8654 90
      vertex -8.66778 -14.0841 90
      vertex -8.76937 -13.9644 90
    endloop
  endfacet
  facet normal 0 0 1
    outer loop
      vertex -17.4458 -21.2578 90
      vertex -8.76937 -13.9644 90
      vertex -8.85872 -13.8353 90
    endloop
  endfacet
  facet normal 0 0 1
    outer loop
      vertex -17.4458 -21.2578 90
      vertex -8.85872 -13.8353 90
      vertex -8.935 -13.698 90
    endloop
  endfacet
  facet normal 0 0 1
    outer loop
      vertex -17.4458 -21.2578 90
      vertex -8.935 -13.698 90
      vertex -8.99745 -13.554 90
    endloop
  endfacet
  facet normal 0 0 1
    outer loop
      vertex -19.4454 -19.4454 90
      vertex -8.99745 -13.554 90
      vertex -9.04548 -13.4045 90
    endloop
  endfacet
  facet normal 0 0 1
    outer loop
      vertex -19.4454 -19.4454 90
      vertex -9.04548 -13.4045 90
      vertex -9.07863 -13.251 90
    endloop
  endfacet
  facet normal 0 0 1
    outer loop
      vertex -21.2578 -17.4458 90
      vertex -9.07863 -13.251 90
      vertex -9.09657 -13.095 90
    endloop
  endfacet
  facet normal 0 0 1
    outer loop
      vertex -9.04548 13.4045 90
      vertex -19.4454 19.4454 90
      vertex -9.07863 13.251 90
    endloop
  endfacet
  facet normal 0 0 1
    outer loop
      vertex -7.55235 -14.5895 90
      vertex -10.5238 -25.4067 90
      vertex -7.98283 -26.3159 90
    endloop
  endfacet
  facet normal -0 0 1
    outer loop
      vertex -21.2578 17.4458 90
      vertex -9.07863 13.251 90
      vertex -19.4454 19.4454 90
    endloop
  endfacet
  facet normal 0 0 1
    outer loop
      vertex -9.07863 13.251 90
      vertex -21.2578 17.4458 90
      vertex -9.09657 13.095 90
    endloop
  endfacet
  facet normal 0 0 1
    outer loop
      vertex -8.0143 -14.5055 90
      vertex -12.9634 -24.2528 90
      vertex -10.5238 -25.4067 90
    endloop
  endfacet
  facet normal 0 0 1
    outer loop
      vertex -9.09657 13.095 90
      vertex -21.2578 17.4458 90
      vertex -9.09914 12.938 90
    endloop
  endfacet
  facet normal 0 0 1
    outer loop
      vertex -8.43196 -14.2909 90
      vertex -15.2782 -22.8654 90
      vertex -12.9634 -24.2528 90
    endloop
  endfacet
  facet normal 0 0 1
    outer loop
      vertex -9.08631 12.7815 90
      vertex -21.2578 17.4458 90
      vertex -22.8654 15.2782 90
    endloop
  endfacet
  facet normal 0 0 1
    outer loop
      vertex -8.76937 -13.9644 90
      vertex -17.4458 -21.2578 90
      vertex -15.2782 -22.8654 90
    endloop
  endfacet
  facet normal 0 0 1
    outer loop
      vertex -9.01509 12.4761 90
      vertex -22.8654 15.2782 90
      vertex -24.2528 12.9634 90
    endloop
  endfacet
  facet normal 0 0 1
    outer loop
      vertex -8.99745 -13.554 90
      vertex -19.4454 -19.4454 90
      vertex -17.4458 -21.2578 90
    endloop
  endfacet
  facet normal 0 0 1
    outer loop
      vertex -8.88564 12.1904 90
      vertex -24.2528 12.9634 90
      vertex -25.4067 10.5238 90
    endloop
  endfacet
  facet normal 0 0 1
    outer loop
      vertex -9.07863 -13.251 90
      vertex -21.2578 -17.4458 90
      vertex -19.4454 -19.4454 90
    endloop
  endfacet
  facet normal 0 0 1
    outer loop
      vertex -8.80055 12.0584 90
      vertex -25.4067 10.5238 90
      vertex -26.3159 7.98283 90
    endloop
  endfacet
  facet normal 0 0 1
    outer loop
      vertex -9.09914 -12.938 90
      vertex -21.2578 -17.4458 90
      vertex -9.09657 -13.095 90
    endloop
  endfacet
  facet normal -0 0 1
    outer loop
      vertex -27.3676 2.69547 90
      vertex -6.96629 0.686119 90
      vertex -26.9716 5.36498 90
    endloop
  endfacet
  facet normal 0 0 1
    outer loop
      vertex -9.08631 -12.7815 90
      vertex -21.2578 -17.4458 90
      vertex -9.09914 -12.938 90
    endloop
  endfacet
  facet normal 0 0 1
    outer loop
      vertex -6.96629 0.686119 90
      vertex -27.3676 2.69547 90
      vertex -7 0 90
    endloop
  endfacet
  facet normal 0 -0 1
    outer loop
      vertex -21.2578 -17.4458 90
      vertex -9.08631 -12.7815 90
      vertex -22.8654 -15.2782 90
    endloop
  endfacet
  facet normal 0 0 1
    outer loop
      vertex -7 0 90
      vertex -27.3676 2.69547 90
      vertex -27.5 0 90
    endloop
  endfacet
  facet normal 0 0 1
    outer loop
      vertex -9.0582 -12.6271 90
      vertex -22.8654 -15.2782 90
      vertex -9.08631 -12.7815 90
    endloop
  endfacet
  facet normal 0 -0 1
    outer loop
      vertex -24.2528 -12.9634 90
      vertex -8.88564 -12.1904 90
      vertex -25.4067 -10.5238 90
    endloop
  endfacet
  facet normal 0 0 1
    outer loop
      vertex -9.01509 -12.4761 90
      vertex -22.8654 -15.2782 90
      vertex -9.0582 -12.6271 90
    endloop
  endfacet
  facet normal 0 0 1
    outer loop
      vertex -8.88564 -12.1904 90
      vertex -24.2528 -12.9634 90
      vertex -8.95738 -12.33 90
    endloop
  endfacet
  facet normal 0 -0 1
    outer loop
      vertex -22.8654 -15.2782 90
      vertex -9.01509 -12.4761 90
      vertex -24.2528 -12.9634 90
    endloop
  endfacet
  facet normal 0 0 1
    outer loop
      vertex -8.95738 -12.33 90
      vertex -24.2528 -12.9634 90
      vertex -9.01509 -12.4761 90
    endloop
  endfacet
  facet normal 0 0 1
    outer loop
      vertex -2.03199 6.69858 90
      vertex -6.23063 12.0164 90
      vertex -2.67878 6.46716 90
    endloop
  endfacet
  facet normal -0 0 1
    outer loop
      vertex -6.33222 11.8966 90
      vertex -2.67878 6.46716 90
      vertex -6.23063 12.0164 90
    endloop
  endfacet
  facet normal -0 0 1
    outer loop
      vertex -6.44505 11.7874 90
      vertex -2.67878 6.46716 90
      vertex -6.33222 11.8966 90
    endloop
  endfacet
  facet normal 0 0 1
    outer loop
      vertex -2.67878 6.46716 90
      vertex -6.44505 11.7874 90
      vertex -3.29978 6.17345 90
    endloop
  endfacet
  facet normal -0 0 1
    outer loop
      vertex -6.56804 11.6898 90
      vertex -3.29978 6.17345 90
      vertex -6.44505 11.7874 90
    endloop
  endfacet
  facet normal -0 0 1
    outer loop
      vertex -6.7 11.6047 90
      vertex -3.29978 6.17345 90
      vertex -6.56804 11.6898 90
    endloop
  endfacet
  facet normal 0 0 1
    outer loop
      vertex -3.29978 6.17345 90
      vertex -6.7 11.6047 90
      vertex -3.88899 5.82029 90
    endloop
  endfacet
  facet normal -0 0 1
    outer loop
      vertex -6.83967 11.533 90
      vertex -3.88899 5.82029 90
      vertex -6.7 11.6047 90
    endloop
  endfacet
  facet normal -0 0 1
    outer loop
      vertex -6.9857 11.4753 90
      vertex -3.88899 5.82029 90
      vertex -6.83967 11.533 90
    endloop
  endfacet
  facet normal 0 0 1
    outer loop
      vertex -3.88899 5.82029 90
      vertex -6.9857 11.4753 90
      vertex -4.44075 5.41107 90
    endloop
  endfacet
  facet normal -0 0 1
    outer loop
      vertex -7.13668 11.4322 90
      vertex -4.44075 5.41107 90
      vertex -6.9857 11.4753 90
    endloop
  endfacet
  facet normal -0 0 1
    outer loop
      vertex -7.29116 11.4041 90
      vertex -4.44075 5.41107 90
      vertex -7.13668 11.4322 90
    endloop
  endfacet
  facet normal 0 0 1
    outer loop
      vertex -4.44075 5.41107 90
      vertex -7.29116 11.4041 90
      vertex -4.94975 4.94975 90
    endloop
  endfacet
  facet normal -0 0 1
    outer loop
      vertex -7.44765 11.3912 90
      vertex -4.94975 4.94975 90
      vertex -7.29116 11.4041 90
    endloop
  endfacet
  facet normal 0 0 1
    outer loop
      vertex -7.60464 11.3938 90
      vertex -4.94975 4.94975 90
      vertex -7.44765 11.3912 90
    endloop
  endfacet
  facet normal 0 0 1
    outer loop
      vertex -4.94975 4.94975 90
      vertex -7.60464 11.3938 90
      vertex -5.41107 4.44075 90
    endloop
  endfacet
  facet normal 0 0 1
    outer loop
      vertex -7.76063 11.4118 90
      vertex -5.41107 4.44075 90
      vertex -7.60464 11.3938 90
    endloop
  endfacet
  facet normal 0 0 1
    outer loop
      vertex -7.91411 11.4449 90
      vertex -5.41107 4.44075 90
      vertex -7.76063 11.4118 90
    endloop
  endfacet
  facet normal 0 0 1
    outer loop
      vertex -5.41107 4.44075 90
      vertex -7.91411 11.4449 90
      vertex -5.82029 3.88899 90
    endloop
  endfacet
  facet normal 0 0 1
    outer loop
      vertex -8.0636 11.4929 90
      vertex -5.82029 3.88899 90
      vertex -7.91411 11.4449 90
    endloop
  endfacet
  facet normal -0 0 1
    outer loop
      vertex 16.5923 0.156827 90
      vertex 27.5 0 90
      vertex 27.3676 2.69547 90
    endloop
  endfacet
  facet normal 0 0 1
    outer loop
      vertex 16.4111 0.754234 90
      vertex 27.3676 2.69547 90
      vertex 26.9716 5.36498 90
    endloop
  endfacet
  facet normal 0 0 1
    outer loop
      vertex 27.5 0 90
      vertex 16.5923 0.156827 90
      vertex 16.6 0 90
    endloop
  endfacet
  facet normal 0 0 1
    outer loop
      vertex 16.2368 1.01503 90
      vertex 26.9716 5.36498 90
      vertex 26.3159 7.98283 90
    endloop
  endfacet
  facet normal 0 0 1
    outer loop
      vertex 16.5923 -0.156827 90
      vertex 27.5 0 90
      vertex 16.6 0 90
    endloop
  endfacet
  facet normal 0 0 1
    outer loop
      vertex 15.8889 1.33035 90
      vertex 26.3159 7.98283 90
      vertex 25.4067 10.5238 90
    endloop
  endfacet
  facet normal 0 0 1
    outer loop
      vertex 27.5 0 90
      vertex 16.5923 -0.156827 90
      vertex 27.3676 -2.69547 90
    endloop
  endfacet
  facet normal 0 0 1
    outer loop
      vertex 15.6123 1.47821 90
      vertex 25.4067 10.5238 90
      vertex 24.2528 12.9634 90
    endloop
  endfacet
  facet normal -0 0 1
    outer loop
      vertex 16.5693 -0.312144 90
      vertex 27.3676 -2.69547 90
      vertex 16.5923 -0.156827 90
    endloop
  endfacet
  facet normal 0 0 1
    outer loop
      vertex 15.3121 1.56926 90
      vertex 24.2528 12.9634 90
      vertex 22.8654 15.2782 90
    endloop
  endfacet
  facet normal -0 0 1
    outer loop
      vertex 16.5311 -0.464455 90
      vertex 27.3676 -2.69547 90
      vertex 16.5693 -0.312144 90
    endloop
  endfacet
  facet normal 0 0 1
    outer loop
      vertex 15 1.6 90
      vertex 22.8654 15.2782 90
      vertex 21.2578 17.4458 90
    endloop
  endfacet
  facet normal -0 0 1
    outer loop
      vertex 16.4782 -0.612293 90
      vertex 27.3676 -2.69547 90
      vertex 16.5311 -0.464455 90
    endloop
  endfacet
  facet normal 0 0 1
    outer loop
      vertex 14.6879 1.56926 90
      vertex 21.2578 17.4458 90
      vertex 19.4454 19.4454 90
    endloop
  endfacet
  facet normal -0 0 1
    outer loop
      vertex 16.4111 -0.754234 90
      vertex 27.3676 -2.69547 90
      vertex 16.4782 -0.612293 90
    endloop
  endfacet
  facet normal 0 0 1
    outer loop
      vertex 5.41107 4.44075 90
      vertex 19.4454 19.4454 90
      vertex 17.4458 21.2578 90
    endloop
  endfacet
  facet normal -0 0 1
    outer loop
      vertex 16.3304 -0.888912 90
      vertex 26.9716 -5.36498 90
      vertex 16.4111 -0.754234 90
    endloop
  endfacet
  facet normal -0 0 1
    outer loop
      vertex 16.2368 -1.01503 90
      vertex 26.9716 -5.36498 90
      vertex 16.3304 -0.888912 90
    endloop
  endfacet
  facet normal 0 0 1
    outer loop
      vertex 27.3676 -2.69547 90
      vertex 16.4111 -0.754234 90
      vertex 26.9716 -5.36498 90
    endloop
  endfacet
  facet normal 0 0 1
    outer loop
      vertex 27.3676 2.69547 90
      vertex 16.5693 0.312144 90
      vertex 16.5923 0.156827 90
    endloop
  endfacet
  facet normal 0 0 1
    outer loop
      vertex 27.3676 2.69547 90
      vertex 16.5311 0.464455 90
      vertex 16.5693 0.312144 90
    endloop
  endfacet
  facet normal 0 0 1
    outer loop
      vertex 27.3676 2.69547 90
      vertex 16.4782 0.612293 90
      vertex 16.5311 0.464455 90
    endloop
  endfacet
  facet normal 0 0 1
    outer loop
      vertex 27.3676 2.69547 90
      vertex 16.4111 0.754234 90
      vertex 16.4782 0.612293 90
    endloop
  endfacet
  facet normal 0 0 1
    outer loop
      vertex 26.9716 5.36498 90
      vertex 16.3304 0.888912 90
      vertex 16.4111 0.754234 90
    endloop
  endfacet
  facet normal 0 0 1
    outer loop
      vertex 26.9716 5.36498 90
      vertex 16.2368 1.01503 90
      vertex 16.3304 0.888912 90
    endloop
  endfacet
  facet normal 0 0 1
    outer loop
      vertex 26.3159 7.98283 90
      vertex 16.1314 1.13137 90
      vertex 16.2368 1.01503 90
    endloop
  endfacet
  facet normal 0 0 1
    outer loop
      vertex 26.3159 7.98283 90
      vertex 16.015 1.23682 90
      vertex 16.1314 1.13137 90
    endloop
  endfacet
  facet normal 0 0 1
    outer loop
      vertex 26.3159 7.98283 90
      vertex 15.8889 1.33035 90
      vertex 16.015 1.23682 90
    endloop
  endfacet
  facet normal 0 0 1
    outer loop
      vertex 25.4067 10.5238 90
      vertex 15.7542 1.41107 90
      vertex 15.8889 1.33035 90
    endloop
  endfacet
  facet normal 0 0 1
    outer loop
      vertex 25.4067 10.5238 90
      vertex 15.6123 1.47821 90
      vertex 15.7542 1.41107 90
    endloop
  endfacet
  facet normal 0 0 1
    outer loop
      vertex 24.2528 12.9634 90
      vertex 15.4645 1.5311 90
      vertex 15.6123 1.47821 90
    endloop
  endfacet
  facet normal 0 0 1
    outer loop
      vertex 24.2528 12.9634 90
      vertex 15.3121 1.56926 90
      vertex 15.4645 1.5311 90
    endloop
  endfacet
  facet normal 0 0 1
    outer loop
      vertex 5.41107 4.44075 90
      vertex 17.4458 21.2578 90
      vertex 15.2782 22.8654 90
    endloop
  endfacet
  facet normal 0 0 1
    outer loop
      vertex 22.8654 15.2782 90
      vertex 15.1568 1.59229 90
      vertex 15.3121 1.56926 90
    endloop
  endfacet
  facet normal 0 0 1
    outer loop
      vertex 22.8654 15.2782 90
      vertex 15 1.6 90
      vertex 15.1568 1.59229 90
    endloop
  endfacet
  facet normal 0 0 1
    outer loop
      vertex 21.2578 17.4458 90
      vertex 14.8432 1.59229 90
      vertex 15 1.6 90
    endloop
  endfacet
  facet normal 0 0 1
    outer loop
      vertex 21.2578 17.4458 90
      vertex 14.6879 1.56926 90
      vertex 14.8432 1.59229 90
    endloop
  endfacet
  facet normal 0 0 1
    outer loop
      vertex 19.4454 19.4454 90
      vertex 5.41107 4.44075 90
      vertex 14.6879 1.56926 90
    endloop
  endfacet
  facet normal 0 0 1
    outer loop
      vertex 14.6879 1.56926 90
      vertex 5.41107 4.44075 90
      vertex 14.5355 1.5311 90
    endloop
  endfacet
  facet normal 0 0 1
    outer loop
      vertex 14.5355 1.5311 90
      vertex 5.41107 4.44075 90
      vertex 14.3877 1.47821 90
    endloop
  endfacet
  facet normal -0 -0 1
    outer loop
      vertex 5.82029 3.88899 90
      vertex 14.3877 1.47821 90
      vertex 5.41107 4.44075 90
    endloop
  endfacet
  facet normal 0 0 1
    outer loop
      vertex 14.3877 1.47821 90
      vertex 5.82029 3.88899 90
      vertex 14.2458 1.41107 90
    endloop
  endfacet
  facet normal -0 -0 1
    outer loop
      vertex 6.17345 3.29978 90
      vertex 14.2458 1.41107 90
      vertex 5.82029 3.88899 90
    endloop
  endfacet
  facet normal 0 0 1
    outer loop
      vertex 14.2458 1.41107 90
      vertex 6.17345 3.29978 90
      vertex 14.1111 1.33035 90
    endloop
  endfacet
  facet normal 0 0 1
    outer loop
      vertex 14.1111 1.33035 90
      vertex 6.17345 3.29978 90
      vertex 13.985 1.23682 90
    endloop
  endfacet
  facet normal -0 -0 1
    outer loop
      vertex 6.46716 2.67878 90
      vertex 13.985 1.23682 90
      vertex 6.17345 3.29978 90
    endloop
  endfacet
  facet normal 0 0 1
    outer loop
      vertex 13.985 1.23682 90
      vertex 6.46716 2.67878 90
      vertex 13.8686 1.13137 90
    endloop
  endfacet
  facet normal 0 0 1
    outer loop
      vertex 13.8686 1.13137 90
      vertex 6.46716 2.67878 90
      vertex 13.7632 1.01503 90
    endloop
  endfacet
  facet normal -0 -0 1
    outer loop
      vertex 6.69858 2.03199 90
      vertex 13.7632 1.01503 90
      vertex 6.46716 2.67878 90
    endloop
  endfacet
  facet normal 0 0 1
    outer loop
      vertex 13.7632 1.01503 90
      vertex 6.69858 2.03199 90
      vertex 13.6696 0.888912 90
    endloop
  endfacet
  facet normal 0 0 1
    outer loop
      vertex 13.6696 0.888912 90
      vertex 6.69858 2.03199 90
      vertex 13.5889 0.754234 90
    endloop
  endfacet
  facet normal 0 0 1
    outer loop
      vertex 5.41107 4.44075 90
      vertex 15.2782 22.8654 90
      vertex 12.9634 24.2528 90
    endloop
  endfacet
  facet normal 0 0 1
    outer loop
      vertex 26.9716 -5.36498 90
      vertex 16.2368 -1.01503 90
      vertex 26.3159 -7.98283 90
    endloop
  endfacet
  facet normal -0 0 1
    outer loop
      vertex 16.1314 -1.13137 90
      vertex 26.3159 -7.98283 90
      vertex 16.2368 -1.01503 90
    endloop
  endfacet
  facet normal -0 0 1
    outer loop
      vertex 16.015 -1.23682 90
      vertex 26.3159 -7.98283 90
      vertex 16.1314 -1.13137 90
    endloop
  endfacet
  facet normal -0 0 1
    outer loop
      vertex 15.8889 -1.33035 90
      vertex 26.3159 -7.98283 90
      vertex 16.015 -1.23682 90
    endloop
  endfacet
  facet normal 0 0 1
    outer loop
      vertex 26.3159 -7.98283 90
      vertex 15.8889 -1.33035 90
      vertex 25.4067 -10.5238 90
    endloop
  endfacet
  facet normal -0 0 1
    outer loop
      vertex 15.7542 -1.41107 90
      vertex 25.4067 -10.5238 90
      vertex 15.8889 -1.33035 90
    endloop
  endfacet
  facet normal -0 0 1
    outer loop
      vertex 15.6123 -1.47821 90
      vertex 25.4067 -10.5238 90
      vertex 15.7542 -1.41107 90
    endloop
  endfacet
  facet normal 0 0 1
    outer loop
      vertex 25.4067 -10.5238 90
      vertex 15.6123 -1.47821 90
      vertex 24.2528 -12.9634 90
    endloop
  endfacet
  facet normal -0 0 1
    outer loop
      vertex 15.4645 -1.5311 90
      vertex 24.2528 -12.9634 90
      vertex 15.6123 -1.47821 90
    endloop
  endfacet
  facet normal -0 0 1
    outer loop
      vertex 15.3121 -1.56926 90
      vertex 24.2528 -12.9634 90
      vertex 15.4645 -1.5311 90
    endloop
  endfacet
  facet normal 0 0 1
    outer loop
      vertex 24.2528 -12.9634 90
      vertex 15.3121 -1.56926 90
      vertex 22.8654 -15.2782 90
    endloop
  endfacet
  facet normal -0 0 1
    outer loop
      vertex 15.1568 -1.59229 90
      vertex 22.8654 -15.2782 90
      vertex 15.3121 -1.56926 90
    endloop
  endfacet
  facet normal -0 0 1
    outer loop
      vertex 15 -1.6 90
      vertex 22.8654 -15.2782 90
      vertex 15.1568 -1.59229 90
    endloop
  endfacet
  facet normal 0 0 1
    outer loop
      vertex 22.8654 -15.2782 90
      vertex 15 -1.6 90
      vertex 21.2578 -17.4458 90
    endloop
  endfacet
  facet normal 0 0 1
    outer loop
      vertex 14.8432 -1.59229 90
      vertex 21.2578 -17.4458 90
      vertex 15 -1.6 90
    endloop
  endfacet
  facet normal 0 0 1
    outer loop
      vertex 14.6879 -1.56926 90
      vertex 21.2578 -17.4458 90
      vertex 14.8432 -1.59229 90
    endloop
  endfacet
  facet normal 0 0 1
    outer loop
      vertex 21.2578 -17.4458 90
      vertex 14.6879 -1.56926 90
      vertex 19.4454 -19.4454 90
    endloop
  endfacet
  facet normal 0 0 1
    outer loop
      vertex 14.3877 -1.47821 90
      vertex 5.82029 -3.88899 90
      vertex 14.5355 -1.5311 90
    endloop
  endfacet
  facet normal 0 0 1
    outer loop
      vertex 5.82029 -3.88899 90
      vertex 14.2458 -1.41107 90
      vertex 6.17345 -3.29978 90
    endloop
  endfacet
  facet normal 0 0 1
    outer loop
      vertex 14.1111 -1.33035 90
      vertex 6.17345 -3.29978 90
      vertex 14.2458 -1.41107 90
    endloop
  endfacet
  facet normal 0 0 1
    outer loop
      vertex 6.17345 -3.29978 90
      vertex 13.985 -1.23682 90
      vertex 6.46716 -2.67878 90
    endloop
  endfacet
  facet normal 0 0 1
    outer loop
      vertex 13.8686 -1.13137 90
      vertex 6.46716 -2.67878 90
      vertex 13.985 -1.23682 90
    endloop
  endfacet
  facet normal 0 0 1
    outer loop
      vertex 6.46716 -2.67878 90
      vertex 13.7632 -1.01503 90
      vertex 6.69858 -2.03199 90
    endloop
  endfacet
  facet normal 0 0 1
    outer loop
      vertex 13.6696 -0.888912 90
      vertex 6.69858 -2.03199 90
      vertex 13.7632 -1.01503 90
    endloop
  endfacet
  facet normal 0 0 1
    outer loop
      vertex 13.5889 -0.754234 90
      vertex 6.69858 -2.03199 90
      vertex 13.6696 -0.888912 90
    endloop
  endfacet
  facet normal 0 0 1
    outer loop
      vertex 6.69858 -2.03199 90
      vertex 13.5889 -0.754234 90
      vertex 6.8655 -1.36563 90
    endloop
  endfacet
  facet normal 0 0 1
    outer loop
      vertex 13.5218 -0.612293 90
      vertex 6.8655 -1.36563 90
      vertex 13.5889 -0.754234 90
    endloop
  endfacet
  facet normal 0 0 1
    outer loop
      vertex 13.4689 -0.464455 90
      vertex 6.8655 -1.36563 90
      vertex 13.5218 -0.612293 90
    endloop
  endfacet
  facet normal 0 0 1
    outer loop
      vertex 6.8655 -1.36563 90
      vertex 13.4689 -0.464455 90
      vertex 6.96629 -0.686119 90
    endloop
  endfacet
  facet normal 0 0 1
    outer loop
      vertex 13.4307 -0.312144 90
      vertex 6.96629 -0.686119 90
      vertex 13.4689 -0.464455 90
    endloop
  endfacet
  facet normal 0 0 1
    outer loop
      vertex 13.4077 -0.156827 90
      vertex 6.96629 -0.686119 90
      vertex 13.4307 -0.312144 90
    endloop
  endfacet
  facet normal 0 0 1
    outer loop
      vertex 6.96629 -0.686119 90
      vertex 13.4077 -0.156827 90
      vertex 7 0 90
    endloop
  endfacet
  facet normal 0 0 1
    outer loop
      vertex 13.7632 -1.01503 90
      vertex 6.46716 -2.67878 90
      vertex 13.8686 -1.13137 90
    endloop
  endfacet
  facet normal -0 0 1
    outer loop
      vertex 7 0 90
      vertex 13.4077 -0.156827 90
      vertex 13.4 0 90
    endloop
  endfacet
  facet normal -0 -0 1
    outer loop
      vertex 6.8655 1.36563 90
      vertex 13.5889 0.754234 90
      vertex 6.69858 2.03199 90
    endloop
  endfacet
  facet normal 0 0 1
    outer loop
      vertex 3.29978 6.17345 90
      vertex 12.9634 24.2528 90
      vertex 10.5238 25.4067 90
    endloop
  endfacet
  facet normal 0 0 1
    outer loop
      vertex 13.985 -1.23682 90
      vertex 6.17345 -3.29978 90
      vertex 14.1111 -1.33035 90
    endloop
  endfacet
  facet normal 0 0 1
    outer loop
      vertex 2.67878 6.46716 90
      vertex 10.5238 25.4067 90
      vertex 7.98283 26.3159 90
    endloop
  endfacet
  facet normal 0 0 1
    outer loop
      vertex 14.2458 -1.41107 90
      vertex 5.82029 -3.88899 90
      vertex 14.3877 -1.47821 90
    endloop
  endfacet
  facet normal 0 0 1
    outer loop
      vertex 5.41107 -4.44075 90
      vertex 14.5355 -1.5311 90
      vertex 5.82029 -3.88899 90
    endloop
  endfacet
  facet normal 0 0 1
    outer loop
      vertex 13.4077 0.156827 90
      vertex 7 0 90
      vertex 13.4 0 90
    endloop
  endfacet
  facet normal 0 -0 1
    outer loop
      vertex 7 0 90
      vertex 13.4077 0.156827 90
      vertex 6.96629 0.686119 90
    endloop
  endfacet
  facet normal 0 0 1
    outer loop
      vertex 13.4307 0.312144 90
      vertex 6.96629 0.686119 90
      vertex 13.4077 0.156827 90
    endloop
  endfacet
  facet normal 0 0 1
    outer loop
      vertex 13.4689 0.464455 90
      vertex 6.96629 0.686119 90
      vertex 13.4307 0.312144 90
    endloop
  endfacet
  facet normal -0 -0 1
    outer loop
      vertex 6.96629 0.686119 90
      vertex 13.4689 0.464455 90
      vertex 6.8655 1.36563 90
    endloop
  endfacet
  facet normal 0 0 1
    outer loop
      vertex 13.5218 0.612293 90
      vertex 6.8655 1.36563 90
      vertex 13.4689 0.464455 90
    endloop
  endfacet
  facet normal 0 0 1
    outer loop
      vertex 13.5889 0.754234 90
      vertex 6.8655 1.36563 90
      vertex 13.5218 0.612293 90
    endloop
  endfacet
  facet normal 0 0 1
    outer loop
      vertex 2.03199 6.69858 90
      vertex 7.98283 26.3159 90
      vertex 5.36498 26.9716 90
    endloop
  endfacet
  facet normal 0 0 1
    outer loop
      vertex 12.9634 24.2528 90
      vertex 4.94975 4.94975 90
      vertex 5.41107 4.44075 90
    endloop
  endfacet
  facet normal 0 0 1
    outer loop
      vertex 12.9634 24.2528 90
      vertex 4.44075 5.41107 90
      vertex 4.94975 4.94975 90
    endloop
  endfacet
  facet normal 0 0 1
    outer loop
      vertex 12.9634 24.2528 90
      vertex 3.88899 5.82029 90
      vertex 4.44075 5.41107 90
    endloop
  endfacet
  facet normal 0 0 1
    outer loop
      vertex 12.9634 24.2528 90
      vertex 3.29978 6.17345 90
      vertex 3.88899 5.82029 90
    endloop
  endfacet
  facet normal 0 0 1
    outer loop
      vertex -6.04262 13.6507 90
      vertex 5.36498 26.9716 90
      vertex 2.69547 27.3676 90
    endloop
  endfacet
  facet normal 0 0 1
    outer loop
      vertex 10.5238 25.4067 90
      vertex 2.67878 6.46716 90
      vertex 3.29978 6.17345 90
    endloop
  endfacet
  facet normal 0 0 1
    outer loop
      vertex 7.98283 26.3159 90
      vertex 2.03199 6.69858 90
      vertex 2.67878 6.46716 90
    endloop
  endfacet
  facet normal 0 0 1
    outer loop
      vertex 5.36498 26.9716 90
      vertex 1.36563 6.8655 90
      vertex 2.03199 6.69858 90
    endloop
  endfacet
  facet normal 0 0 1
    outer loop
      vertex 5.36498 26.9716 90
      vertex -5.98491 13.5047 90
      vertex 1.36563 6.8655 90
    endloop
  endfacet
  facet normal 0 0 1
    outer loop
      vertex -6.19944 13.9223 90
      vertex 2.69547 27.3676 90
      vertex 0 27.5 90
    endloop
  endfacet
  facet normal -0 -0 1
    outer loop
      vertex -5.9418 13.3537 90
      vertex 1.36563 6.8655 90
      vertex -5.98491 13.5047 90
    endloop
  endfacet
  facet normal 0 0 1
    outer loop
      vertex 1.36563 6.8655 90
      vertex -5.9418 13.3537 90
      vertex 0.686119 6.96629 90
    endloop
  endfacet
  facet normal -0 -0 1
    outer loop
      vertex -5.91369 13.1992 90
      vertex 0.686119 6.96629 90
      vertex -5.9418 13.3537 90
    endloop
  endfacet
  facet normal 0 0 1
    outer loop
      vertex 0.686119 6.96629 90
      vertex -5.90086 13.0427 90
      vertex 0 7 90
    endloop
  endfacet
  facet normal -0 0 1
    outer loop
      vertex -5.90343 12.8857 90
      vertex 0 7 90
      vertex -5.90086 13.0427 90
    endloop
  endfacet
  facet normal 0 0 1
    outer loop
      vertex -6.40625 14.1582 90
      vertex 0 27.5 90
      vertex -2.69547 27.3676 90
    endloop
  endfacet
  facet normal 0 0 1
    outer loop
      vertex 0 7 90
      vertex -5.90343 12.8857 90
      vertex -0.686119 6.96629 90
    endloop
  endfacet
  facet normal -0 0 1
    outer loop
      vertex -5.95452 12.5763 90
      vertex -0.686119 6.96629 90
      vertex -5.92137 12.7297 90
    endloop
  endfacet
  facet normal 0 0 1
    outer loop
      vertex -0.686119 6.96629 90
      vertex -5.95452 12.5763 90
      vertex -1.36563 6.8655 90
    endloop
  endfacet
  facet normal -0 0 1
    outer loop
      vertex -6.065 12.2827 90
      vertex -1.36563 6.8655 90
      vertex -6.00255 12.4268 90
    endloop
  endfacet
  facet normal 0 0 1
    outer loop
      vertex -6.65509 14.3491 90
      vertex -2.69547 27.3676 90
      vertex -5.36498 26.9716 90
    endloop
  endfacet
  facet normal 0 0 1
    outer loop
      vertex -1.36563 6.8655 90
      vertex -6.065 12.2827 90
      vertex -2.03199 6.69858 90
    endloop
  endfacet
  facet normal -0 0 1
    outer loop
      vertex -6.14128 12.1455 90
      vertex -2.03199 6.69858 90
      vertex -6.065 12.2827 90
    endloop
  endfacet
  facet normal -0 0 1
    outer loop
      vertex -6.23063 12.0164 90
      vertex -2.03199 6.69858 90
      vertex -6.14128 12.1455 90
    endloop
  endfacet
  facet normal -0 0 1
    outer loop
      vertex -6.00255 12.4268 90
      vertex -1.36563 6.8655 90
      vertex -5.95452 12.5763 90
    endloop
  endfacet
  facet normal -0 0 1
    outer loop
      vertex -5.92137 12.7297 90
      vertex -0.686119 6.96629 90
      vertex -5.90343 12.8857 90
    endloop
  endfacet
  facet normal -0 -0 1
    outer loop
      vertex -5.90086 13.0427 90
      vertex 0.686119 6.96629 90
      vertex -5.91369 13.1992 90
    endloop
  endfacet
  facet normal 0 0 1
    outer loop
      vertex 5.36498 26.9716 90
      vertex -6.04262 13.6507 90
      vertex -5.98491 13.5047 90
    endloop
  endfacet
  facet normal 0 0 1
    outer loop
      vertex 2.69547 27.3676 90
      vertex -6.11436 13.7904 90
      vertex -6.04262 13.6507 90
    endloop
  endfacet
  facet normal 0 0 1
    outer loop
      vertex 2.69547 27.3676 90
      vertex -6.19944 13.9223 90
      vertex -6.11436 13.7904 90
    endloop
  endfacet
  facet normal 0 0 1
    outer loop
      vertex 0 27.5 90
      vertex -6.29706 14.0453 90
      vertex -6.19944 13.9223 90
    endloop
  endfacet
  facet normal 0 0 1
    outer loop
      vertex 0 27.5 90
      vertex -6.40625 14.1582 90
      vertex -6.29706 14.0453 90
    endloop
  endfacet
  facet normal 0 0 1
    outer loop
      vertex -2.69547 27.3676 90
      vertex -6.52598 14.2597 90
      vertex -6.40625 14.1582 90
    endloop
  endfacet
  facet normal 0 0 1
    outer loop
      vertex -2.69547 27.3676 90
      vertex -6.65509 14.3491 90
      vertex -6.52598 14.2597 90
    endloop
  endfacet
  facet normal 0 0 1
    outer loop
      vertex -5.36498 26.9716 90
      vertex -6.79234 14.4254 90
      vertex -6.65509 14.3491 90
    endloop
  endfacet
  facet normal 0 0 1
    outer loop
      vertex -5.36498 26.9716 90
      vertex -6.9364 14.4878 90
      vertex -6.79234 14.4254 90
    endloop
  endfacet
  facet normal 0 0 1
    outer loop
      vertex -5.36498 26.9716 90
      vertex -7.08589 14.5359 90
      vertex -6.9364 14.4878 90
    endloop
  endfacet
  facet normal -0 0 1
    outer loop
      vertex -7.98283 26.3159 90
      vertex -7.08589 14.5359 90
      vertex -5.36498 26.9716 90
    endloop
  endfacet
  facet normal 0 0 1
    outer loop
      vertex -7.08589 14.5359 90
      vertex -7.98283 26.3159 90
      vertex -7.23937 14.569 90
    endloop
  endfacet
  facet normal 0 0 1
    outer loop
      vertex -7.23937 14.569 90
      vertex -7.98283 26.3159 90
      vertex -7.39535 14.587 90
    endloop
  endfacet
  facet normal 0 0 1
    outer loop
      vertex -7.39535 14.587 90
      vertex -7.98283 26.3159 90
      vertex -7.55235 14.5895 90
    endloop
  endfacet
  facet normal -0 0 1
    outer loop
      vertex -10.5238 25.4067 90
      vertex -7.55235 14.5895 90
      vertex -7.98283 26.3159 90
    endloop
  endfacet
  facet normal 0 0 1
    outer loop
      vertex -7.55235 14.5895 90
      vertex -10.5238 25.4067 90
      vertex -7.70884 14.5767 90
    endloop
  endfacet
  facet normal 0 0 1
    outer loop
      vertex -7.70884 14.5767 90
      vertex -10.5238 25.4067 90
      vertex -7.86332 14.5486 90
    endloop
  endfacet
  facet normal 0 0 1
    outer loop
      vertex -7.86332 14.5486 90
      vertex -10.5238 25.4067 90
      vertex -8.0143 14.5055 90
    endloop
  endfacet
  facet normal -0 0 1
    outer loop
      vertex -12.9634 24.2528 90
      vertex -8.0143 14.5055 90
      vertex -10.5238 25.4067 90
    endloop
  endfacet
  facet normal 0 0 1
    outer loop
      vertex -8.0143 14.5055 90
      vertex -12.9634 24.2528 90
      vertex -8.16033 14.4478 90
    endloop
  endfacet
  facet normal 0 0 1
    outer loop
      vertex -8.16033 14.4478 90
      vertex -12.9634 24.2528 90
      vertex -8.3 14.376 90
    endloop
  endfacet
  facet normal 0 0 1
    outer loop
      vertex -8.3 14.376 90
      vertex -12.9634 24.2528 90
      vertex -8.43196 14.2909 90
    endloop
  endfacet
  facet normal -0 0 1
    outer loop
      vertex -15.2782 22.8654 90
      vertex -8.43196 14.2909 90
      vertex -12.9634 24.2528 90
    endloop
  endfacet
  facet normal 0 0 1
    outer loop
      vertex -8.43196 14.2909 90
      vertex -15.2782 22.8654 90
      vertex -8.55495 14.1933 90
    endloop
  endfacet
  facet normal 0 0 1
    outer loop
      vertex -8.55495 14.1933 90
      vertex -15.2782 22.8654 90
      vertex -8.66778 14.0841 90
    endloop
  endfacet
  facet normal 0 0 1
    outer loop
      vertex -8.66778 14.0841 90
      vertex -15.2782 22.8654 90
      vertex -8.76937 13.9644 90
    endloop
  endfacet
  facet normal -0 0 1
    outer loop
      vertex -17.4458 21.2578 90
      vertex -8.76937 13.9644 90
      vertex -15.2782 22.8654 90
    endloop
  endfacet
  facet normal 0 0 1
    outer loop
      vertex -8.76937 13.9644 90
      vertex -17.4458 21.2578 90
      vertex -8.85872 13.8353 90
    endloop
  endfacet
  facet normal 0 0 1
    outer loop
      vertex -8.85872 13.8353 90
      vertex -17.4458 21.2578 90
      vertex -8.935 13.698 90
    endloop
  endfacet
  facet normal 0 0 1
    outer loop
      vertex -8.99745 13.554 90
      vertex -19.4454 19.4454 90
      vertex -9.04548 13.4045 90
    endloop
  endfacet
  facet normal -0 0 1
    outer loop
      vertex -19.4454 19.4454 90
      vertex -8.99745 13.554 90
      vertex -17.4458 21.2578 90
    endloop
  endfacet
  facet normal 0 0 1
    outer loop
      vertex -8.935 13.698 90
      vertex -17.4458 21.2578 90
      vertex -8.99745 13.554 90
    endloop
  endfacet
  facet normal -0.857735 0.514092 0
    outer loop
      vertex -24.2528 12.9634 86
      vertex -22.8654 15.2782 90
      vertex -22.8654 15.2782 86
    endloop
  endfacet
  facet normal -0.857735 0.514092 0
    outer loop
      vertex -22.8654 15.2782 90
      vertex -24.2528 12.9634 86
      vertex -24.2528 12.9634 90
    endloop
  endfacet
  facet normal -0.595699 -0.803208 0
    outer loop
      vertex -17.4458 -21.2578 86
      vertex -15.2782 -22.8654 90
      vertex -17.4458 -21.2578 90
    endloop
  endfacet
  facet normal -0.595699 -0.803208 -0
    outer loop
      vertex -15.2782 -22.8654 90
      vertex -17.4458 -21.2578 86
      vertex -15.2782 -22.8654 86
    endloop
  endfacet
  facet normal 0.989176 0.146737 0
    outer loop
      vertex 10.947 1.07819 86
      vertex 10.7886 2.14599 18
      vertex 10.7886 2.14599 86
    endloop
  endfacet
  facet normal 0.989176 0.146737 0
    outer loop
      vertex 10.7886 2.14599 18
      vertex 10.947 1.07819 86
      vertex 10.947 1.07819 18
    endloop
  endfacet
  facet normal 0.998794 0.0490972 0
    outer loop
      vertex 11 0 86
      vertex 10.947 1.07819 18
      vertex 10.947 1.07819 86
    endloop
  endfacet
  facet normal 0.998794 0.0490972 0
    outer loop
      vertex 10.947 1.07819 18
      vertex 11 0 86
      vertex 11 0 18
    endloop
  endfacet
  facet normal 0.97003 0.242985 0
    outer loop
      vertex 10.7886 2.14599 86
      vertex 10.5263 3.19313 18
      vertex 10.5263 3.19313 86
    endloop
  endfacet
  facet normal 0.97003 0.242985 0
    outer loop
      vertex 10.5263 3.19313 18
      vertex 10.7886 2.14599 86
      vertex 10.7886 2.14599 18
    endloop
  endfacet
  facet normal 0.595696 -0.80321 0
    outer loop
      vertex 6.11127 -9.14616 18
      vertex 6.97833 -8.50311 86
      vertex 6.11127 -9.14616 86
    endloop
  endfacet
  facet normal 0.595696 -0.80321 0
    outer loop
      vertex 6.97833 -8.50311 86
      vertex 6.11127 -9.14616 18
      vertex 6.97833 -8.50311 18
    endloop
  endfacet
  facet normal 0.427579 -0.903978 0
    outer loop
      vertex 4.20952 -10.1627 18
      vertex 5.18536 -9.70113 86
      vertex 4.20952 -10.1627 86
    endloop
  endfacet
  facet normal 0.427579 -0.903978 0
    outer loop
      vertex 5.18536 -9.70113 86
      vertex 4.20952 -10.1627 18
      vertex 5.18536 -9.70113 18
    endloop
  endfacet
  facet normal -0.671563 -0.740948 0
    outer loop
      vertex -7.77817 -7.77817 18
      vertex -6.97833 -8.50311 86
      vertex -7.77817 -7.77817 86
    endloop
  endfacet
  facet normal -0.671563 -0.740948 -0
    outer loop
      vertex -6.97833 -8.50311 86
      vertex -7.77817 -7.77817 18
      vertex -6.97833 -8.50311 18
    endloop
  endfacet
  facet normal 0.514103 0.857728 -0
    outer loop
      vertex 6.11127 9.14616 18
      vertex 5.18536 9.70113 86
      vertex 6.11127 9.14616 86
    endloop
  endfacet
  facet normal 0.514103 0.857728 0
    outer loop
      vertex 5.18536 9.70113 86
      vertex 6.11127 9.14616 18
      vertex 5.18536 9.70113 18
    endloop
  endfacet
  facet normal -0.146737 -0.989176 0
    outer loop
      vertex -2.14599 -10.7886 18
      vertex -1.07819 -10.947 86
      vertex -2.14599 -10.7886 86
    endloop
  endfacet
  facet normal -0.146737 -0.989176 -0
    outer loop
      vertex -1.07819 -10.947 86
      vertex -2.14599 -10.7886 18
      vertex -1.07819 -10.947 18
    endloop
  endfacet
  facet normal -0.242985 0.97003 0
    outer loop
      vertex -2.14599 10.7886 18
      vertex -3.19313 10.5263 86
      vertex -2.14599 10.7886 86
    endloop
  endfacet
  facet normal -0.242985 0.97003 0
    outer loop
      vertex -3.19313 10.5263 86
      vertex -2.14599 10.7886 18
      vertex -3.19313 10.5263 18
    endloop
  endfacet
  facet normal 0.740948 0.671563 0
    outer loop
      vertex 8.50311 6.97833 86
      vertex 7.77817 7.77817 18
      vertex 7.77817 7.77817 86
    endloop
  endfacet
  facet normal 0.740948 0.671563 0
    outer loop
      vertex 7.77817 7.77817 18
      vertex 8.50311 6.97833 86
      vertex 8.50311 6.97833 18
    endloop
  endfacet
  facet normal -0.97003 -0.242985 0
    outer loop
      vertex -10.5263 -3.19313 18
      vertex -10.7886 -2.14599 86
      vertex -10.7886 -2.14599 18
    endloop
  endfacet
  facet normal -0.97003 -0.242985 0
    outer loop
      vertex -10.7886 -2.14599 86
      vertex -10.5263 -3.19313 18
      vertex -10.5263 -3.19313 86
    endloop
  endfacet
  facet normal 0.857728 0.514103 0
    outer loop
      vertex 9.70113 5.18536 86
      vertex 9.14616 6.11127 18
      vertex 9.14616 6.11127 86
    endloop
  endfacet
  facet normal 0.857728 0.514103 0
    outer loop
      vertex 9.14616 6.11127 18
      vertex 9.70113 5.18536 86
      vertex 9.70113 5.18536 18
    endloop
  endfacet
  facet normal 0.671563 0.740948 -0
    outer loop
      vertex 7.77817 7.77817 18
      vertex 6.97833 8.50311 86
      vertex 7.77817 7.77817 86
    endloop
  endfacet
  facet normal 0.671563 0.740948 0
    outer loop
      vertex 6.97833 8.50311 86
      vertex 7.77817 7.77817 18
      vertex 6.97833 8.50311 18
    endloop
  endfacet
  facet normal -0.941565 -0.336832 0
    outer loop
      vertex -10.1627 -4.20952 18
      vertex -10.5263 -3.19313 86
      vertex -10.5263 -3.19313 18
    endloop
  endfacet
  facet normal -0.941565 -0.336832 0
    outer loop
      vertex -10.5263 -3.19313 86
      vertex -10.1627 -4.20952 18
      vertex -10.1627 -4.20952 86
    endloop
  endfacet
  facet normal 0.336832 -0.941565 0
    outer loop
      vertex 3.19313 -10.5263 18
      vertex 4.20952 -10.1627 86
      vertex 3.19313 -10.5263 86
    endloop
  endfacet
  facet normal 0.336832 -0.941565 0
    outer loop
      vertex 4.20952 -10.1627 86
      vertex 3.19313 -10.5263 18
      vertex 4.20952 -10.1627 18
    endloop
  endfacet
  facet normal 0.941565 0.336832 0
    outer loop
      vertex 10.5263 3.19313 86
      vertex 10.1627 4.20952 18
      vertex 10.1627 4.20952 86
    endloop
  endfacet
  facet normal 0.941565 0.336832 0
    outer loop
      vertex 10.1627 4.20952 18
      vertex 10.5263 3.19313 86
      vertex 10.5263 3.19313 18
    endloop
  endfacet
  facet normal -0.998794 -0.0490972 0
    outer loop
      vertex -10.947 -1.07819 18
      vertex -11 0 86
      vertex -11 0 18
    endloop
  endfacet
  facet normal -0.998794 -0.0490972 0
    outer loop
      vertex -11 0 86
      vertex -10.947 -1.07819 18
      vertex -10.947 -1.07819 86
    endloop
  endfacet
  facet normal -0.0490972 0.998794 0
    outer loop
      vertex 0 11 18
      vertex -1.07819 10.947 86
      vertex 0 11 86
    endloop
  endfacet
  facet normal -0.0490972 0.998794 0
    outer loop
      vertex -1.07819 10.947 86
      vertex 0 11 18
      vertex -1.07819 10.947 18
    endloop
  endfacet
  facet normal 0.903978 -0.427579 0
    outer loop
      vertex 9.70113 -5.18536 86
      vertex 10.1627 -4.20952 18
      vertex 10.1627 -4.20952 86
    endloop
  endfacet
  facet normal 0.903978 -0.427579 0
    outer loop
      vertex 10.1627 -4.20952 18
      vertex 9.70113 -5.18536 86
      vertex 9.70113 -5.18536 18
    endloop
  endfacet
  facet normal 0.595696 0.80321 -0
    outer loop
      vertex 6.97833 8.50311 18
      vertex 6.11127 9.14616 86
      vertex 6.97833 8.50311 86
    endloop
  endfacet
  facet normal 0.595696 0.80321 0
    outer loop
      vertex 6.11127 9.14616 86
      vertex 6.97833 8.50311 18
      vertex 6.11127 9.14616 18
    endloop
  endfacet
  facet normal 0.998794 -0.0490972 0
    outer loop
      vertex 10.947 -1.07819 86
      vertex 11 0 18
      vertex 11 0 86
    endloop
  endfacet
  facet normal 0.998794 -0.0490972 0
    outer loop
      vertex 11 0 18
      vertex 10.947 -1.07819 86
      vertex 10.947 -1.07819 18
    endloop
  endfacet
  facet normal -0.336832 -0.941565 0
    outer loop
      vertex -4.20952 -10.1627 18
      vertex -3.19313 -10.5263 86
      vertex -4.20952 -10.1627 86
    endloop
  endfacet
  facet normal -0.336832 -0.941565 -0
    outer loop
      vertex -3.19313 -10.5263 86
      vertex -4.20952 -10.1627 18
      vertex -3.19313 -10.5263 18
    endloop
  endfacet
  facet normal -0.0490972 -0.998794 0
    outer loop
      vertex -1.07819 -10.947 18
      vertex 0 -11 86
      vertex -1.07819 -10.947 86
    endloop
  endfacet
  facet normal -0.0490972 -0.998794 -0
    outer loop
      vertex 0 -11 86
      vertex -1.07819 -10.947 18
      vertex 0 -11 18
    endloop
  endfacet
  facet normal 0.0490972 -0.998794 0
    outer loop
      vertex 0 -11 18
      vertex 1.07819 -10.947 86
      vertex 0 -11 86
    endloop
  endfacet
  facet normal 0.0490972 -0.998794 0
    outer loop
      vertex 1.07819 -10.947 86
      vertex 0 -11 18
      vertex 1.07819 -10.947 18
    endloop
  endfacet
  facet normal 0.80321 0.595696 0
    outer loop
      vertex 9.14616 6.11127 86
      vertex 8.50311 6.97833 18
      vertex 8.50311 6.97833 86
    endloop
  endfacet
  facet normal 0.80321 0.595696 0
    outer loop
      vertex 8.50311 6.97833 18
      vertex 9.14616 6.11127 86
      vertex 9.14616 6.11127 18
    endloop
  endfacet
  facet normal -0.671563 0.740948 0
    outer loop
      vertex -6.97833 8.50311 18
      vertex -7.77817 7.77817 86
      vertex -6.97833 8.50311 86
    endloop
  endfacet
  facet normal -0.671563 0.740948 0
    outer loop
      vertex -7.77817 7.77817 86
      vertex -6.97833 8.50311 18
      vertex -7.77817 7.77817 18
    endloop
  endfacet
  facet normal 0.146737 0.989176 -0
    outer loop
      vertex 2.14599 10.7886 18
      vertex 1.07819 10.947 86
      vertex 2.14599 10.7886 86
    endloop
  endfacet
  facet normal 0.146737 0.989176 0
    outer loop
      vertex 1.07819 10.947 86
      vertex 2.14599 10.7886 18
      vertex 1.07819 10.947 18
    endloop
  endfacet
  facet normal 0.146737 -0.989176 0
    outer loop
      vertex 1.07819 -10.947 18
      vertex 2.14599 -10.7886 86
      vertex 1.07819 -10.947 86
    endloop
  endfacet
  facet normal 0.146737 -0.989176 0
    outer loop
      vertex 2.14599 -10.7886 86
      vertex 1.07819 -10.947 18
      vertex 2.14599 -10.7886 18
    endloop
  endfacet
  facet normal 0.427579 0.903978 -0
    outer loop
      vertex 5.18536 9.70113 18
      vertex 4.20952 10.1627 86
      vertex 5.18536 9.70113 86
    endloop
  endfacet
  facet normal 0.427579 0.903978 0
    outer loop
      vertex 4.20952 10.1627 86
      vertex 5.18536 9.70113 18
      vertex 4.20952 10.1627 18
    endloop
  endfacet
  facet normal 0.941565 -0.336832 0
    outer loop
      vertex 10.1627 -4.20952 86
      vertex 10.5263 -3.19313 18
      vertex 10.5263 -3.19313 86
    endloop
  endfacet
  facet normal 0.941565 -0.336832 0
    outer loop
      vertex 10.5263 -3.19313 18
      vertex 10.1627 -4.20952 86
      vertex 10.1627 -4.20952 18
    endloop
  endfacet
  facet normal 0.740948 -0.671563 0
    outer loop
      vertex 7.77817 -7.77817 86
      vertex 8.50311 -6.97833 18
      vertex 8.50311 -6.97833 86
    endloop
  endfacet
  facet normal 0.740948 -0.671563 0
    outer loop
      vertex 8.50311 -6.97833 18
      vertex 7.77817 -7.77817 86
      vertex 7.77817 -7.77817 18
    endloop
  endfacet
  facet normal -0.740948 0.671563 0
    outer loop
      vertex -8.50311 6.97833 18
      vertex -7.77817 7.77817 86
      vertex -7.77817 7.77817 18
    endloop
  endfacet
  facet normal -0.740948 0.671563 0
    outer loop
      vertex -7.77817 7.77817 86
      vertex -8.50311 6.97833 18
      vertex -8.50311 6.97833 86
    endloop
  endfacet
  facet normal -0.857728 0.514103 0
    outer loop
      vertex -9.70113 5.18536 18
      vertex -9.14616 6.11127 86
      vertex -9.14616 6.11127 18
    endloop
  endfacet
  facet normal -0.857728 0.514103 0
    outer loop
      vertex -9.14616 6.11127 86
      vertex -9.70113 5.18536 18
      vertex -9.70113 5.18536 86
    endloop
  endfacet
  facet normal 0.903978 0.427579 0
    outer loop
      vertex 10.1627 4.20952 86
      vertex 9.70113 5.18536 18
      vertex 9.70113 5.18536 86
    endloop
  endfacet
  facet normal 0.903978 0.427579 0
    outer loop
      vertex 9.70113 5.18536 18
      vertex 10.1627 4.20952 86
      vertex 10.1627 4.20952 18
    endloop
  endfacet
  facet normal -0.514103 0.857728 0
    outer loop
      vertex -5.18536 9.70113 18
      vertex -6.11127 9.14616 86
      vertex -5.18536 9.70113 86
    endloop
  endfacet
  facet normal -0.514103 0.857728 0
    outer loop
      vertex -6.11127 9.14616 86
      vertex -5.18536 9.70113 18
      vertex -6.11127 9.14616 18
    endloop
  endfacet
  facet normal 0.989176 -0.146737 0
    outer loop
      vertex 10.7886 -2.14599 86
      vertex 10.947 -1.07819 18
      vertex 10.947 -1.07819 86
    endloop
  endfacet
  facet normal 0.989176 -0.146737 0
    outer loop
      vertex 10.947 -1.07819 18
      vertex 10.7886 -2.14599 86
      vertex 10.7886 -2.14599 18
    endloop
  endfacet
  facet normal 0.514103 -0.857728 0
    outer loop
      vertex 5.18536 -9.70113 18
      vertex 6.11127 -9.14616 86
      vertex 5.18536 -9.70113 86
    endloop
  endfacet
  facet normal 0.514103 -0.857728 0
    outer loop
      vertex 6.11127 -9.14616 86
      vertex 5.18536 -9.70113 18
      vertex 6.11127 -9.14616 18
    endloop
  endfacet
  facet normal -0.941565 0.336832 0
    outer loop
      vertex -10.5263 3.19313 18
      vertex -10.1627 4.20952 86
      vertex -10.1627 4.20952 18
    endloop
  endfacet
  facet normal -0.941565 0.336832 0
    outer loop
      vertex -10.1627 4.20952 86
      vertex -10.5263 3.19313 18
      vertex -10.5263 3.19313 86
    endloop
  endfacet
  facet normal 0.336832 0.941565 -0
    outer loop
      vertex 4.20952 10.1627 18
      vertex 3.19313 10.5263 86
      vertex 4.20952 10.1627 86
    endloop
  endfacet
  facet normal 0.336832 0.941565 0
    outer loop
      vertex 3.19313 10.5263 86
      vertex 4.20952 10.1627 18
      vertex 3.19313 10.5263 18
    endloop
  endfacet
  facet normal 0.242985 0.97003 -0
    outer loop
      vertex 3.19313 10.5263 18
      vertex 2.14599 10.7886 86
      vertex 3.19313 10.5263 86
    endloop
  endfacet
  facet normal 0.242985 0.97003 0
    outer loop
      vertex 2.14599 10.7886 86
      vertex 3.19313 10.5263 18
      vertex 2.14599 10.7886 18
    endloop
  endfacet
  facet normal -0.427579 0.903978 0
    outer loop
      vertex -4.20952 10.1627 18
      vertex -5.18536 9.70113 86
      vertex -4.20952 10.1627 86
    endloop
  endfacet
  facet normal -0.427579 0.903978 0
    outer loop
      vertex -5.18536 9.70113 86
      vertex -4.20952 10.1627 18
      vertex -5.18536 9.70113 18
    endloop
  endfacet
  facet normal -0.595696 0.80321 0
    outer loop
      vertex -6.11127 9.14616 18
      vertex -6.97833 8.50311 86
      vertex -6.11127 9.14616 86
    endloop
  endfacet
  facet normal -0.595696 0.80321 0
    outer loop
      vertex -6.97833 8.50311 86
      vertex -6.11127 9.14616 18
      vertex -6.97833 8.50311 18
    endloop
  endfacet
  facet normal 0.97003 -0.242985 0
    outer loop
      vertex 10.5263 -3.19313 86
      vertex 10.7886 -2.14599 18
      vertex 10.7886 -2.14599 86
    endloop
  endfacet
  facet normal 0.97003 -0.242985 0
    outer loop
      vertex 10.7886 -2.14599 18
      vertex 10.5263 -3.19313 86
      vertex 10.5263 -3.19313 18
    endloop
  endfacet
  facet normal -0.146737 0.989176 0
    outer loop
      vertex -1.07819 10.947 18
      vertex -2.14599 10.7886 86
      vertex -1.07819 10.947 86
    endloop
  endfacet
  facet normal -0.146737 0.989176 0
    outer loop
      vertex -2.14599 10.7886 86
      vertex -1.07819 10.947 18
      vertex -2.14599 10.7886 18
    endloop
  endfacet
  facet normal 0.242985 -0.97003 0
    outer loop
      vertex 2.14599 -10.7886 18
      vertex 3.19313 -10.5263 86
      vertex 2.14599 -10.7886 86
    endloop
  endfacet
  facet normal 0.242985 -0.97003 0
    outer loop
      vertex 3.19313 -10.5263 86
      vertex 2.14599 -10.7886 18
      vertex 3.19313 -10.5263 18
    endloop
  endfacet
  facet normal -0.903978 -0.427579 0
    outer loop
      vertex -9.70113 -5.18536 18
      vertex -10.1627 -4.20952 86
      vertex -10.1627 -4.20952 18
    endloop
  endfacet
  facet normal -0.903978 -0.427579 0
    outer loop
      vertex -10.1627 -4.20952 86
      vertex -9.70113 -5.18536 18
      vertex -9.70113 -5.18536 86
    endloop
  endfacet
  facet normal -0.97003 0.242985 0
    outer loop
      vertex -10.7886 2.14599 18
      vertex -10.5263 3.19313 86
      vertex -10.5263 3.19313 18
    endloop
  endfacet
  facet normal -0.97003 0.242985 0
    outer loop
      vertex -10.5263 3.19313 86
      vertex -10.7886 2.14599 18
      vertex -10.7886 2.14599 86
    endloop
  endfacet
  facet normal -0.740948 -0.671563 0
    outer loop
      vertex -7.77817 -7.77817 18
      vertex -8.50311 -6.97833 86
      vertex -8.50311 -6.97833 18
    endloop
  endfacet
  facet normal -0.740948 -0.671563 0
    outer loop
      vertex -8.50311 -6.97833 86
      vertex -7.77817 -7.77817 18
      vertex -7.77817 -7.77817 86
    endloop
  endfacet
  facet normal -0.336832 0.941565 0
    outer loop
      vertex -3.19313 10.5263 18
      vertex -4.20952 10.1627 86
      vertex -3.19313 10.5263 86
    endloop
  endfacet
  facet normal -0.336832 0.941565 0
    outer loop
      vertex -4.20952 10.1627 86
      vertex -3.19313 10.5263 18
      vertex -4.20952 10.1627 18
    endloop
  endfacet
  facet normal -0.989176 0.146737 0
    outer loop
      vertex -10.947 1.07819 18
      vertex -10.7886 2.14599 86
      vertex -10.7886 2.14599 18
    endloop
  endfacet
  facet normal -0.989176 0.146737 0
    outer loop
      vertex -10.7886 2.14599 86
      vertex -10.947 1.07819 18
      vertex -10.947 1.07819 86
    endloop
  endfacet
  facet normal -0.998794 0.0490972 0
    outer loop
      vertex -11 0 18
      vertex -10.947 1.07819 86
      vertex -10.947 1.07819 18
    endloop
  endfacet
  facet normal -0.998794 0.0490972 0
    outer loop
      vertex -10.947 1.07819 86
      vertex -11 0 18
      vertex -11 0 86
    endloop
  endfacet
  facet normal -0.80321 0.595696 0
    outer loop
      vertex -9.14616 6.11127 18
      vertex -8.50311 6.97833 86
      vertex -8.50311 6.97833 18
    endloop
  endfacet
  facet normal -0.80321 0.595696 0
    outer loop
      vertex -8.50311 6.97833 86
      vertex -9.14616 6.11127 18
      vertex -9.14616 6.11127 86
    endloop
  endfacet
  facet normal -0.80321 -0.595696 0
    outer loop
      vertex -8.50311 -6.97833 18
      vertex -9.14616 -6.11127 86
      vertex -9.14616 -6.11127 18
    endloop
  endfacet
  facet normal -0.80321 -0.595696 0
    outer loop
      vertex -9.14616 -6.11127 86
      vertex -8.50311 -6.97833 18
      vertex -8.50311 -6.97833 86
    endloop
  endfacet
  facet normal -0.989176 -0.146737 0
    outer loop
      vertex -10.7886 -2.14599 18
      vertex -10.947 -1.07819 86
      vertex -10.947 -1.07819 18
    endloop
  endfacet
  facet normal -0.989176 -0.146737 0
    outer loop
      vertex -10.947 -1.07819 86
      vertex -10.7886 -2.14599 18
      vertex -10.7886 -2.14599 86
    endloop
  endfacet
  facet normal 0.0490972 0.998794 -0
    outer loop
      vertex 1.07819 10.947 18
      vertex 0 11 86
      vertex 1.07819 10.947 86
    endloop
  endfacet
  facet normal 0.0490972 0.998794 0
    outer loop
      vertex 0 11 86
      vertex 1.07819 10.947 18
      vertex 0 11 18
    endloop
  endfacet
  facet normal 0.857728 -0.514103 0
    outer loop
      vertex 9.14616 -6.11127 86
      vertex 9.70113 -5.18536 18
      vertex 9.70113 -5.18536 86
    endloop
  endfacet
  facet normal 0.857728 -0.514103 0
    outer loop
      vertex 9.70113 -5.18536 18
      vertex 9.14616 -6.11127 86
      vertex 9.14616 -6.11127 18
    endloop
  endfacet
  facet normal -0.514103 -0.857728 0
    outer loop
      vertex -6.11127 -9.14616 18
      vertex -5.18536 -9.70113 86
      vertex -6.11127 -9.14616 86
    endloop
  endfacet
  facet normal -0.514103 -0.857728 -0
    outer loop
      vertex -5.18536 -9.70113 86
      vertex -6.11127 -9.14616 18
      vertex -5.18536 -9.70113 18
    endloop
  endfacet
  facet normal -0.595696 -0.80321 0
    outer loop
      vertex -6.97833 -8.50311 18
      vertex -6.11127 -9.14616 86
      vertex -6.97833 -8.50311 86
    endloop
  endfacet
  facet normal -0.595696 -0.80321 -0
    outer loop
      vertex -6.11127 -9.14616 86
      vertex -6.97833 -8.50311 18
      vertex -6.11127 -9.14616 18
    endloop
  endfacet
  facet normal -0.427579 -0.903978 0
    outer loop
      vertex -5.18536 -9.70113 18
      vertex -4.20952 -10.1627 86
      vertex -5.18536 -9.70113 86
    endloop
  endfacet
  facet normal -0.427579 -0.903978 -0
    outer loop
      vertex -4.20952 -10.1627 86
      vertex -5.18536 -9.70113 18
      vertex -4.20952 -10.1627 18
    endloop
  endfacet
  facet normal 0.80321 -0.595696 0
    outer loop
      vertex 8.50311 -6.97833 86
      vertex 9.14616 -6.11127 18
      vertex 9.14616 -6.11127 86
    endloop
  endfacet
  facet normal 0.80321 -0.595696 0
    outer loop
      vertex 9.14616 -6.11127 18
      vertex 8.50311 -6.97833 86
      vertex 8.50311 -6.97833 18
    endloop
  endfacet
  facet normal -0.242985 -0.97003 0
    outer loop
      vertex -3.19313 -10.5263 18
      vertex -2.14599 -10.7886 86
      vertex -3.19313 -10.5263 86
    endloop
  endfacet
  facet normal -0.242985 -0.97003 -0
    outer loop
      vertex -2.14599 -10.7886 86
      vertex -3.19313 -10.5263 18
      vertex -2.14599 -10.7886 18
    endloop
  endfacet
  facet normal -0.857728 -0.514103 0
    outer loop
      vertex -9.14616 -6.11127 18
      vertex -9.70113 -5.18536 86
      vertex -9.70113 -5.18536 18
    endloop
  endfacet
  facet normal -0.857728 -0.514103 0
    outer loop
      vertex -9.70113 -5.18536 86
      vertex -9.14616 -6.11127 18
      vertex -9.14616 -6.11127 86
    endloop
  endfacet
  facet normal -0.903978 0.427579 0
    outer loop
      vertex -10.1627 4.20952 18
      vertex -9.70113 5.18536 86
      vertex -9.70113 5.18536 18
    endloop
  endfacet
  facet normal -0.903978 0.427579 0
    outer loop
      vertex -9.70113 5.18536 86
      vertex -10.1627 4.20952 18
      vertex -10.1627 4.20952 86
    endloop
  endfacet
  facet normal 0.671563 -0.740948 0
    outer loop
      vertex 6.97833 -8.50311 18
      vertex 7.77817 -7.77817 86
      vertex 6.97833 -8.50311 86
    endloop
  endfacet
  facet normal 0.671563 -0.740948 0
    outer loop
      vertex 7.77817 -7.77817 86
      vertex 6.97833 -8.50311 18
      vertex 7.77817 -7.77817 18
    endloop
  endfacet
  facet normal 0 0 -1
    outer loop
      vertex 7 0 0
      vertex 19 0 0
      vertex 18.9085 -1.86232 0
    endloop
  endfacet
  facet normal 0 0 -1
    outer loop
      vertex 6.96629 -0.686119 0
      vertex 18.9085 -1.86232 0
      vertex 18.6349 -3.70672 0
    endloop
  endfacet
  facet normal 0 0 -1
    outer loop
      vertex 19 0 0
      vertex 7 0 0
      vertex 18.9085 1.86232 0
    endloop
  endfacet
  facet normal 0 0 -1
    outer loop
      vertex 6.8655 -1.36563 0
      vertex 18.6349 -3.70672 0
      vertex 18.1819 -5.51541 0
    endloop
  endfacet
  facet normal 0 0 -1
    outer loop
      vertex 6.96629 0.686119 0
      vertex 18.9085 1.86232 0
      vertex 7 0 0
    endloop
  endfacet
  facet normal 0 0 -1
    outer loop
      vertex 6.69858 -2.03199 0
      vertex 18.1819 -5.51541 0
      vertex 17.5537 -7.27098 0
    endloop
  endfacet
  facet normal -0 0 -1
    outer loop
      vertex 18.9085 1.86232 0
      vertex 6.96629 0.686119 0
      vertex 18.6349 3.70672 0
    endloop
  endfacet
  facet normal 0 0 -1
    outer loop
      vertex 6.46716 -2.67878 0
      vertex 17.5537 -7.27098 0
      vertex 16.7565 -8.95654 0
    endloop
  endfacet
  facet normal 0 0 -1
    outer loop
      vertex 6.8655 1.36563 0
      vertex 18.6349 3.70672 0
      vertex 6.96629 0.686119 0
    endloop
  endfacet
  facet normal 0 0 -1
    outer loop
      vertex 6.17345 -3.29978 0
      vertex 16.7565 -8.95654 0
      vertex 15.7979 -10.5558 0
    endloop
  endfacet
  facet normal -0 0 -1
    outer loop
      vertex 18.6349 3.70672 0
      vertex 6.8655 1.36563 0
      vertex 18.1819 5.51541 0
    endloop
  endfacet
  facet normal 0 0 -1
    outer loop
      vertex 5.82029 -3.88899 0
      vertex 15.7979 -10.5558 0
      vertex 14.6872 -12.0535 0
    endloop
  endfacet
  facet normal 0 0 -1
    outer loop
      vertex 6.69858 2.03199 0
      vertex 18.1819 5.51541 0
      vertex 6.8655 1.36563 0
    endloop
  endfacet
  facet normal 0 0 -1
    outer loop
      vertex 5.41107 -4.44075 0
      vertex 14.6872 -12.0535 0
      vertex 13.435 -13.435 0
    endloop
  endfacet
  facet normal -0 0 -1
    outer loop
      vertex 18.1819 5.51541 0
      vertex 6.69858 2.03199 0
      vertex 17.5537 7.27098 0
    endloop
  endfacet
  facet normal 0 0 -1
    outer loop
      vertex 4.94975 -4.94975 0
      vertex 13.435 -13.435 0
      vertex 12.0535 -14.6872 0
    endloop
  endfacet
  facet normal 0 0 -1
    outer loop
      vertex 6.46716 2.67878 0
      vertex 17.5537 7.27098 0
      vertex 6.69858 2.03199 0
    endloop
  endfacet
  facet normal 0 0 -1
    outer loop
      vertex 4.44075 -5.41107 0
      vertex 12.0535 -14.6872 0
      vertex 10.5558 -15.7979 0
    endloop
  endfacet
  facet normal -0 0 -1
    outer loop
      vertex 17.5537 7.27098 0
      vertex 6.46716 2.67878 0
      vertex 16.7565 8.95654 0
    endloop
  endfacet
  facet normal 0 0 -1
    outer loop
      vertex 3.88899 -5.82029 0
      vertex 10.5558 -15.7979 0
      vertex 8.95654 -16.7565 0
    endloop
  endfacet
  facet normal 0 0 -1
    outer loop
      vertex 6.17345 3.29978 0
      vertex 16.7565 8.95654 0
      vertex 6.46716 2.67878 0
    endloop
  endfacet
  facet normal 0 0 -1
    outer loop
      vertex 3.29978 -6.17345 0
      vertex 8.95654 -16.7565 0
      vertex 7.27098 -17.5537 0
    endloop
  endfacet
  facet normal -0 0 -1
    outer loop
      vertex 16.7565 8.95654 0
      vertex 6.17345 3.29978 0
      vertex 15.7979 10.5558 0
    endloop
  endfacet
  facet normal 0 0 -1
    outer loop
      vertex 5.82029 3.88899 0
      vertex 15.7979 10.5558 0
      vertex 6.17345 3.29978 0
    endloop
  endfacet
  facet normal 0 0 -1
    outer loop
      vertex 18.9085 -1.86232 0
      vertex 6.96629 -0.686119 0
      vertex 7 0 0
    endloop
  endfacet
  facet normal 0 0 -1
    outer loop
      vertex 18.6349 -3.70672 0
      vertex 6.8655 -1.36563 0
      vertex 6.96629 -0.686119 0
    endloop
  endfacet
  facet normal 0 0 -1
    outer loop
      vertex 18.1819 -5.51541 0
      vertex 6.69858 -2.03199 0
      vertex 6.8655 -1.36563 0
    endloop
  endfacet
  facet normal 0 0 -1
    outer loop
      vertex 17.5537 -7.27098 0
      vertex 6.46716 -2.67878 0
      vertex 6.69858 -2.03199 0
    endloop
  endfacet
  facet normal 0 0 -1
    outer loop
      vertex 16.7565 -8.95654 0
      vertex 6.17345 -3.29978 0
      vertex 6.46716 -2.67878 0
    endloop
  endfacet
  facet normal 0 0 -1
    outer loop
      vertex 15.7979 -10.5558 0
      vertex 5.82029 -3.88899 0
      vertex 6.17345 -3.29978 0
    endloop
  endfacet
  facet normal 0 0 -1
    outer loop
      vertex 2.67878 -6.46716 0
      vertex 7.27098 -17.5537 0
      vertex 5.51541 -18.1819 0
    endloop
  endfacet
  facet normal 0 0 -1
    outer loop
      vertex 14.6872 -12.0535 0
      vertex 5.41107 -4.44075 0
      vertex 5.82029 -3.88899 0
    endloop
  endfacet
  facet normal 0 0 -1
    outer loop
      vertex 13.435 -13.435 0
      vertex 4.94975 -4.94975 0
      vertex 5.41107 -4.44075 0
    endloop
  endfacet
  facet normal 0 0 -1
    outer loop
      vertex 12.0535 -14.6872 0
      vertex 4.44075 -5.41107 0
      vertex 4.94975 -4.94975 0
    endloop
  endfacet
  facet normal 0 0 -1
    outer loop
      vertex 10.5558 -15.7979 0
      vertex 3.88899 -5.82029 0
      vertex 4.44075 -5.41107 0
    endloop
  endfacet
  facet normal 0 0 -1
    outer loop
      vertex 2.03199 -6.69858 0
      vertex 5.51541 -18.1819 0
      vertex 3.70672 -18.6349 0
    endloop
  endfacet
  facet normal 0 0 -1
    outer loop
      vertex 8.95654 -16.7565 0
      vertex 3.29978 -6.17345 0
      vertex 3.88899 -5.82029 0
    endloop
  endfacet
  facet normal 0 0 -1
    outer loop
      vertex 7.27098 -17.5537 0
      vertex 2.67878 -6.46716 0
      vertex 3.29978 -6.17345 0
    endloop
  endfacet
  facet normal 0 0 -1
    outer loop
      vertex 5.51541 -18.1819 0
      vertex 2.03199 -6.69858 0
      vertex 2.67878 -6.46716 0
    endloop
  endfacet
  facet normal 0 0 -1
    outer loop
      vertex 1.36563 -6.8655 0
      vertex 3.70672 -18.6349 0
      vertex 1.86232 -18.9085 0
    endloop
  endfacet
  facet normal 0 0 -1
    outer loop
      vertex 3.70672 -18.6349 0
      vertex 1.36563 -6.8655 0
      vertex 2.03199 -6.69858 0
    endloop
  endfacet
  facet normal 0 0 -1
    outer loop
      vertex 1.86232 -18.9085 0
      vertex 0.686119 -6.96629 0
      vertex 1.36563 -6.8655 0
    endloop
  endfacet
  facet normal 0 0 -1
    outer loop
      vertex 0 -19 0
      vertex 0.686119 -6.96629 0
      vertex 1.86232 -18.9085 0
    endloop
  endfacet
  facet normal 0 0 -1
    outer loop
      vertex 0 -19 0
      vertex 0 -7 0
      vertex 0.686119 -6.96629 0
    endloop
  endfacet
  facet normal 0 0 -1
    outer loop
      vertex 0 -19 0
      vertex -0.686119 -6.96629 0
      vertex 0 -7 0
    endloop
  endfacet
  facet normal 0 0 -1
    outer loop
      vertex -1.86232 -18.9085 0
      vertex -0.686119 -6.96629 0
      vertex 0 -19 0
    endloop
  endfacet
  facet normal -0 0 -1
    outer loop
      vertex -0.686119 -6.96629 0
      vertex -1.86232 -18.9085 0
      vertex -1.36563 -6.8655 0
    endloop
  endfacet
  facet normal 0 0 -1
    outer loop
      vertex -3.70672 -18.6349 0
      vertex -1.36563 -6.8655 0
      vertex -1.86232 -18.9085 0
    endloop
  endfacet
  facet normal -0 0 -1
    outer loop
      vertex -1.36563 -6.8655 0
      vertex -3.70672 -18.6349 0
      vertex -2.03199 -6.69858 0
    endloop
  endfacet
  facet normal 0 0 -1
    outer loop
      vertex -5.51541 -18.1819 0
      vertex -2.03199 -6.69858 0
      vertex -3.70672 -18.6349 0
    endloop
  endfacet
  facet normal -0 0 -1
    outer loop
      vertex -2.03199 -6.69858 0
      vertex -5.51541 -18.1819 0
      vertex -2.67878 -6.46716 0
    endloop
  endfacet
  facet normal 0 0 -1
    outer loop
      vertex -7.27098 -17.5537 0
      vertex -2.67878 -6.46716 0
      vertex -5.51541 -18.1819 0
    endloop
  endfacet
  facet normal -0 0 -1
    outer loop
      vertex -2.67878 -6.46716 0
      vertex -7.27098 -17.5537 0
      vertex -3.29978 -6.17345 0
    endloop
  endfacet
  facet normal 0 0 -1
    outer loop
      vertex -8.95654 -16.7565 0
      vertex -3.29978 -6.17345 0
      vertex -7.27098 -17.5537 0
    endloop
  endfacet
  facet normal -0 0 -1
    outer loop
      vertex -3.29978 -6.17345 0
      vertex -8.95654 -16.7565 0
      vertex -3.88899 -5.82029 0
    endloop
  endfacet
  facet normal 0 0 -1
    outer loop
      vertex -10.5558 -15.7979 0
      vertex -3.88899 -5.82029 0
      vertex -8.95654 -16.7565 0
    endloop
  endfacet
  facet normal -0 0 -1
    outer loop
      vertex -3.88899 -5.82029 0
      vertex -10.5558 -15.7979 0
      vertex -4.44075 -5.41107 0
    endloop
  endfacet
  facet normal 0 0 -1
    outer loop
      vertex -12.0535 -14.6872 0
      vertex -4.44075 -5.41107 0
      vertex -10.5558 -15.7979 0
    endloop
  endfacet
  facet normal -0 0 -1
    outer loop
      vertex -4.44075 -5.41107 0
      vertex -12.0535 -14.6872 0
      vertex -4.94975 -4.94975 0
    endloop
  endfacet
  facet normal 0 0 -1
    outer loop
      vertex -13.435 -13.435 0
      vertex -4.94975 -4.94975 0
      vertex -12.0535 -14.6872 0
    endloop
  endfacet
  facet normal -0 0 -1
    outer loop
      vertex -4.94975 -4.94975 0
      vertex -13.435 -13.435 0
      vertex -5.41107 -4.44075 0
    endloop
  endfacet
  facet normal 0 0 -1
    outer loop
      vertex -14.6872 -12.0535 0
      vertex -5.41107 -4.44075 0
      vertex -13.435 -13.435 0
    endloop
  endfacet
  facet normal 0 0 -1
    outer loop
      vertex -15.7979 -10.5558 0
      vertex -5.82029 -3.88899 0
      vertex -14.6872 -12.0535 0
    endloop
  endfacet
  facet normal -0 0 -1
    outer loop
      vertex -5.41107 -4.44075 0
      vertex -14.6872 -12.0535 0
      vertex -5.82029 -3.88899 0
    endloop
  endfacet
  facet normal -0 0 -1
    outer loop
      vertex 15.7979 10.5558 0
      vertex 5.82029 3.88899 0
      vertex 14.6872 12.0535 0
    endloop
  endfacet
  facet normal 0 0 -1
    outer loop
      vertex 5.41107 4.44075 0
      vertex 14.6872 12.0535 0
      vertex 5.82029 3.88899 0
    endloop
  endfacet
  facet normal -0 0 -1
    outer loop
      vertex 14.6872 12.0535 0
      vertex 5.41107 4.44075 0
      vertex 13.435 13.435 0
    endloop
  endfacet
  facet normal 0 0 -1
    outer loop
      vertex 4.94975 4.94975 0
      vertex 13.435 13.435 0
      vertex 5.41107 4.44075 0
    endloop
  endfacet
  facet normal -0 0 -1
    outer loop
      vertex 13.435 13.435 0
      vertex 4.94975 4.94975 0
      vertex 12.0535 14.6872 0
    endloop
  endfacet
  facet normal 0 0 -1
    outer loop
      vertex 4.44075 5.41107 0
      vertex 12.0535 14.6872 0
      vertex 4.94975 4.94975 0
    endloop
  endfacet
  facet normal -0 0 -1
    outer loop
      vertex 12.0535 14.6872 0
      vertex 4.44075 5.41107 0
      vertex 10.5558 15.7979 0
    endloop
  endfacet
  facet normal 0 0 -1
    outer loop
      vertex 3.88899 5.82029 0
      vertex 10.5558 15.7979 0
      vertex 4.44075 5.41107 0
    endloop
  endfacet
  facet normal -0 0 -1
    outer loop
      vertex 10.5558 15.7979 0
      vertex 3.88899 5.82029 0
      vertex 8.95654 16.7565 0
    endloop
  endfacet
  facet normal 0 0 -1
    outer loop
      vertex 3.29978 6.17345 0
      vertex 8.95654 16.7565 0
      vertex 3.88899 5.82029 0
    endloop
  endfacet
  facet normal -0 0 -1
    outer loop
      vertex 8.95654 16.7565 0
      vertex 3.29978 6.17345 0
      vertex 7.27098 17.5537 0
    endloop
  endfacet
  facet normal 0 0 -1
    outer loop
      vertex 2.67878 6.46716 0
      vertex 7.27098 17.5537 0
      vertex 3.29978 6.17345 0
    endloop
  endfacet
  facet normal -0 0 -1
    outer loop
      vertex 7.27098 17.5537 0
      vertex 2.67878 6.46716 0
      vertex 5.51541 18.1819 0
    endloop
  endfacet
  facet normal 0 0 -1
    outer loop
      vertex 2.03199 6.69858 0
      vertex 5.51541 18.1819 0
      vertex 2.67878 6.46716 0
    endloop
  endfacet
  facet normal -0 0 -1
    outer loop
      vertex 5.51541 18.1819 0
      vertex 2.03199 6.69858 0
      vertex 3.70672 18.6349 0
    endloop
  endfacet
  facet normal 0 0 -1
    outer loop
      vertex 1.36563 6.8655 0
      vertex 3.70672 18.6349 0
      vertex 2.03199 6.69858 0
    endloop
  endfacet
  facet normal -0 0 -1
    outer loop
      vertex 3.70672 18.6349 0
      vertex 1.36563 6.8655 0
      vertex 1.86232 18.9085 0
    endloop
  endfacet
  facet normal 0 0 -1
    outer loop
      vertex 0.686119 6.96629 0
      vertex 1.86232 18.9085 0
      vertex 1.36563 6.8655 0
    endloop
  endfacet
  facet normal 0 0 -1
    outer loop
      vertex 0 7 0
      vertex 1.86232 18.9085 0
      vertex 0.686119 6.96629 0
    endloop
  endfacet
  facet normal 0 0 -1
    outer loop
      vertex 0 7 0
      vertex 0 19 0
      vertex 1.86232 18.9085 0
    endloop
  endfacet
  facet normal 0 0 -1
    outer loop
      vertex -0.686119 6.96629 0
      vertex 0 19 0
      vertex 0 7 0
    endloop
  endfacet
  facet normal 0 0 -1
    outer loop
      vertex -1.86232 18.9085 0
      vertex -0.686119 6.96629 0
      vertex -1.36563 6.8655 0
    endloop
  endfacet
  facet normal 0 0 -1
    outer loop
      vertex -0.686119 6.96629 0
      vertex -1.86232 18.9085 0
      vertex 0 19 0
    endloop
  endfacet
  facet normal 0 0 -1
    outer loop
      vertex -3.70672 18.6349 0
      vertex -1.36563 6.8655 0
      vertex -2.03199 6.69858 0
    endloop
  endfacet
  facet normal 0 0 -1
    outer loop
      vertex -5.51541 18.1819 0
      vertex -2.03199 6.69858 0
      vertex -2.67878 6.46716 0
    endloop
  endfacet
  facet normal 0 0 -1
    outer loop
      vertex -7.27098 17.5537 0
      vertex -2.67878 6.46716 0
      vertex -3.29978 6.17345 0
    endloop
  endfacet
  facet normal 0 0 -1
    outer loop
      vertex -1.36563 6.8655 0
      vertex -3.70672 18.6349 0
      vertex -1.86232 18.9085 0
    endloop
  endfacet
  facet normal 0 0 -1
    outer loop
      vertex -8.95654 16.7565 0
      vertex -3.29978 6.17345 0
      vertex -3.88899 5.82029 0
    endloop
  endfacet
  facet normal 0 0 -1
    outer loop
      vertex -10.5558 15.7979 0
      vertex -3.88899 5.82029 0
      vertex -4.44075 5.41107 0
    endloop
  endfacet
  facet normal 0 0 -1
    outer loop
      vertex -12.0535 14.6872 0
      vertex -4.44075 5.41107 0
      vertex -4.94975 4.94975 0
    endloop
  endfacet
  facet normal 0 0 -1
    outer loop
      vertex -13.435 13.435 0
      vertex -4.94975 4.94975 0
      vertex -5.41107 4.44075 0
    endloop
  endfacet
  facet normal 0 0 -1
    outer loop
      vertex -2.03199 6.69858 0
      vertex -5.51541 18.1819 0
      vertex -3.70672 18.6349 0
    endloop
  endfacet
  facet normal 0 0 -1
    outer loop
      vertex -14.6872 12.0535 0
      vertex -5.41107 4.44075 0
      vertex -5.82029 3.88899 0
    endloop
  endfacet
  facet normal 0 0 -1
    outer loop
      vertex -15.7979 10.5558 0
      vertex -5.82029 3.88899 0
      vertex -6.17345 3.29978 0
    endloop
  endfacet
  facet normal 0 0 -1
    outer loop
      vertex -16.7565 8.95654 0
      vertex -6.17345 3.29978 0
      vertex -6.46716 2.67878 0
    endloop
  endfacet
  facet normal 0 0 -1
    outer loop
      vertex -17.5537 7.27098 0
      vertex -6.46716 2.67878 0
      vertex -6.69858 2.03199 0
    endloop
  endfacet
  facet normal 0 0 -1
    outer loop
      vertex -18.1819 5.51541 0
      vertex -6.69858 2.03199 0
      vertex -6.8655 1.36563 0
    endloop
  endfacet
  facet normal 0 0 -1
    outer loop
      vertex -18.6349 3.70672 0
      vertex -6.8655 1.36563 0
      vertex -6.96629 0.686119 0
    endloop
  endfacet
  facet normal 0 0 -1
    outer loop
      vertex -2.67878 6.46716 0
      vertex -7.27098 17.5537 0
      vertex -5.51541 18.1819 0
    endloop
  endfacet
  facet normal 0 0 -1
    outer loop
      vertex -18.9085 1.86232 0
      vertex -6.96629 0.686119 0
      vertex -7 0 0
    endloop
  endfacet
  facet normal -0 0 -1
    outer loop
      vertex -5.82029 -3.88899 0
      vertex -15.7979 -10.5558 0
      vertex -6.17345 -3.29978 0
    endloop
  endfacet
  facet normal 0 0 -1
    outer loop
      vertex -16.7565 -8.95654 0
      vertex -6.17345 -3.29978 0
      vertex -15.7979 -10.5558 0
    endloop
  endfacet
  facet normal 0 0 -1
    outer loop
      vertex -3.29978 6.17345 0
      vertex -8.95654 16.7565 0
      vertex -7.27098 17.5537 0
    endloop
  endfacet
  facet normal -0 0 -1
    outer loop
      vertex -6.17345 -3.29978 0
      vertex -16.7565 -8.95654 0
      vertex -6.46716 -2.67878 0
    endloop
  endfacet
  facet normal 0 0 -1
    outer loop
      vertex -3.88899 5.82029 0
      vertex -10.5558 15.7979 0
      vertex -8.95654 16.7565 0
    endloop
  endfacet
  facet normal 0 0 -1
    outer loop
      vertex -17.5537 -7.27098 0
      vertex -6.46716 -2.67878 0
      vertex -16.7565 -8.95654 0
    endloop
  endfacet
  facet normal 0 0 -1
    outer loop
      vertex -4.44075 5.41107 0
      vertex -12.0535 14.6872 0
      vertex -10.5558 15.7979 0
    endloop
  endfacet
  facet normal -0 0 -1
    outer loop
      vertex -6.46716 -2.67878 0
      vertex -17.5537 -7.27098 0
      vertex -6.69858 -2.03199 0
    endloop
  endfacet
  facet normal 0 0 -1
    outer loop
      vertex -4.94975 4.94975 0
      vertex -13.435 13.435 0
      vertex -12.0535 14.6872 0
    endloop
  endfacet
  facet normal 0 0 -1
    outer loop
      vertex -18.1819 -5.51541 0
      vertex -6.69858 -2.03199 0
      vertex -17.5537 -7.27098 0
    endloop
  endfacet
  facet normal 0 0 -1
    outer loop
      vertex -5.41107 4.44075 0
      vertex -14.6872 12.0535 0
      vertex -13.435 13.435 0
    endloop
  endfacet
  facet normal -0 0 -1
    outer loop
      vertex -6.69858 -2.03199 0
      vertex -18.1819 -5.51541 0
      vertex -6.8655 -1.36563 0
    endloop
  endfacet
  facet normal 0 0 -1
    outer loop
      vertex -5.82029 3.88899 0
      vertex -15.7979 10.5558 0
      vertex -14.6872 12.0535 0
    endloop
  endfacet
  facet normal 0 0 -1
    outer loop
      vertex -18.6349 -3.70672 0
      vertex -6.8655 -1.36563 0
      vertex -18.1819 -5.51541 0
    endloop
  endfacet
  facet normal 0 0 -1
    outer loop
      vertex -6.17345 3.29978 0
      vertex -16.7565 8.95654 0
      vertex -15.7979 10.5558 0
    endloop
  endfacet
  facet normal -0 0 -1
    outer loop
      vertex -6.8655 -1.36563 0
      vertex -18.6349 -3.70672 0
      vertex -6.96629 -0.686119 0
    endloop
  endfacet
  facet normal 0 0 -1
    outer loop
      vertex -6.46716 2.67878 0
      vertex -17.5537 7.27098 0
      vertex -16.7565 8.95654 0
    endloop
  endfacet
  facet normal 0 0 -1
    outer loop
      vertex -18.9085 -1.86232 0
      vertex -6.96629 -0.686119 0
      vertex -18.6349 -3.70672 0
    endloop
  endfacet
  facet normal 0 0 -1
    outer loop
      vertex -6.69858 2.03199 0
      vertex -18.1819 5.51541 0
      vertex -17.5537 7.27098 0
    endloop
  endfacet
  facet normal -0 0 -1
    outer loop
      vertex -6.96629 -0.686119 0
      vertex -18.9085 -1.86232 0
      vertex -7 0 0
    endloop
  endfacet
  facet normal 0 0 -1
    outer loop
      vertex -6.8655 1.36563 0
      vertex -18.6349 3.70672 0
      vertex -18.1819 5.51541 0
    endloop
  endfacet
  facet normal 0 0 -1
    outer loop
      vertex -19 0 0
      vertex -7 0 0
      vertex -18.9085 -1.86232 0
    endloop
  endfacet
  facet normal 0 0 -1
    outer loop
      vertex -6.96629 0.686119 0
      vertex -18.9085 1.86232 0
      vertex -18.6349 3.70672 0
    endloop
  endfacet
  facet normal 0 0 -1
    outer loop
      vertex -7 0 0
      vertex -19 0 0
      vertex -18.9085 1.86232 0
    endloop
  endfacet
  facet normal -0.912891 0.0448745 0.405729
    outer loop
      vertex -10.947 1.07819 18
      vertex -19 0 0
      vertex -11 0 18
    endloop
  endfacet
  facet normal 0.134116 0.904099 0.405731
    outer loop
      vertex 3.70672 18.6349 0
      vertex 1.07819 10.947 18
      vertex 2.14599 10.7886 18
    endloop
  endfacet
  facet normal 0.912891 0.0448745 0.405729
    outer loop
      vertex 19 0 0
      vertex 10.947 1.07819 18
      vertex 11 0 18
    endloop
  endfacet
  facet normal 0.912891 0.0448524 0.405731
    outer loop
      vertex 18.9085 1.86232 0
      vertex 10.947 1.07819 18
      vertex 19 0 0
    endloop
  endfacet
  facet normal 0.544503 0.734107 0.405714
    outer loop
      vertex 10.1489 13.6781 4.3817
      vertex 10.5558 15.7979 0
      vertex 9.95062 13.8383 4.35794
    endloop
  endfacet
  facet normal 0.544672 0.734001 0.405679
    outer loop
      vertex 10.3313 13.521 4.42105
      vertex 10.5558 15.7979 0
      vertex 10.1489 13.6781 4.3817
    endloop
  endfacet
  facet normal 0.544099 0.734344 0.405826
    outer loop
      vertex 10.4963 13.3686 4.4756
      vertex 10.5558 15.7979 0
      vertex 10.3313 13.521 4.42105
    endloop
  endfacet
  facet normal 0.544445 0.734145 0.405723
    outer loop
      vertex 10.5558 15.7979 0
      vertex 10.4963 13.3686 4.4756
      vertex 12.0535 14.6872 0
    endloop
  endfacet
  facet normal 0.544685 0.733952 0.40575
    outer loop
      vertex 10.642 13.2222 4.54483
      vertex 12.0535 14.6872 0
      vertex 10.4963 13.3686 4.4756
    endloop
  endfacet
  facet normal 0.54434 0.734219 0.405729
    outer loop
      vertex 12.0535 14.6872 0
      vertex 10.642 13.2222 4.54483
      vertex 10.7515 13.1008 4.61761
    endloop
  endfacet
  facet normal 0.544417 0.734163 0.405727
    outer loop
      vertex 9.95062 13.8383 4.35794
      vertex 10.5558 15.7979 0
      vertex 9.73848 14 4.35
    endloop
  endfacet
  facet normal 0.544143 0.734352 0.405754
    outer loop
      vertex 9.73848 14 4.35
      vertex 10.5558 15.7979 0
      vertex 9.69093 14.0343 4.35169
    endloop
  endfacet
  facet normal 0.544233 0.734287 0.405749
    outer loop
      vertex 6.97833 8.50311 18
      vertex 9.21263 12.8333 7.16673
      vertex 9.12351 12.8773 7.20664
    endloop
  endfacet
  facet normal 0.544597 0.734033 0.405722
    outer loop
      vertex 6.97833 8.50311 18
      vertex 9.44866 12.7245 7.04675
      vertex 9.21263 12.8333 7.16673
    endloop
  endfacet
  facet normal 0.544338 0.734218 0.405735
    outer loop
      vertex 6.97833 8.50311 18
      vertex 9.67563 12.6281 6.91669
      vertex 9.44866 12.7245 7.04675
    endloop
  endfacet
  facet normal 0.544614 0.734017 0.405727
    outer loop
      vertex 6.97833 8.50311 18
      vertex 9.89137 12.5448 6.7778
      vertex 9.67563 12.6281 6.91669
    endloop
  endfacet
  facet normal 0.544355 0.734208 0.405729
    outer loop
      vertex 6.97833 8.50311 18
      vertex 10.0938 12.4756 6.63143
      vertex 9.89137 12.5448 6.7778
    endloop
  endfacet
  facet normal 0.544509 0.734093 0.405731
    outer loop
      vertex 10.0938 12.4756 6.63143
      vertex 6.97833 8.50311 18
      vertex 10.2105 12.4416 6.53633
    endloop
  endfacet
  facet normal 0.904099 -0.134115 0.405731
    outer loop
      vertex 18.9085 -1.86232 0
      vertex 10.947 -1.07819 18
      vertex 18.6349 -3.70672 0
    endloop
  endfacet
  facet normal 0.886612 -0.222031 0.405734
    outer loop
      vertex 10.5263 -3.19313 18
      vertex 15.5244 -4.00942 6.63143
      vertex 18.6349 -3.70672 0
    endloop
  endfacet
  facet normal 0.886877 -0.220908 0.40577
    outer loop
      vertex 10.5263 -3.19313 18
      vertex 15.4552 -4.01838 6.7778
      vertex 15.5244 -4.00942 6.63143
    endloop
  endfacet
  facet normal 0.886485 -0.222567 0.40572
    outer loop
      vertex 10.5263 -3.19313 18
      vertex 15.3719 -4.09698 6.91669
      vertex 15.4552 -4.01838 6.7778
    endloop
  endfacet
  facet normal 0.886675 -0.221775 0.405738
    outer loop
      vertex 10.5263 -3.19313 18
      vertex 15.2755 -4.24445 7.04675
      vertex 15.3719 -4.09698 6.91669
    endloop
  endfacet
  facet normal 0.886549 -0.222289 0.405733
    outer loop
      vertex 10.5263 -3.19313 18
      vertex 15.1667 -4.45938 7.16673
      vertex 15.2755 -4.24445 7.04675
    endloop
  endfacet
  facet normal 0.886708 -0.22166 0.405728
    outer loop
      vertex 15.1667 -4.45938 7.16673
      vertex 10.5263 -3.19313 18
      vertex 15.1132 -4.58453 7.21528
    endloop
  endfacet
  facet normal 0.886717 -0.221479 0.405809
    outer loop
      vertex 15.579 -4.07017 6.47897
      vertex 18.6349 -3.70672 0
      vertex 15.5244 -4.00942 6.63143
    endloop
  endfacet
  facet normal 0.886555 -0.222352 0.405683
    outer loop
      vertex 15.6183 -4.20005 6.3219
      vertex 18.6349 -3.70672 0
      vertex 15.579 -4.07017 6.47897
    endloop
  endfacet
  facet normal 0.886633 -0.221914 0.405755
    outer loop
      vertex 15.6421 -4.39782 6.16173
      vertex 18.6349 -3.70672 0
      vertex 15.6183 -4.20005 6.3219
    endloop
  endfacet
  facet normal 0.886584 -0.222215 0.405697
    outer loop
      vertex 15.65 -4.66157 6
      vertex 18.6349 -3.70672 0
      vertex 15.6421 -4.39782 6.16173
    endloop
  endfacet
  facet normal 0.886563 -0.222356 0.405664
    outer loop
      vertex 15.6479 -4.74675 5.9579
      vertex 18.6349 -3.70672 0
      vertex 15.65 -4.66157 6
    endloop
  endfacet
  facet normal 0.886605 -0.222057 0.405737
    outer loop
      vertex 18.6349 -3.70672 0
      vertex 15.6479 -4.74675 5.9579
      vertex 18.1819 -5.51541 0
    endloop
  endfacet
  facet normal 0.307863 -0.860585 0.405727
    outer loop
      vertex 5.56491 -14.6136 7.53077
      vertex 4.20952 -10.1627 18
      vertex 3.19313 -10.5263 18
    endloop
  endfacet
  facet normal 0.308274 -0.860434 0.405734
    outer loop
      vertex 4.20952 -10.1627 18
      vertex 5.87777 -14.479 7.57895
      vertex 5.98018 -14.4374 7.58936
    endloop
  endfacet
  facet normal 0.307776 -0.860615 0.405729
    outer loop
      vertex 4.20952 -10.1627 18
      vertex 5.56491 -14.6136 7.53077
      vertex 5.87777 -14.479 7.57895
    endloop
  endfacet
  facet normal 0.308148 -0.860479 0.405734
    outer loop
      vertex 6.25489 -15.4552 5.22219
      vertex 7.27098 -17.5537 0
      vertex 6.39049 -15.428 5.17689
    endloop
  endfacet
  facet normal 0.307795 -0.860613 0.405719
    outer loop
      vertex 7.27098 -17.5537 0
      vertex 6.25489 -15.4552 5.22219
      vertex 6.07223 -15.4879 5.2914
    endloop
  endfacet
  facet normal -0.61383 0.677198 0.405728
    outer loop
      vertex -10.6661 12.35 6
      vertex -7.77817 7.77817 18
      vertex -10.6096 12.3539 6.07897
    endloop
  endfacet
  facet normal -0.614322 0.676777 0.405686
    outer loop
      vertex -10.7642 12.3579 5.83827
      vertex -7.77817 7.77817 18
      vertex -10.6661 12.35 6
    endloop
  endfacet
  facet normal -0.613067 0.677856 0.405784
    outer loop
      vertex -10.8439 12.3817 5.6781
      vertex -7.77817 7.77817 18
      vertex -10.7642 12.3579 5.83827
    endloop
  endfacet
  facet normal -0.614841 0.676325 0.405653
    outer loop
      vertex -10.9043 12.421 5.52103
      vertex -7.77817 7.77817 18
      vertex -10.8439 12.3817 5.6781
    endloop
  endfacet
  facet normal -0.614478 0.676502 0.405909
    outer loop
      vertex -13.435 13.435 0
      vertex -10.9043 12.421 5.52103
      vertex -10.9449 12.4756 5.36857
    endloop
  endfacet
  facet normal -0.613821 0.677203 0.405733
    outer loop
      vertex -13.435 13.435 0
      vertex -10.9049 12.8311 4.83567
      vertex -12.0535 14.6872 0
    endloop
  endfacet
  facet normal -0.613784 0.677246 0.405719
    outer loop
      vertex -10.9049 12.8311 4.83567
      vertex -13.435 13.435 0
      vertex -10.9448 12.7245 4.95325
    endloop
  endfacet
  facet normal -0.613769 0.677262 0.405714
    outer loop
      vertex -10.9448 12.7245 4.95325
      vertex -13.435 13.435 0
      vertex -10.9652 12.6281 5.08331
    endloop
  endfacet
  facet normal -0.613836 0.677189 0.405735
    outer loop
      vertex -10.9652 12.6281 5.08331
      vertex -13.435 13.435 0
      vertex -10.9653 12.5448 5.22219
    endloop
  endfacet
  facet normal -0.613792 0.677233 0.405728
    outer loop
      vertex -10.9043 12.421 5.52103
      vertex -13.435 13.435 0
      vertex -7.77817 7.77817 18
    endloop
  endfacet
  facet normal -0.613756 0.677275 0.405712
    outer loop
      vertex -10.9653 12.5448 5.22219
      vertex -13.435 13.435 0
      vertex -10.9449 12.4756 5.36857
    endloop
  endfacet
  facet normal -0.469887 -0.783957 0.405731
    outer loop
      vertex -6.11127 -9.14616 18
      vertex -8.32536 -13.2658 7.47579
      vertex -5.18536 -9.70113 18
    endloop
  endfacet
  facet normal -0.469874 -0.783965 0.405731
    outer loop
      vertex -6.11127 -9.14616 18
      vertex -8.41591 -13.2222 7.45517
      vertex -8.32536 -13.2658 7.47579
    endloop
  endfacet
  facet normal -0.469928 -0.783933 0.40573
    outer loop
      vertex -6.11127 -9.14616 18
      vertex -8.7195 -13.0833 7.37192
      vertex -8.41591 -13.2222 7.45517
    endloop
  endfacet
  facet normal -0.46792 -0.785154 0.40569
    outer loop
      vertex -8.7195 -13.0833 7.37192
      vertex -6.11127 -9.14616 18
      vertex -8.73694 -13.0758 7.36632
    endloop
  endfacet
  facet normal -0.470023 -0.783875 0.405732
    outer loop
      vertex -9.47888 -14.1861 4.36157
      vertex -10.5558 -15.7979 0
      vertex -9.24885 -14.3142 4.38056
    endloop
  endfacet
  facet normal -0.733992 0.544659 0.405713
    outer loop
      vertex -12.9533 8.96982 7.27547
      vertex -8.50311 6.97833 18
      vertex -12.8773 9.12351 7.20664
    endloop
  endfacet
  facet normal -0.734133 0.544453 0.405734
    outer loop
      vertex -13.0758 8.73694 7.36632
      vertex -8.50311 6.97833 18
      vertex -12.9533 8.96982 7.27547
    endloop
  endfacet
  facet normal -0.734127 0.544461 0.405733
    outer loop
      vertex -8.50311 6.97833 18
      vertex -13.0758 8.73694 7.36632
      vertex -9.14616 6.11127 18
    endloop
  endfacet
  facet normal -0.734132 0.544458 0.405728
    outer loop
      vertex -15.7979 10.5558 0
      vertex -14.1617 9.51449 4.35794
      vertex -14.0343 9.69093 4.35169
    endloop
  endfacet
  facet normal -0.734167 0.544411 0.405729
    outer loop
      vertex -14.1617 9.51449 4.35794
      vertex -15.7979 10.5558 0
      vertex -14.1861 9.47888 4.36157
    endloop
  endfacet
  facet normal -0.390627 -0.826306 0.405745
    outer loop
      vertex -6.19438 -14.3219 7.6183
      vertex -5.18536 -9.70113 18
      vertex -6.38658 -14.2239 7.63284
    endloop
  endfacet
  facet normal -0.390718 -0.826267 0.405736
    outer loop
      vertex -5.98018 -14.4374 7.58936
      vertex -5.18536 -9.70113 18
      vertex -6.19438 -14.3219 7.6183
    endloop
  endfacet
  facet normal -0.390805 -0.826231 0.405726
    outer loop
      vertex -5.18536 -9.70113 18
      vertex -5.98018 -14.4374 7.58936
      vertex -4.20952 -10.1627 18
    endloop
  endfacet
  facet normal -0.390819 -0.826223 0.405729
    outer loop
      vertex -6.60624 -15.3719 5.08331
      vertex -7.27098 -17.5537 0
      vertex -6.39049 -15.428 5.17689
    endloop
  endfacet
  facet normal -0.39025 -0.826475 0.405763
    outer loop
      vertex -7.27098 -17.5537 0
      vertex -6.60624 -15.3719 5.08331
      vertex -6.68552 -15.3494 5.05289
    endloop
  endfacet
  facet normal -0.677262 -0.613769 0.405714
    outer loop
      vertex -12.7245 -10.9448 4.95325
      vertex -13.435 -13.435 0
      vertex -12.6281 -10.9652 5.08331
    endloop
  endfacet
  facet normal -0.677246 -0.613784 0.405719
    outer loop
      vertex -12.8311 -10.9049 4.83567
      vertex -13.435 -13.435 0
      vertex -12.7245 -10.9448 4.95325
    endloop
  endfacet
  facet normal -0.677203 -0.613821 0.405733
    outer loop
      vertex -13.435 -13.435 0
      vertex -12.8311 -10.9049 4.83567
      vertex -14.6872 -12.0535 0
    endloop
  endfacet
  facet normal -0.677198 -0.61383 0.405728
    outer loop
      vertex -12.35 -10.6661 6
      vertex -7.77817 -7.77817 18
      vertex -12.3539 -10.6096 6.07897
    endloop
  endfacet
  facet normal -0.676777 -0.614322 0.405686
    outer loop
      vertex -12.3579 -10.7642 5.83827
      vertex -7.77817 -7.77817 18
      vertex -12.35 -10.6661 6
    endloop
  endfacet
  facet normal -0.677856 -0.613067 0.405784
    outer loop
      vertex -12.3817 -10.8439 5.6781
      vertex -7.77817 -7.77817 18
      vertex -12.3579 -10.7642 5.83827
    endloop
  endfacet
  facet normal -0.676325 -0.614841 0.405653
    outer loop
      vertex -12.421 -10.9043 5.52103
      vertex -7.77817 -7.77817 18
      vertex -12.3817 -10.8439 5.6781
    endloop
  endfacet
  facet normal -0.676502 -0.614478 0.405909
    outer loop
      vertex -13.435 -13.435 0
      vertex -12.421 -10.9043 5.52103
      vertex -12.4756 -10.9449 5.36857
    endloop
  endfacet
  facet normal -0.677189 -0.613836 0.405735
    outer loop
      vertex -12.6281 -10.9652 5.08331
      vertex -13.435 -13.435 0
      vertex -12.5448 -10.9653 5.22219
    endloop
  endfacet
  facet normal -0.677233 -0.613792 0.405728
    outer loop
      vertex -12.421 -10.9043 5.52103
      vertex -13.435 -13.435 0
      vertex -7.77817 -7.77817 18
    endloop
  endfacet
  facet normal -0.677275 -0.613756 0.405712
    outer loop
      vertex -12.5448 -10.9653 5.22219
      vertex -13.435 -13.435 0
      vertex -12.4756 -10.9449 5.36857
    endloop
  endfacet
  facet normal 0.826305 0.390584 0.405787
    outer loop
      vertex 17.5537 7.27098 0
      vertex 14.9367 7.98381 4.64288
      vertex 15.0467 7.66627 4.72453
    endloop
  endfacet
  facet normal 0.826226 0.390817 0.405725
    outer loop
      vertex 17.5537 7.27098 0
      vertex 15.0467 7.66627 4.72453
      vertex 15.1667 7.29969 4.83327
    endloop
  endfacet
  facet normal 0.826245 0.390779 0.405723
    outer loop
      vertex 14.9367 7.98381 4.64288
      vertex 17.5537 7.27098 0
      vertex 16.7565 8.95654 0
    endloop
  endfacet
  facet normal 0.826194 0.390902 0.405709
    outer loop
      vertex 15.2755 6.94521 4.95325
      vertex 17.5537 7.27098 0
      vertex 15.1667 7.29969 4.83327
    endloop
  endfacet
  facet normal 0.826238 0.390794 0.405722
    outer loop
      vertex 17.5537 7.27098 0
      vertex 15.2755 6.94521 4.95325
      vertex 15.3494 6.68552 5.05289
    endloop
  endfacet
  facet normal 0.826056 0.391199 0.405702
    outer loop
      vertex 14.1617 6.50837 7.64205
      vertex 9.70113 5.18536 18
      vertex 14.2239 6.38658 7.63284
    endloop
  endfacet
  facet normal 0.826265 0.390727 0.405732
    outer loop
      vertex 14 6.84206 7.65
      vertex 9.70113 5.18536 18
      vertex 14.1617 6.50837 7.64205
    endloop
  endfacet
  facet normal 0.826265 0.390727 0.405732
    outer loop
      vertex 13.8383 7.19226 7.64205
      vertex 9.70113 5.18536 18
      vertex 14 6.84206 7.65
    endloop
  endfacet
  facet normal 0.826128 0.391015 0.405733
    outer loop
      vertex 9.70113 5.18536 18
      vertex 13.8383 7.19226 7.64205
      vertex 13.7653 7.35772 7.63123
    endloop
  endfacet
  facet normal -0.0448745 0.912891 0.405729
    outer loop
      vertex 0 19 0
      vertex -1.07819 10.947 18
      vertex 0 11 18
    endloop
  endfacet
  facet normal 0.784298 0.469113 0.405968
    outer loop
      vertex 16.7565 8.95654 0
      vertex 14.3142 9.24885 4.38056
      vertex 14.3219 9.23499 4.3817
    endloop
  endfacet
  facet normal 0.783952 0.469903 0.405722
    outer loop
      vertex 14.3142 9.24885 4.38056
      vertex 16.7565 8.95654 0
      vertex 15.7979 10.5558 0
    endloop
  endfacet
  facet normal 0.783929 0.469952 0.405709
    outer loop
      vertex 14.479 8.93896 4.42105
      vertex 16.7565 8.95654 0
      vertex 14.3219 9.23499 4.3817
    endloop
  endfacet
  facet normal 0.784015 0.469772 0.405752
    outer loop
      vertex 14.6314 8.6375 4.4756
      vertex 16.7565 8.95654 0
      vertex 14.479 8.93896 4.42105
    endloop
  endfacet
  facet normal 0.783937 0.469924 0.405726
    outer loop
      vertex 14.7778 8.3335 4.54483
      vertex 16.7565 8.95654 0
      vertex 14.6314 8.6375 4.4756
    endloop
  endfacet
  facet normal 0.783948 0.469905 0.405728
    outer loop
      vertex 14.9167 8.0299 4.62807
      vertex 16.7565 8.95654 0
      vertex 14.7778 8.3335 4.54483
    endloop
  endfacet
  facet normal 0.783648 0.470418 0.405712
    outer loop
      vertex 16.7565 8.95654 0
      vertex 14.9167 8.0299 4.62807
      vertex 14.9367 7.98381 4.64288
    endloop
  endfacet
  facet normal 0.784026 0.469772 0.405731
    outer loop
      vertex 13.6781 7.51442 7.6183
      vertex 9.70113 5.18536 18
      vertex 13.7653 7.35772 7.63123
    endloop
  endfacet
  facet normal 0.78392 0.46995 0.40573
    outer loop
      vertex 13.521 7.81045 7.57895
      vertex 9.70113 5.18536 18
      vertex 13.6781 7.51442 7.6183
    endloop
  endfacet
  facet normal 0.784028 0.469774 0.405725
    outer loop
      vertex 13.3686 8.11191 7.5244
      vertex 9.70113 5.18536 18
      vertex 13.521 7.81045 7.57895
    endloop
  endfacet
  facet normal 0.78392 0.469945 0.405735
    outer loop
      vertex 9.70113 5.18536 18
      vertex 13.3686 8.11191 7.5244
      vertex 13.2658 8.32536 7.47579
    endloop
  endfacet
  facet normal 0.222086 0.886601 0.405731
    outer loop
      vertex 3.70672 18.6349 0
      vertex 2.14599 10.7886 18
      vertex 3.19313 10.5263 18
    endloop
  endfacet
  facet normal 0.904099 0.134116 0.405731
    outer loop
      vertex 18.6349 3.70672 0
      vertex 10.7886 2.14599 18
      vertex 10.947 1.07819 18
    endloop
  endfacet
  facet normal -0.134116 -0.904099 0.405731
    outer loop
      vertex -2.14599 -10.7886 18
      vertex -3.70672 -18.6349 0
      vertex -1.07819 -10.947 18
    endloop
  endfacet
  facet normal 0.390794 -0.826238 0.405722
    outer loop
      vertex 7.27098 -17.5537 0
      vertex 6.94521 -15.2755 4.95325
      vertex 6.68552 -15.3494 5.05289
    endloop
  endfacet
  facet normal 0.390902 -0.826194 0.405709
    outer loop
      vertex 7.27098 -17.5537 0
      vertex 7.29969 -15.1667 4.83327
      vertex 6.94521 -15.2755 4.95325
    endloop
  endfacet
  facet normal 0.390817 -0.826226 0.405725
    outer loop
      vertex 7.27098 -17.5537 0
      vertex 7.66627 -15.0467 4.72453
      vertex 7.29969 -15.1667 4.83327
    endloop
  endfacet
  facet normal 0.390584 -0.826305 0.405787
    outer loop
      vertex 7.27098 -17.5537 0
      vertex 7.98381 -14.9367 4.64288
      vertex 7.66627 -15.0467 4.72453
    endloop
  endfacet
  facet normal 0.390779 -0.826245 0.405723
    outer loop
      vertex 7.98381 -14.9367 4.64288
      vertex 7.27098 -17.5537 0
      vertex 8.95654 -16.7565 0
    endloop
  endfacet
  facet normal 0.390727 -0.826265 0.405732
    outer loop
      vertex 5.18536 -9.70113 18
      vertex 6.50837 -14.1617 7.64205
      vertex 6.84206 -14 7.65
    endloop
  endfacet
  facet normal 0.391199 -0.826056 0.405702
    outer loop
      vertex 6.50837 -14.1617 7.64205
      vertex 5.18536 -9.70113 18
      vertex 6.38658 -14.2239 7.63284
    endloop
  endfacet
  facet normal 0.390727 -0.826265 0.405732
    outer loop
      vertex 7.19226 -13.8383 7.64205
      vertex 5.18536 -9.70113 18
      vertex 6.84206 -14 7.65
    endloop
  endfacet
  facet normal 0.391015 -0.826128 0.405733
    outer loop
      vertex 5.18536 -9.70113 18
      vertex 7.19226 -13.8383 7.64205
      vertex 7.35772 -13.7653 7.63123
    endloop
  endfacet
  facet normal -0.904099 -0.134115 0.405731
    outer loop
      vertex -10.947 -1.07819 18
      vertex -18.9085 -1.86232 0
      vertex -18.6349 -3.70672 0
    endloop
  endfacet
  facet normal -0.307562 0.860684 0.405744
    outer loop
      vertex -5.51541 18.1819 0
      vertex -4.9208 15.6421 5.83827
      vertex -4.74675 15.6479 5.9579
    endloop
  endfacet
  facet normal -0.308038 0.860524 0.405723
    outer loop
      vertex -5.51541 18.1819 0
      vertex -5.19825 15.6183 5.6781
      vertex -4.9208 15.6421 5.83827
    endloop
  endfacet
  facet normal -0.307802 0.860599 0.405744
    outer loop
      vertex -5.51541 18.1819 0
      vertex -5.51518 15.579 5.52103
      vertex -5.19825 15.6183 5.6781
    endloop
  endfacet
  facet normal -0.308024 0.860534 0.405713
    outer loop
      vertex -5.51541 18.1819 0
      vertex -5.86853 15.5244 5.36857
      vertex -5.51518 15.579 5.52103
    endloop
  endfacet
  facet normal -0.30791 0.860564 0.405736
    outer loop
      vertex -5.51541 18.1819 0
      vertex -6.07223 15.4879 5.2914
      vertex -5.86853 15.5244 5.36857
    endloop
  endfacet
  facet normal -0.307935 0.860558 0.40573
    outer loop
      vertex -6.07223 15.4879 5.2914
      vertex -5.51541 18.1819 0
      vertex -7.27098 17.5537 0
    endloop
  endfacet
  facet normal -0.307941 0.860554 0.405733
    outer loop
      vertex -3.19313 10.5263 18
      vertex -5.52356 14.6314 7.5244
      vertex -5.56491 14.6136 7.53077
    endloop
  endfacet
  facet normal -0.307962 0.860546 0.405734
    outer loop
      vertex -3.19313 10.5263 18
      vertex -5.20568 14.7778 7.45517
      vertex -5.52356 14.6314 7.5244
    endloop
  endfacet
  facet normal -0.307945 0.860552 0.405734
    outer loop
      vertex -3.19313 10.5263 18
      vertex -4.92721 14.9167 7.37192
      vertex -5.20568 14.7778 7.45517
    endloop
  endfacet
  facet normal -0.307747 0.860624 0.405731
    outer loop
      vertex -3.19313 10.5263 18
      vertex -4.69082 15.0467 7.27547
      vertex -4.92721 14.9167 7.37192
    endloop
  endfacet
  facet normal -0.308522 0.86035 0.405724
    outer loop
      vertex -4.69082 15.0467 7.27547
      vertex -3.19313 10.5263 18
      vertex -4.58453 15.1132 7.21528
    endloop
  endfacet
  facet normal 0.61383 0.677198 0.405728
    outer loop
      vertex 7.77817 7.77817 18
      vertex 10.6661 12.35 6
      vertex 10.6096 12.3539 6.07897
    endloop
  endfacet
  facet normal 0.614322 0.676777 0.405686
    outer loop
      vertex 7.77817 7.77817 18
      vertex 10.7642 12.3579 5.83827
      vertex 10.6661 12.35 6
    endloop
  endfacet
  facet normal 0.613067 0.677856 0.405784
    outer loop
      vertex 7.77817 7.77817 18
      vertex 10.8439 12.3817 5.6781
      vertex 10.7642 12.3579 5.83827
    endloop
  endfacet
  facet normal 0.614841 0.676325 0.405653
    outer loop
      vertex 7.77817 7.77817 18
      vertex 10.9043 12.421 5.52103
      vertex 10.8439 12.3817 5.6781
    endloop
  endfacet
  facet normal 0.613792 0.677233 0.405728
    outer loop
      vertex 13.435 13.435 0
      vertex 10.9043 12.421 5.52103
      vertex 7.77817 7.77817 18
    endloop
  endfacet
  facet normal 0.614478 0.676502 0.405909
    outer loop
      vertex 10.9043 12.421 5.52103
      vertex 13.435 13.435 0
      vertex 10.9449 12.4756 5.36857
    endloop
  endfacet
  facet normal 0.613756 0.677275 0.405712
    outer loop
      vertex 13.435 13.435 0
      vertex 10.9653 12.5448 5.22219
      vertex 10.9449 12.4756 5.36857
    endloop
  endfacet
  facet normal 0.613836 0.677189 0.405735
    outer loop
      vertex 13.435 13.435 0
      vertex 10.9652 12.6281 5.08331
      vertex 10.9653 12.5448 5.22219
    endloop
  endfacet
  facet normal 0.613769 0.677262 0.405714
    outer loop
      vertex 13.435 13.435 0
      vertex 10.9448 12.7245 4.95325
      vertex 10.9652 12.6281 5.08331
    endloop
  endfacet
  facet normal 0.613784 0.677246 0.405719
    outer loop
      vertex 13.435 13.435 0
      vertex 10.9049 12.8311 4.83567
      vertex 10.9448 12.7245 4.95325
    endloop
  endfacet
  facet normal 0.613821 0.677203 0.405733
    outer loop
      vertex 10.9049 12.8311 4.83567
      vertex 13.435 13.435 0
      vertex 12.0535 14.6872 0
    endloop
  endfacet
  facet normal 0.734127 -0.544461 0.405733
    outer loop
      vertex 8.50311 -6.97833 18
      vertex 13.0758 -8.73694 7.36632
      vertex 9.14616 -6.11127 18
    endloop
  endfacet
  facet normal 0.734133 -0.544453 0.405734
    outer loop
      vertex 8.50311 -6.97833 18
      vertex 12.9533 -8.96982 7.27547
      vertex 13.0758 -8.73694 7.36632
    endloop
  endfacet
  facet normal 0.733992 -0.544659 0.405713
    outer loop
      vertex 12.9533 -8.96982 7.27547
      vertex 8.50311 -6.97833 18
      vertex 12.8773 -9.12351 7.20664
    endloop
  endfacet
  facet normal 0.734167 -0.544411 0.405729
    outer loop
      vertex 14.1617 -9.51449 4.35794
      vertex 15.7979 -10.5558 0
      vertex 14.1861 -9.47888 4.36157
    endloop
  endfacet
  facet normal 0.734132 -0.544458 0.405728
    outer loop
      vertex 15.7979 -10.5558 0
      vertex 14.1617 -9.51449 4.35794
      vertex 14.0343 -9.69093 4.35169
    endloop
  endfacet
  facet normal 0.826238 -0.390794 0.405722
    outer loop
      vertex 15.2755 -6.94521 4.95325
      vertex 17.5537 -7.27098 0
      vertex 15.3494 -6.68552 5.05289
    endloop
  endfacet
  facet normal 0.826194 -0.390902 0.405709
    outer loop
      vertex 15.1667 -7.29969 4.83327
      vertex 17.5537 -7.27098 0
      vertex 15.2755 -6.94521 4.95325
    endloop
  endfacet
  facet normal 0.826226 -0.390817 0.405725
    outer loop
      vertex 15.0467 -7.66627 4.72453
      vertex 17.5537 -7.27098 0
      vertex 15.1667 -7.29969 4.83327
    endloop
  endfacet
  facet normal 0.826305 -0.390584 0.405787
    outer loop
      vertex 14.9367 -7.98381 4.64288
      vertex 17.5537 -7.27098 0
      vertex 15.0467 -7.66627 4.72453
    endloop
  endfacet
  facet normal 0.826245 -0.390779 0.405723
    outer loop
      vertex 17.5537 -7.27098 0
      vertex 14.9367 -7.98381 4.64288
      vertex 16.7565 -8.95654 0
    endloop
  endfacet
  facet normal 0.826056 -0.391199 0.405702
    outer loop
      vertex 9.70113 -5.18536 18
      vertex 14.1617 -6.50837 7.64205
      vertex 14.2239 -6.38658 7.63284
    endloop
  endfacet
  facet normal 0.826265 -0.390727 0.405732
    outer loop
      vertex 9.70113 -5.18536 18
      vertex 14 -6.84206 7.65
      vertex 14.1617 -6.50837 7.64205
    endloop
  endfacet
  facet normal 0.826265 -0.390727 0.405732
    outer loop
      vertex 9.70113 -5.18536 18
      vertex 13.8383 -7.19226 7.64205
      vertex 14 -6.84206 7.65
    endloop
  endfacet
  facet normal 0.826128 -0.391015 0.405733
    outer loop
      vertex 13.8383 -7.19226 7.64205
      vertex 9.70113 -5.18536 18
      vertex 13.7653 -7.35772 7.63123
    endloop
  endfacet
  facet normal -0.22166 0.886708 0.405728
    outer loop
      vertex -3.19313 10.5263 18
      vertex -4.45938 15.1667 7.16673
      vertex -4.58453 15.1132 7.21528
    endloop
  endfacet
  facet normal -0.222289 0.886549 0.405733
    outer loop
      vertex -3.19313 10.5263 18
      vertex -4.24445 15.2755 7.04675
      vertex -4.45938 15.1667 7.16673
    endloop
  endfacet
  facet normal -0.221775 0.886675 0.405738
    outer loop
      vertex -3.19313 10.5263 18
      vertex -4.09698 15.3719 6.91669
      vertex -4.24445 15.2755 7.04675
    endloop
  endfacet
  facet normal -0.222567 0.886485 0.40572
    outer loop
      vertex -3.19313 10.5263 18
      vertex -4.01838 15.4552 6.7778
      vertex -4.09698 15.3719 6.91669
    endloop
  endfacet
  facet normal -0.220908 0.886877 0.40577
    outer loop
      vertex -3.19313 10.5263 18
      vertex -4.00942 15.5244 6.63143
      vertex -4.01838 15.4552 6.7778
    endloop
  endfacet
  facet normal -0.222031 0.886612 0.405734
    outer loop
      vertex -3.70672 18.6349 0
      vertex -4.00942 15.5244 6.63143
      vertex -3.19313 10.5263 18
    endloop
  endfacet
  facet normal -0.221479 0.886717 0.405809
    outer loop
      vertex -3.70672 18.6349 0
      vertex -4.07017 15.579 6.47897
      vertex -4.00942 15.5244 6.63143
    endloop
  endfacet
  facet normal -0.222352 0.886555 0.405683
    outer loop
      vertex -3.70672 18.6349 0
      vertex -4.20005 15.6183 6.3219
      vertex -4.07017 15.579 6.47897
    endloop
  endfacet
  facet normal -0.221914 0.886633 0.405755
    outer loop
      vertex -3.70672 18.6349 0
      vertex -4.39782 15.6421 6.16173
      vertex -4.20005 15.6183 6.3219
    endloop
  endfacet
  facet normal -0.222215 0.886584 0.405697
    outer loop
      vertex -3.70672 18.6349 0
      vertex -4.66157 15.65 6
      vertex -4.39782 15.6421 6.16173
    endloop
  endfacet
  facet normal -0.222356 0.886563 0.405664
    outer loop
      vertex -3.70672 18.6349 0
      vertex -4.74675 15.6479 5.9579
      vertex -4.66157 15.65 6
    endloop
  endfacet
  facet normal -0.222057 0.886605 0.405737
    outer loop
      vertex -4.74675 15.6479 5.9579
      vertex -3.70672 18.6349 0
      vertex -5.51541 18.1819 0
    endloop
  endfacet
  facet normal 0.134115 0.904099 0.405731
    outer loop
      vertex 1.86232 18.9085 0
      vertex 1.07819 10.947 18
      vertex 3.70672 18.6349 0
    endloop
  endfacet
  facet normal 0.904099 0.134115 0.405731
    outer loop
      vertex 18.6349 3.70672 0
      vertex 10.947 1.07819 18
      vertex 18.9085 1.86232 0
    endloop
  endfacet
  facet normal 0.308274 0.860434 0.405734
    outer loop
      vertex 5.87777 14.479 7.57895
      vertex 4.20952 10.1627 18
      vertex 5.98018 14.4374 7.58936
    endloop
  endfacet
  facet normal 0.307776 0.860615 0.405729
    outer loop
      vertex 5.56491 14.6136 7.53077
      vertex 4.20952 10.1627 18
      vertex 5.87777 14.479 7.57895
    endloop
  endfacet
  facet normal 0.307863 0.860585 0.405727
    outer loop
      vertex 4.20952 10.1627 18
      vertex 5.56491 14.6136 7.53077
      vertex 3.19313 10.5263 18
    endloop
  endfacet
  facet normal 0.307795 0.860613 0.405719
    outer loop
      vertex 6.25489 15.4552 5.22219
      vertex 7.27098 17.5537 0
      vertex 6.07223 15.4879 5.2914
    endloop
  endfacet
  facet normal 0.308148 0.860479 0.405734
    outer loop
      vertex 7.27098 17.5537 0
      vertex 6.25489 15.4552 5.22219
      vertex 6.39049 15.428 5.17689
    endloop
  endfacet
  facet normal -0.67783 0.613089 0.405794
    outer loop
      vertex -12.3579 10.5504 6.16173
      vertex -7.77817 7.77817 18
      vertex -12.3539 10.6096 6.07897
    endloop
  endfacet
  facet normal -0.677123 0.613921 0.405716
    outer loop
      vertex -12.3817 10.4183 6.3219
      vertex -7.77817 7.77817 18
      vertex -12.3579 10.5504 6.16173
    endloop
  endfacet
  facet normal -0.677262 0.613756 0.405733
    outer loop
      vertex -12.421 10.2711 6.47897
      vertex -7.77817 7.77817 18
      vertex -12.3817 10.4183 6.3219
    endloop
  endfacet
  facet normal -0.676958 0.61412 0.405689
    outer loop
      vertex -12.4416 10.2105 6.53633
      vertex -7.77817 7.77817 18
      vertex -12.421 10.2711 6.47897
    endloop
  endfacet
  facet normal -0.677221 0.613804 0.405729
    outer loop
      vertex -7.77817 7.77817 18
      vertex -12.4416 10.2105 6.53633
      vertex -8.50311 6.97833 18
    endloop
  endfacet
  facet normal -0.668469 0.623938 0.404784
    outer loop
      vertex -14.6872 12.0535 0
      vertex -12.8333 10.9041 4.83327
      vertex -12.8311 10.9049 4.83567
    endloop
  endfacet
  facet normal -0.677153 0.613883 0.405723
    outer loop
      vertex -14.6872 12.0535 0
      vertex -12.9533 10.8436 4.72453
      vertex -12.8333 10.9041 4.83327
    endloop
  endfacet
  facet normal -0.677305 0.613708 0.405734
    outer loop
      vertex -14.6872 12.0535 0
      vertex -13.0833 10.7639 4.62807
      vertex -12.9533 10.8436 4.72453
    endloop
  endfacet
  facet normal -0.677341 0.613667 0.405736
    outer loop
      vertex -13.0833 10.7639 4.62807
      vertex -14.6872 12.0535 0
      vertex -13.1008 10.7515 4.61761
    endloop
  endfacet
  facet normal -0.912891 -0.0448745 0.405729
    outer loop
      vertex -11 0 18
      vertex -19 0 0
      vertex -10.947 -1.07819 18
    endloop
  endfacet
  facet normal -0.307935 -0.860558 0.40573
    outer loop
      vertex -5.51541 -18.1819 0
      vertex -6.07223 -15.4879 5.2914
      vertex -7.27098 -17.5537 0
    endloop
  endfacet
  facet normal -0.30791 -0.860564 0.405736
    outer loop
      vertex -6.07223 -15.4879 5.2914
      vertex -5.51541 -18.1819 0
      vertex -5.86853 -15.5244 5.36857
    endloop
  endfacet
  facet normal -0.308024 -0.860534 0.405713
    outer loop
      vertex -5.86853 -15.5244 5.36857
      vertex -5.51541 -18.1819 0
      vertex -5.51518 -15.579 5.52103
    endloop
  endfacet
  facet normal -0.307802 -0.860599 0.405744
    outer loop
      vertex -5.51518 -15.579 5.52103
      vertex -5.51541 -18.1819 0
      vertex -5.19825 -15.6183 5.6781
    endloop
  endfacet
  facet normal -0.308038 -0.860524 0.405723
    outer loop
      vertex -5.19825 -15.6183 5.6781
      vertex -5.51541 -18.1819 0
      vertex -4.9208 -15.6421 5.83827
    endloop
  endfacet
  facet normal -0.307562 -0.860684 0.405744
    outer loop
      vertex -4.9208 -15.6421 5.83827
      vertex -5.51541 -18.1819 0
      vertex -4.74675 -15.6479 5.9579
    endloop
  endfacet
  facet normal -0.307941 -0.860554 0.405733
    outer loop
      vertex -5.52356 -14.6314 7.5244
      vertex -3.19313 -10.5263 18
      vertex -5.56491 -14.6136 7.53077
    endloop
  endfacet
  facet normal -0.307962 -0.860546 0.405734
    outer loop
      vertex -5.20568 -14.7778 7.45517
      vertex -3.19313 -10.5263 18
      vertex -5.52356 -14.6314 7.5244
    endloop
  endfacet
  facet normal -0.307945 -0.860552 0.405734
    outer loop
      vertex -4.92721 -14.9167 7.37192
      vertex -3.19313 -10.5263 18
      vertex -5.20568 -14.7778 7.45517
    endloop
  endfacet
  facet normal -0.307747 -0.860624 0.405731
    outer loop
      vertex -4.69082 -15.0467 7.27547
      vertex -3.19313 -10.5263 18
      vertex -4.92721 -14.9167 7.37192
    endloop
  endfacet
  facet normal -0.308522 -0.86035 0.405724
    outer loop
      vertex -3.19313 -10.5263 18
      vertex -4.69082 -15.0467 7.27547
      vertex -4.58453 -15.1132 7.21528
    endloop
  endfacet
  facet normal 0.544461 0.734127 0.405733
    outer loop
      vertex 6.97833 8.50311 18
      vertex 8.73694 13.0758 7.36632
      vertex 6.11127 9.14616 18
    endloop
  endfacet
  facet normal 0.544453 0.734133 0.405734
    outer loop
      vertex 6.97833 8.50311 18
      vertex 8.96982 12.9533 7.27547
      vertex 8.73694 13.0758 7.36632
    endloop
  endfacet
  facet normal 0.544659 0.733992 0.405713
    outer loop
      vertex 8.96982 12.9533 7.27547
      vertex 6.97833 8.50311 18
      vertex 9.12351 12.8773 7.20664
    endloop
  endfacet
  facet normal 0.544411 0.734167 0.405729
    outer loop
      vertex 9.51449 14.1617 4.35794
      vertex 10.5558 15.7979 0
      vertex 9.47888 14.1861 4.36157
    endloop
  endfacet
  facet normal 0.544458 0.734132 0.405728
    outer loop
      vertex 10.5558 15.7979 0
      vertex 9.51449 14.1617 4.35794
      vertex 9.69093 14.0343 4.35169
    endloop
  endfacet
  facet normal 0.860564 0.30791 0.405736
    outer loop
      vertex 18.1819 5.51541 0
      vertex 15.4879 6.07223 5.2914
      vertex 15.5244 5.86853 5.36857
    endloop
  endfacet
  facet normal 0.860558 0.307935 0.40573
    outer loop
      vertex 15.4879 6.07223 5.2914
      vertex 18.1819 5.51541 0
      vertex 17.5537 7.27098 0
    endloop
  endfacet
  facet normal 0.860534 0.308024 0.405713
    outer loop
      vertex 15.579 5.51518 5.52103
      vertex 18.1819 5.51541 0
      vertex 15.5244 5.86853 5.36857
    endloop
  endfacet
  facet normal 0.860599 0.307802 0.405744
    outer loop
      vertex 15.6183 5.19825 5.6781
      vertex 18.1819 5.51541 0
      vertex 15.579 5.51518 5.52103
    endloop
  endfacet
  facet normal 0.860524 0.308038 0.405723
    outer loop
      vertex 15.6421 4.9208 5.83827
      vertex 18.1819 5.51541 0
      vertex 15.6183 5.19825 5.6781
    endloop
  endfacet
  facet normal 0.860684 0.307562 0.405744
    outer loop
      vertex 18.1819 5.51541 0
      vertex 15.6421 4.9208 5.83827
      vertex 15.6479 4.74675 5.9579
    endloop
  endfacet
  facet normal 0.86035 0.308522 0.405724
    outer loop
      vertex 15.0467 4.69082 7.27547
      vertex 10.5263 3.19313 18
      vertex 15.1132 4.58453 7.21528
    endloop
  endfacet
  facet normal 0.860624 0.307747 0.405731
    outer loop
      vertex 14.9167 4.92721 7.37192
      vertex 10.5263 3.19313 18
      vertex 15.0467 4.69082 7.27547
    endloop
  endfacet
  facet normal 0.860552 0.307945 0.405734
    outer loop
      vertex 14.7778 5.20568 7.45517
      vertex 10.5263 3.19313 18
      vertex 14.9167 4.92721 7.37192
    endloop
  endfacet
  facet normal 0.860546 0.307962 0.405734
    outer loop
      vertex 14.6314 5.52356 7.5244
      vertex 10.5263 3.19313 18
      vertex 14.7778 5.20568 7.45517
    endloop
  endfacet
  facet normal 0.860554 0.307941 0.405733
    outer loop
      vertex 10.5263 3.19313 18
      vertex 14.6314 5.52356 7.5244
      vertex 14.6136 5.56491 7.53077
    endloop
  endfacet
  facet normal -0.734352 -0.544143 0.405754
    outer loop
      vertex -15.7979 -10.5558 0
      vertex -14 -9.73848 4.35
      vertex -14.0343 -9.69093 4.35169
    endloop
  endfacet
  facet normal -0.734163 -0.544417 0.405727
    outer loop
      vertex -15.7979 -10.5558 0
      vertex -13.8383 -9.95062 4.35794
      vertex -14 -9.73848 4.35
    endloop
  endfacet
  facet normal -0.734107 -0.544503 0.405714
    outer loop
      vertex -15.7979 -10.5558 0
      vertex -13.6781 -10.1489 4.3817
      vertex -13.8383 -9.95062 4.35794
    endloop
  endfacet
  facet normal -0.734001 -0.544672 0.405679
    outer loop
      vertex -15.7979 -10.5558 0
      vertex -13.521 -10.3313 4.42105
      vertex -13.6781 -10.1489 4.3817
    endloop
  endfacet
  facet normal -0.734344 -0.544099 0.405826
    outer loop
      vertex -15.7979 -10.5558 0
      vertex -13.3686 -10.4963 4.4756
      vertex -13.521 -10.3313 4.42105
    endloop
  endfacet
  facet normal -0.734145 -0.544445 0.405723
    outer loop
      vertex -14.6872 -12.0535 0
      vertex -13.3686 -10.4963 4.4756
      vertex -15.7979 -10.5558 0
    endloop
  endfacet
  facet normal -0.733952 -0.544685 0.40575
    outer loop
      vertex -13.3686 -10.4963 4.4756
      vertex -14.6872 -12.0535 0
      vertex -13.2222 -10.642 4.54483
    endloop
  endfacet
  facet normal -0.734219 -0.54434 0.405729
    outer loop
      vertex -13.2222 -10.642 4.54483
      vertex -14.6872 -12.0535 0
      vertex -13.1008 -10.7515 4.61761
    endloop
  endfacet
  facet normal -0.734287 -0.544233 0.405749
    outer loop
      vertex -12.8333 -9.21263 7.16673
      vertex -8.50311 -6.97833 18
      vertex -12.8773 -9.12351 7.20664
    endloop
  endfacet
  facet normal -0.734033 -0.544597 0.405722
    outer loop
      vertex -12.7245 -9.44866 7.04675
      vertex -8.50311 -6.97833 18
      vertex -12.8333 -9.21263 7.16673
    endloop
  endfacet
  facet normal -0.734218 -0.544338 0.405735
    outer loop
      vertex -12.6281 -9.67563 6.91669
      vertex -8.50311 -6.97833 18
      vertex -12.7245 -9.44866 7.04675
    endloop
  endfacet
  facet normal -0.734017 -0.544614 0.405727
    outer loop
      vertex -12.5448 -9.89137 6.7778
      vertex -8.50311 -6.97833 18
      vertex -12.6281 -9.67563 6.91669
    endloop
  endfacet
  facet normal -0.734208 -0.544355 0.405729
    outer loop
      vertex -12.4756 -10.0938 6.63143
      vertex -8.50311 -6.97833 18
      vertex -12.5448 -9.89137 6.7778
    endloop
  endfacet
  facet normal -0.734093 -0.544509 0.405731
    outer loop
      vertex -8.50311 -6.97833 18
      vertex -12.4756 -10.0938 6.63143
      vertex -12.4416 -10.2105 6.53633
    endloop
  endfacet
  facet normal -0.390727 -0.826265 0.405732
    outer loop
      vertex -5.18536 -9.70113 18
      vertex -7.19226 -13.8383 7.64205
      vertex -6.84206 -14 7.65
    endloop
  endfacet
  facet normal -0.391015 -0.826128 0.405733
    outer loop
      vertex -7.19226 -13.8383 7.64205
      vertex -5.18536 -9.70113 18
      vertex -7.35772 -13.7653 7.63123
    endloop
  endfacet
  facet normal -0.390727 -0.826265 0.405732
    outer loop
      vertex -6.50837 -14.1617 7.64205
      vertex -5.18536 -9.70113 18
      vertex -6.84206 -14 7.65
    endloop
  endfacet
  facet normal -0.391199 -0.826056 0.405702
    outer loop
      vertex -5.18536 -9.70113 18
      vertex -6.50837 -14.1617 7.64205
      vertex -6.38658 -14.2239 7.63284
    endloop
  endfacet
  facet normal -0.390779 -0.826245 0.405723
    outer loop
      vertex -7.27098 -17.5537 0
      vertex -7.98381 -14.9367 4.64288
      vertex -8.95654 -16.7565 0
    endloop
  endfacet
  facet normal -0.390584 -0.826305 0.405787
    outer loop
      vertex -7.98381 -14.9367 4.64288
      vertex -7.27098 -17.5537 0
      vertex -7.66627 -15.0467 4.72453
    endloop
  endfacet
  facet normal -0.390817 -0.826226 0.405725
    outer loop
      vertex -7.66627 -15.0467 4.72453
      vertex -7.27098 -17.5537 0
      vertex -7.29969 -15.1667 4.83327
    endloop
  endfacet
  facet normal -0.390902 -0.826194 0.405709
    outer loop
      vertex -7.29969 -15.1667 4.83327
      vertex -7.27098 -17.5537 0
      vertex -6.94521 -15.2755 4.95325
    endloop
  endfacet
  facet normal -0.390794 -0.826238 0.405722
    outer loop
      vertex -6.94521 -15.2755 4.95325
      vertex -7.27098 -17.5537 0
      vertex -6.68552 -15.3494 5.05289
    endloop
  endfacet
  facet normal -0.886605 0.222057 0.405737
    outer loop
      vertex -18.6349 3.70672 0
      vertex -15.6479 4.74675 5.9579
      vertex -18.1819 5.51541 0
    endloop
  endfacet
  facet normal -0.886563 0.222356 0.405664
    outer loop
      vertex -15.6479 4.74675 5.9579
      vertex -18.6349 3.70672 0
      vertex -15.65 4.66157 6
    endloop
  endfacet
  facet normal -0.886584 0.222215 0.405697
    outer loop
      vertex -15.65 4.66157 6
      vertex -18.6349 3.70672 0
      vertex -15.6421 4.39782 6.16173
    endloop
  endfacet
  facet normal -0.886633 0.221914 0.405755
    outer loop
      vertex -15.6421 4.39782 6.16173
      vertex -18.6349 3.70672 0
      vertex -15.6183 4.20005 6.3219
    endloop
  endfacet
  facet normal -0.886555 0.222352 0.405683
    outer loop
      vertex -15.6183 4.20005 6.3219
      vertex -18.6349 3.70672 0
      vertex -15.579 4.07017 6.47897
    endloop
  endfacet
  facet normal -0.886717 0.221479 0.405809
    outer loop
      vertex -15.579 4.07017 6.47897
      vertex -18.6349 3.70672 0
      vertex -15.5244 4.00942 6.63143
    endloop
  endfacet
  facet normal -0.886708 0.22166 0.405728
    outer loop
      vertex -15.1667 4.45938 7.16673
      vertex -10.5263 3.19313 18
      vertex -15.1132 4.58453 7.21528
    endloop
  endfacet
  facet normal -0.886549 0.222289 0.405733
    outer loop
      vertex -15.2755 4.24445 7.04675
      vertex -10.5263 3.19313 18
      vertex -15.1667 4.45938 7.16673
    endloop
  endfacet
  facet normal -0.886675 0.221775 0.405738
    outer loop
      vertex -15.3719 4.09698 6.91669
      vertex -10.5263 3.19313 18
      vertex -15.2755 4.24445 7.04675
    endloop
  endfacet
  facet normal -0.886485 0.222567 0.40572
    outer loop
      vertex -15.4552 4.01838 6.7778
      vertex -10.5263 3.19313 18
      vertex -15.3719 4.09698 6.91669
    endloop
  endfacet
  facet normal -0.886877 0.220908 0.40577
    outer loop
      vertex -15.5244 4.00942 6.63143
      vertex -10.5263 3.19313 18
      vertex -15.4552 4.01838 6.7778
    endloop
  endfacet
  facet normal -0.886612 0.222031 0.405734
    outer loop
      vertex -10.5263 3.19313 18
      vertex -15.5244 4.00942 6.63143
      vertex -18.6349 3.70672 0
    endloop
  endfacet
  facet normal -0.912891 -0.0448524 0.405731
    outer loop
      vertex -10.947 -1.07819 18
      vertex -19 0 0
      vertex -18.9085 -1.86232 0
    endloop
  endfacet
  facet normal 0.860684 -0.307562 0.405744
    outer loop
      vertex 15.6421 -4.9208 5.83827
      vertex 18.1819 -5.51541 0
      vertex 15.6479 -4.74675 5.9579
    endloop
  endfacet
  facet normal 0.860524 -0.308038 0.405723
    outer loop
      vertex 15.6183 -5.19825 5.6781
      vertex 18.1819 -5.51541 0
      vertex 15.6421 -4.9208 5.83827
    endloop
  endfacet
  facet normal 0.860599 -0.307802 0.405744
    outer loop
      vertex 15.579 -5.51518 5.52103
      vertex 18.1819 -5.51541 0
      vertex 15.6183 -5.19825 5.6781
    endloop
  endfacet
  facet normal 0.860534 -0.308024 0.405713
    outer loop
      vertex 15.5244 -5.86853 5.36857
      vertex 18.1819 -5.51541 0
      vertex 15.579 -5.51518 5.52103
    endloop
  endfacet
  facet normal 0.860564 -0.30791 0.405736
    outer loop
      vertex 15.4879 -6.07223 5.2914
      vertex 18.1819 -5.51541 0
      vertex 15.5244 -5.86853 5.36857
    endloop
  endfacet
  facet normal 0.860558 -0.307935 0.40573
    outer loop
      vertex 18.1819 -5.51541 0
      vertex 15.4879 -6.07223 5.2914
      vertex 17.5537 -7.27098 0
    endloop
  endfacet
  facet normal 0.86035 -0.308522 0.405724
    outer loop
      vertex 10.5263 -3.19313 18
      vertex 15.0467 -4.69082 7.27547
      vertex 15.1132 -4.58453 7.21528
    endloop
  endfacet
  facet normal 0.860624 -0.307747 0.405731
    outer loop
      vertex 10.5263 -3.19313 18
      vertex 14.9167 -4.92721 7.37192
      vertex 15.0467 -4.69082 7.27547
    endloop
  endfacet
  facet normal 0.860552 -0.307945 0.405734
    outer loop
      vertex 10.5263 -3.19313 18
      vertex 14.7778 -5.20568 7.45517
      vertex 14.9167 -4.92721 7.37192
    endloop
  endfacet
  facet normal 0.860546 -0.307962 0.405734
    outer loop
      vertex 10.5263 -3.19313 18
      vertex 14.6314 -5.52356 7.5244
      vertex 14.7778 -5.20568 7.45517
    endloop
  endfacet
  facet normal 0.860554 -0.307941 0.405733
    outer loop
      vertex 14.6314 -5.52356 7.5244
      vertex 10.5263 -3.19313 18
      vertex 14.6136 -5.56491 7.53077
    endloop
  endfacet
  facet normal -0.613804 0.677221 0.405729
    outer loop
      vertex -10.2105 12.4416 6.53633
      vertex -7.77817 7.77817 18
      vertex -6.97833 8.50311 18
    endloop
  endfacet
  facet normal -0.61412 0.676958 0.405689
    outer loop
      vertex -10.2711 12.421 6.47897
      vertex -7.77817 7.77817 18
      vertex -10.2105 12.4416 6.53633
    endloop
  endfacet
  facet normal -0.613756 0.677262 0.405733
    outer loop
      vertex -10.4183 12.3817 6.3219
      vertex -7.77817 7.77817 18
      vertex -10.2711 12.421 6.47897
    endloop
  endfacet
  facet normal -0.613921 0.677123 0.405716
    outer loop
      vertex -10.5504 12.3579 6.16173
      vertex -7.77817 7.77817 18
      vertex -10.4183 12.3817 6.3219
    endloop
  endfacet
  facet normal -0.613089 0.67783 0.405794
    outer loop
      vertex -7.77817 7.77817 18
      vertex -10.5504 12.3579 6.16173
      vertex -10.6096 12.3539 6.07897
    endloop
  endfacet
  facet normal -0.623938 0.668469 0.404784
    outer loop
      vertex -10.9041 12.8333 4.83327
      vertex -12.0535 14.6872 0
      vertex -10.9049 12.8311 4.83567
    endloop
  endfacet
  facet normal -0.613883 0.677153 0.405723
    outer loop
      vertex -10.8436 12.9533 4.72453
      vertex -12.0535 14.6872 0
      vertex -10.9041 12.8333 4.83327
    endloop
  endfacet
  facet normal -0.613708 0.677305 0.405734
    outer loop
      vertex -10.7639 13.0833 4.62807
      vertex -12.0535 14.6872 0
      vertex -10.8436 12.9533 4.72453
    endloop
  endfacet
  facet normal -0.613667 0.677341 0.405736
    outer loop
      vertex -12.0535 14.6872 0
      vertex -10.7639 13.0833 4.62807
      vertex -10.7515 13.1008 4.61761
    endloop
  endfacet
  facet normal 0.783957 -0.469887 0.405731
    outer loop
      vertex 9.14616 -6.11127 18
      vertex 13.2658 -8.32536 7.47579
      vertex 9.70113 -5.18536 18
    endloop
  endfacet
  facet normal 0.783965 -0.469874 0.405731
    outer loop
      vertex 9.14616 -6.11127 18
      vertex 13.2222 -8.41591 7.45517
      vertex 13.2658 -8.32536 7.47579
    endloop
  endfacet
  facet normal 0.783933 -0.469928 0.40573
    outer loop
      vertex 9.14616 -6.11127 18
      vertex 13.0833 -8.7195 7.37192
      vertex 13.2222 -8.41591 7.45517
    endloop
  endfacet
  facet normal 0.785154 -0.46792 0.40569
    outer loop
      vertex 13.0833 -8.7195 7.37192
      vertex 9.14616 -6.11127 18
      vertex 13.0758 -8.73694 7.36632
    endloop
  endfacet
  facet normal 0.783875 -0.470023 0.405732
    outer loop
      vertex 14.3142 -9.24885 4.38056
      vertex 14.1861 -9.47888 4.36157
      vertex 15.7979 -10.5558 0
    endloop
  endfacet
  facet normal -0.783957 -0.469887 0.405731
    outer loop
      vertex -13.2658 -8.32536 7.47579
      vertex -9.14616 -6.11127 18
      vertex -9.70113 -5.18536 18
    endloop
  endfacet
  facet normal -0.783965 -0.469874 0.405731
    outer loop
      vertex -13.2222 -8.41591 7.45517
      vertex -9.14616 -6.11127 18
      vertex -13.2658 -8.32536 7.47579
    endloop
  endfacet
  facet normal -0.783933 -0.469928 0.40573
    outer loop
      vertex -13.0833 -8.7195 7.37192
      vertex -9.14616 -6.11127 18
      vertex -13.2222 -8.41591 7.45517
    endloop
  endfacet
  facet normal -0.785154 -0.46792 0.40569
    outer loop
      vertex -9.14616 -6.11127 18
      vertex -13.0833 -8.7195 7.37192
      vertex -13.0758 -8.73694 7.36632
    endloop
  endfacet
  facet normal -0.783875 -0.470023 0.405732
    outer loop
      vertex -14.3142 -9.24885 4.38056
      vertex -15.7979 -10.5558 0
      vertex -14.1861 -9.47888 4.36157
    endloop
  endfacet
  facet normal -0.61383 -0.677198 0.405728
    outer loop
      vertex -7.77817 -7.77817 18
      vertex -10.6661 -12.35 6
      vertex -10.6096 -12.3539 6.07897
    endloop
  endfacet
  facet normal -0.614322 -0.676777 0.405686
    outer loop
      vertex -7.77817 -7.77817 18
      vertex -10.7642 -12.3579 5.83827
      vertex -10.6661 -12.35 6
    endloop
  endfacet
  facet normal -0.613067 -0.677856 0.405784
    outer loop
      vertex -7.77817 -7.77817 18
      vertex -10.8439 -12.3817 5.6781
      vertex -10.7642 -12.3579 5.83827
    endloop
  endfacet
  facet normal -0.614841 -0.676325 0.405653
    outer loop
      vertex -7.77817 -7.77817 18
      vertex -10.9043 -12.421 5.52103
      vertex -10.8439 -12.3817 5.6781
    endloop
  endfacet
  facet normal -0.613792 -0.677233 0.405728
    outer loop
      vertex -13.435 -13.435 0
      vertex -10.9043 -12.421 5.52103
      vertex -7.77817 -7.77817 18
    endloop
  endfacet
  facet normal -0.614478 -0.676502 0.405909
    outer loop
      vertex -10.9043 -12.421 5.52103
      vertex -13.435 -13.435 0
      vertex -10.9449 -12.4756 5.36857
    endloop
  endfacet
  facet normal -0.613756 -0.677275 0.405712
    outer loop
      vertex -13.435 -13.435 0
      vertex -10.9653 -12.5448 5.22219
      vertex -10.9449 -12.4756 5.36857
    endloop
  endfacet
  facet normal -0.613836 -0.677189 0.405735
    outer loop
      vertex -13.435 -13.435 0
      vertex -10.9652 -12.6281 5.08331
      vertex -10.9653 -12.5448 5.22219
    endloop
  endfacet
  facet normal -0.613769 -0.677262 0.405714
    outer loop
      vertex -13.435 -13.435 0
      vertex -10.9448 -12.7245 4.95325
      vertex -10.9652 -12.6281 5.08331
    endloop
  endfacet
  facet normal -0.613784 -0.677246 0.405719
    outer loop
      vertex -13.435 -13.435 0
      vertex -10.9049 -12.8311 4.83567
      vertex -10.9448 -12.7245 4.95325
    endloop
  endfacet
  facet normal -0.613821 -0.677203 0.405733
    outer loop
      vertex -10.9049 -12.8311 4.83567
      vertex -13.435 -13.435 0
      vertex -12.0535 -14.6872 0
    endloop
  endfacet
  facet normal 0.886612 0.222031 0.405734
    outer loop
      vertex 15.5244 4.00942 6.63143
      vertex 10.5263 3.19313 18
      vertex 18.6349 3.70672 0
    endloop
  endfacet
  facet normal 0.886877 0.220908 0.40577
    outer loop
      vertex 15.4552 4.01838 6.7778
      vertex 10.5263 3.19313 18
      vertex 15.5244 4.00942 6.63143
    endloop
  endfacet
  facet normal 0.886485 0.222567 0.40572
    outer loop
      vertex 15.3719 4.09698 6.91669
      vertex 10.5263 3.19313 18
      vertex 15.4552 4.01838 6.7778
    endloop
  endfacet
  facet normal 0.886675 0.221775 0.405738
    outer loop
      vertex 15.2755 4.24445 7.04675
      vertex 10.5263 3.19313 18
      vertex 15.3719 4.09698 6.91669
    endloop
  endfacet
  facet normal 0.886549 0.222289 0.405733
    outer loop
      vertex 15.1667 4.45938 7.16673
      vertex 10.5263 3.19313 18
      vertex 15.2755 4.24445 7.04675
    endloop
  endfacet
  facet normal 0.886708 0.22166 0.405728
    outer loop
      vertex 10.5263 3.19313 18
      vertex 15.1667 4.45938 7.16673
      vertex 15.1132 4.58453 7.21528
    endloop
  endfacet
  facet normal 0.886563 0.222356 0.405664
    outer loop
      vertex 18.6349 3.70672 0
      vertex 15.6479 4.74675 5.9579
      vertex 15.65 4.66157 6
    endloop
  endfacet
  facet normal 0.886584 0.222215 0.405697
    outer loop
      vertex 18.6349 3.70672 0
      vertex 15.65 4.66157 6
      vertex 15.6421 4.39782 6.16173
    endloop
  endfacet
  facet normal 0.886633 0.221914 0.405755
    outer loop
      vertex 18.6349 3.70672 0
      vertex 15.6421 4.39782 6.16173
      vertex 15.6183 4.20005 6.3219
    endloop
  endfacet
  facet normal 0.886555 0.222352 0.405683
    outer loop
      vertex 18.6349 3.70672 0
      vertex 15.6183 4.20005 6.3219
      vertex 15.579 4.07017 6.47897
    endloop
  endfacet
  facet normal 0.886717 0.221479 0.405809
    outer loop
      vertex 18.6349 3.70672 0
      vertex 15.579 4.07017 6.47897
      vertex 15.5244 4.00942 6.63143
    endloop
  endfacet
  facet normal 0.886605 0.222057 0.405737
    outer loop
      vertex 15.6479 4.74675 5.9579
      vertex 18.6349 3.70672 0
      vertex 18.1819 5.51541 0
    endloop
  endfacet
  facet normal -0.783952 0.469903 0.405722
    outer loop
      vertex -16.7565 8.95654 0
      vertex -14.3142 9.24885 4.38056
      vertex -15.7979 10.5558 0
    endloop
  endfacet
  facet normal -0.784298 0.469113 0.405968
    outer loop
      vertex -14.3142 9.24885 4.38056
      vertex -16.7565 8.95654 0
      vertex -14.3219 9.23499 4.3817
    endloop
  endfacet
  facet normal -0.783929 0.469952 0.405709
    outer loop
      vertex -16.7565 8.95654 0
      vertex -14.479 8.93896 4.42105
      vertex -14.3219 9.23499 4.3817
    endloop
  endfacet
  facet normal -0.784015 0.469772 0.405752
    outer loop
      vertex -16.7565 8.95654 0
      vertex -14.6314 8.6375 4.4756
      vertex -14.479 8.93896 4.42105
    endloop
  endfacet
  facet normal -0.783937 0.469924 0.405726
    outer loop
      vertex -16.7565 8.95654 0
      vertex -14.7778 8.3335 4.54483
      vertex -14.6314 8.6375 4.4756
    endloop
  endfacet
  facet normal -0.783948 0.469905 0.405728
    outer loop
      vertex -16.7565 8.95654 0
      vertex -14.9167 8.0299 4.62807
      vertex -14.7778 8.3335 4.54483
    endloop
  endfacet
  facet normal -0.783648 0.470418 0.405712
    outer loop
      vertex -14.9167 8.0299 4.62807
      vertex -16.7565 8.95654 0
      vertex -14.9367 7.98381 4.64288
    endloop
  endfacet
  facet normal -0.78392 0.469945 0.405735
    outer loop
      vertex -13.3686 8.11191 7.5244
      vertex -9.70113 5.18536 18
      vertex -13.2658 8.32536 7.47579
    endloop
  endfacet
  facet normal -0.784028 0.469774 0.405725
    outer loop
      vertex -13.521 7.81045 7.57895
      vertex -9.70113 5.18536 18
      vertex -13.3686 8.11191 7.5244
    endloop
  endfacet
  facet normal -0.78392 0.46995 0.40573
    outer loop
      vertex -13.6781 7.51442 7.6183
      vertex -9.70113 5.18536 18
      vertex -13.521 7.81045 7.57895
    endloop
  endfacet
  facet normal -0.784026 0.469772 0.405731
    outer loop
      vertex -9.70113 5.18536 18
      vertex -13.6781 7.51442 7.6183
      vertex -13.7653 7.35772 7.63123
    endloop
  endfacet
  facet normal 0.677189 0.613836 0.405735
    outer loop
      vertex 12.6281 10.9652 5.08331
      vertex 13.435 13.435 0
      vertex 12.5448 10.9653 5.22219
    endloop
  endfacet
  facet normal 0.677275 0.613756 0.405712
    outer loop
      vertex 13.435 13.435 0
      vertex 12.4756 10.9449 5.36857
      vertex 12.5448 10.9653 5.22219
    endloop
  endfacet
  facet normal 0.676502 0.614478 0.405909
    outer loop
      vertex 13.435 13.435 0
      vertex 12.421 10.9043 5.52103
      vertex 12.4756 10.9449 5.36857
    endloop
  endfacet
  facet normal 0.679078 0.612054 0.40527
    outer loop
      vertex 13.435 13.435 0
      vertex 12.3817 10.8439 5.6781
      vertex 12.421 10.9043 5.52103
    endloop
  endfacet
  facet normal 0.677198 0.61383 0.405728
    outer loop
      vertex 12.35 10.6661 6
      vertex 7.77817 7.77817 18
      vertex 12.3539 10.6096 6.07897
    endloop
  endfacet
  facet normal 0.676777 0.614322 0.405686
    outer loop
      vertex 12.3579 10.7642 5.83827
      vertex 7.77817 7.77817 18
      vertex 12.35 10.6661 6
    endloop
  endfacet
  facet normal 0.677856 0.613067 0.405784
    outer loop
      vertex 12.3817 10.8439 5.6781
      vertex 7.77817 7.77817 18
      vertex 12.3579 10.7642 5.83827
    endloop
  endfacet
  facet normal 0.677208 0.613819 0.405729
    outer loop
      vertex 7.77817 7.77817 18
      vertex 12.3817 10.8439 5.6781
      vertex 13.435 13.435 0
    endloop
  endfacet
  facet normal 0.677262 0.613769 0.405714
    outer loop
      vertex 12.7245 10.9448 4.95325
      vertex 13.435 13.435 0
      vertex 12.6281 10.9652 5.08331
    endloop
  endfacet
  facet normal 0.677246 0.613784 0.405719
    outer loop
      vertex 12.8311 10.9049 4.83567
      vertex 13.435 13.435 0
      vertex 12.7245 10.9448 4.95325
    endloop
  endfacet
  facet normal 0.677203 0.613821 0.405733
    outer loop
      vertex 13.435 13.435 0
      vertex 12.8311 10.9049 4.83567
      vertex 14.6872 12.0535 0
    endloop
  endfacet
  facet normal 0.677221 -0.613804 0.405729
    outer loop
      vertex 7.77817 -7.77817 18
      vertex 12.4416 -10.2105 6.53633
      vertex 8.50311 -6.97833 18
    endloop
  endfacet
  facet normal 0.676958 -0.61412 0.405689
    outer loop
      vertex 7.77817 -7.77817 18
      vertex 12.421 -10.2711 6.47897
      vertex 12.4416 -10.2105 6.53633
    endloop
  endfacet
  facet normal 0.677262 -0.613756 0.405733
    outer loop
      vertex 7.77817 -7.77817 18
      vertex 12.3817 -10.4183 6.3219
      vertex 12.421 -10.2711 6.47897
    endloop
  endfacet
  facet normal 0.677123 -0.613921 0.405716
    outer loop
      vertex 7.77817 -7.77817 18
      vertex 12.3579 -10.5504 6.16173
      vertex 12.3817 -10.4183 6.3219
    endloop
  endfacet
  facet normal 0.67783 -0.613089 0.405794
    outer loop
      vertex 12.3579 -10.5504 6.16173
      vertex 7.77817 -7.77817 18
      vertex 12.3539 -10.6096 6.07897
    endloop
  endfacet
  facet normal 0.677341 -0.613667 0.405736
    outer loop
      vertex 13.0833 -10.7639 4.62807
      vertex 14.6872 -12.0535 0
      vertex 13.1008 -10.7515 4.61761
    endloop
  endfacet
  facet normal 0.677305 -0.613708 0.405734
    outer loop
      vertex 12.9533 -10.8436 4.72453
      vertex 14.6872 -12.0535 0
      vertex 13.0833 -10.7639 4.62807
    endloop
  endfacet
  facet normal 0.677153 -0.613883 0.405723
    outer loop
      vertex 12.8333 -10.9041 4.83327
      vertex 14.6872 -12.0535 0
      vertex 12.9533 -10.8436 4.72453
    endloop
  endfacet
  facet normal 0.668469 -0.623938 0.404784
    outer loop
      vertex 14.6872 -12.0535 0
      vertex 12.8333 -10.9041 4.83327
      vertex 12.8311 -10.9049 4.83567
    endloop
  endfacet
  facet normal 0.22166 -0.886708 0.405728
    outer loop
      vertex 3.19313 -10.5263 18
      vertex 4.45938 -15.1667 7.16673
      vertex 4.58453 -15.1132 7.21528
    endloop
  endfacet
  facet normal 0.222289 -0.886549 0.405733
    outer loop
      vertex 3.19313 -10.5263 18
      vertex 4.24445 -15.2755 7.04675
      vertex 4.45938 -15.1667 7.16673
    endloop
  endfacet
  facet normal 0.221775 -0.886675 0.405738
    outer loop
      vertex 3.19313 -10.5263 18
      vertex 4.09698 -15.3719 6.91669
      vertex 4.24445 -15.2755 7.04675
    endloop
  endfacet
  facet normal 0.222567 -0.886485 0.40572
    outer loop
      vertex 3.19313 -10.5263 18
      vertex 4.01838 -15.4552 6.7778
      vertex 4.09698 -15.3719 6.91669
    endloop
  endfacet
  facet normal 0.220908 -0.886877 0.40577
    outer loop
      vertex 3.19313 -10.5263 18
      vertex 4.00942 -15.5244 6.63143
      vertex 4.01838 -15.4552 6.7778
    endloop
  endfacet
  facet normal 0.222031 -0.886612 0.405734
    outer loop
      vertex 3.70672 -18.6349 0
      vertex 4.00942 -15.5244 6.63143
      vertex 3.19313 -10.5263 18
    endloop
  endfacet
  facet normal 0.221479 -0.886717 0.405809
    outer loop
      vertex 3.70672 -18.6349 0
      vertex 4.07017 -15.579 6.47897
      vertex 4.00942 -15.5244 6.63143
    endloop
  endfacet
  facet normal 0.222352 -0.886555 0.405683
    outer loop
      vertex 3.70672 -18.6349 0
      vertex 4.20005 -15.6183 6.3219
      vertex 4.07017 -15.579 6.47897
    endloop
  endfacet
  facet normal 0.221914 -0.886633 0.405755
    outer loop
      vertex 3.70672 -18.6349 0
      vertex 4.39782 -15.6421 6.16173
      vertex 4.20005 -15.6183 6.3219
    endloop
  endfacet
  facet normal 0.222215 -0.886584 0.405697
    outer loop
      vertex 3.70672 -18.6349 0
      vertex 4.66157 -15.65 6
      vertex 4.39782 -15.6421 6.16173
    endloop
  endfacet
  facet normal 0.222356 -0.886563 0.405664
    outer loop
      vertex 3.70672 -18.6349 0
      vertex 4.74675 -15.6479 5.9579
      vertex 4.66157 -15.65 6
    endloop
  endfacet
  facet normal 0.222057 -0.886605 0.405737
    outer loop
      vertex 4.74675 -15.6479 5.9579
      vertex 3.70672 -18.6349 0
      vertex 5.51541 -18.1819 0
    endloop
  endfacet
  facet normal 0.783648 -0.470418 0.405712
    outer loop
      vertex 14.9167 -8.0299 4.62807
      vertex 16.7565 -8.95654 0
      vertex 14.9367 -7.98381 4.64288
    endloop
  endfacet
  facet normal 0.783948 -0.469905 0.405728
    outer loop
      vertex 14.7778 -8.3335 4.54483
      vertex 16.7565 -8.95654 0
      vertex 14.9167 -8.0299 4.62807
    endloop
  endfacet
  facet normal 0.783937 -0.469924 0.405726
    outer loop
      vertex 14.6314 -8.6375 4.4756
      vertex 16.7565 -8.95654 0
      vertex 14.7778 -8.3335 4.54483
    endloop
  endfacet
  facet normal 0.784015 -0.469772 0.405752
    outer loop
      vertex 14.479 -8.93896 4.42105
      vertex 16.7565 -8.95654 0
      vertex 14.6314 -8.6375 4.4756
    endloop
  endfacet
  facet normal 0.783929 -0.469952 0.405709
    outer loop
      vertex 14.3219 -9.23499 4.3817
      vertex 16.7565 -8.95654 0
      vertex 14.479 -8.93896 4.42105
    endloop
  endfacet
  facet normal 0.784298 -0.469113 0.405968
    outer loop
      vertex 14.3142 -9.24885 4.38056
      vertex 16.7565 -8.95654 0
      vertex 14.3219 -9.23499 4.3817
    endloop
  endfacet
  facet normal 0.783952 -0.469903 0.405722
    outer loop
      vertex 16.7565 -8.95654 0
      vertex 14.3142 -9.24885 4.38056
      vertex 15.7979 -10.5558 0
    endloop
  endfacet
  facet normal 0.784026 -0.469772 0.405731
    outer loop
      vertex 9.70113 -5.18536 18
      vertex 13.6781 -7.51442 7.6183
      vertex 13.7653 -7.35772 7.63123
    endloop
  endfacet
  facet normal 0.78392 -0.46995 0.40573
    outer loop
      vertex 9.70113 -5.18536 18
      vertex 13.521 -7.81045 7.57895
      vertex 13.6781 -7.51442 7.6183
    endloop
  endfacet
  facet normal 0.784028 -0.469774 0.405725
    outer loop
      vertex 9.70113 -5.18536 18
      vertex 13.3686 -8.11191 7.5244
      vertex 13.521 -7.81045 7.57895
    endloop
  endfacet
  facet normal 0.78392 -0.469945 0.405735
    outer loop
      vertex 13.3686 -8.11191 7.5244
      vertex 9.70113 -5.18536 18
      vertex 13.2658 -8.32536 7.47579
    endloop
  endfacet
  facet normal 0.860613 -0.307795 0.405719
    outer loop
      vertex 15.4552 -6.25489 5.22219
      vertex 17.5537 -7.27098 0
      vertex 15.4879 -6.07223 5.2914
    endloop
  endfacet
  facet normal 0.860479 -0.308148 0.405734
    outer loop
      vertex 17.5537 -7.27098 0
      vertex 15.4552 -6.25489 5.22219
      vertex 15.428 -6.39049 5.17689
    endloop
  endfacet
  facet normal 0.860585 -0.307863 0.405727
    outer loop
      vertex 10.1627 -4.20952 18
      vertex 14.6136 -5.56491 7.53077
      vertex 10.5263 -3.19313 18
    endloop
  endfacet
  facet normal 0.860615 -0.307776 0.405729
    outer loop
      vertex 10.1627 -4.20952 18
      vertex 14.479 -5.87777 7.57895
      vertex 14.6136 -5.56491 7.53077
    endloop
  endfacet
  facet normal 0.860434 -0.308274 0.405734
    outer loop
      vertex 14.479 -5.87777 7.57895
      vertex 10.1627 -4.20952 18
      vertex 14.4374 -5.98018 7.58936
    endloop
  endfacet
  facet normal -0.784026 -0.469772 0.405731
    outer loop
      vertex -13.6781 -7.51442 7.6183
      vertex -9.70113 -5.18536 18
      vertex -13.7653 -7.35772 7.63123
    endloop
  endfacet
  facet normal -0.78392 -0.46995 0.40573
    outer loop
      vertex -13.521 -7.81045 7.57895
      vertex -9.70113 -5.18536 18
      vertex -13.6781 -7.51442 7.6183
    endloop
  endfacet
  facet normal -0.784028 -0.469774 0.405725
    outer loop
      vertex -13.3686 -8.11191 7.5244
      vertex -9.70113 -5.18536 18
      vertex -13.521 -7.81045 7.57895
    endloop
  endfacet
  facet normal -0.78392 -0.469945 0.405735
    outer loop
      vertex -9.70113 -5.18536 18
      vertex -13.3686 -8.11191 7.5244
      vertex -13.2658 -8.32536 7.47579
    endloop
  endfacet
  facet normal -0.783648 -0.470418 0.405712
    outer loop
      vertex -16.7565 -8.95654 0
      vertex -14.9167 -8.0299 4.62807
      vertex -14.9367 -7.98381 4.64288
    endloop
  endfacet
  facet normal -0.783948 -0.469905 0.405728
    outer loop
      vertex -16.7565 -8.95654 0
      vertex -14.7778 -8.3335 4.54483
      vertex -14.9167 -8.0299 4.62807
    endloop
  endfacet
  facet normal -0.783937 -0.469924 0.405726
    outer loop
      vertex -16.7565 -8.95654 0
      vertex -14.6314 -8.6375 4.4756
      vertex -14.7778 -8.3335 4.54483
    endloop
  endfacet
  facet normal -0.784015 -0.469772 0.405752
    outer loop
      vertex -16.7565 -8.95654 0
      vertex -14.479 -8.93896 4.42105
      vertex -14.6314 -8.6375 4.4756
    endloop
  endfacet
  facet normal -0.783929 -0.469952 0.405709
    outer loop
      vertex -16.7565 -8.95654 0
      vertex -14.3219 -9.23499 4.3817
      vertex -14.479 -8.93896 4.42105
    endloop
  endfacet
  facet normal -0.784298 -0.469113 0.405968
    outer loop
      vertex -16.7565 -8.95654 0
      vertex -14.3142 -9.24885 4.38056
      vertex -14.3219 -9.23499 4.3817
    endloop
  endfacet
  facet normal -0.783952 -0.469903 0.405722
    outer loop
      vertex -14.3142 -9.24885 4.38056
      vertex -16.7565 -8.95654 0
      vertex -15.7979 -10.5558 0
    endloop
  endfacet
  facet normal 0.61383 -0.677198 0.405728
    outer loop
      vertex 10.6661 -12.35 6
      vertex 7.77817 -7.77817 18
      vertex 10.6096 -12.3539 6.07897
    endloop
  endfacet
  facet normal 0.614322 -0.676777 0.405686
    outer loop
      vertex 10.7642 -12.3579 5.83827
      vertex 7.77817 -7.77817 18
      vertex 10.6661 -12.35 6
    endloop
  endfacet
  facet normal 0.613067 -0.677856 0.405784
    outer loop
      vertex 10.8439 -12.3817 5.6781
      vertex 7.77817 -7.77817 18
      vertex 10.7642 -12.3579 5.83827
    endloop
  endfacet
  facet normal 0.614841 -0.676325 0.405653
    outer loop
      vertex 10.9043 -12.421 5.52103
      vertex 7.77817 -7.77817 18
      vertex 10.8439 -12.3817 5.6781
    endloop
  endfacet
  facet normal 0.614478 -0.676502 0.405909
    outer loop
      vertex 13.435 -13.435 0
      vertex 10.9043 -12.421 5.52103
      vertex 10.9449 -12.4756 5.36857
    endloop
  endfacet
  facet normal 0.613821 -0.677203 0.405733
    outer loop
      vertex 13.435 -13.435 0
      vertex 10.9049 -12.8311 4.83567
      vertex 12.0535 -14.6872 0
    endloop
  endfacet
  facet normal 0.613784 -0.677246 0.405719
    outer loop
      vertex 10.9049 -12.8311 4.83567
      vertex 13.435 -13.435 0
      vertex 10.9448 -12.7245 4.95325
    endloop
  endfacet
  facet normal 0.613769 -0.677262 0.405714
    outer loop
      vertex 10.9448 -12.7245 4.95325
      vertex 13.435 -13.435 0
      vertex 10.9652 -12.6281 5.08331
    endloop
  endfacet
  facet normal 0.613836 -0.677189 0.405735
    outer loop
      vertex 10.9652 -12.6281 5.08331
      vertex 13.435 -13.435 0
      vertex 10.9653 -12.5448 5.22219
    endloop
  endfacet
  facet normal 0.613792 -0.677233 0.405728
    outer loop
      vertex 10.9043 -12.421 5.52103
      vertex 13.435 -13.435 0
      vertex 7.77817 -7.77817 18
    endloop
  endfacet
  facet normal 0.613756 -0.677275 0.405712
    outer loop
      vertex 10.9653 -12.5448 5.22219
      vertex 13.435 -13.435 0
      vertex 10.9449 -12.4756 5.36857
    endloop
  endfacet
  facet normal -0.860684 -0.307562 0.405744
    outer loop
      vertex -18.1819 -5.51541 0
      vertex -15.6421 -4.9208 5.83827
      vertex -15.6479 -4.74675 5.9579
    endloop
  endfacet
  facet normal -0.860524 -0.308038 0.405723
    outer loop
      vertex -18.1819 -5.51541 0
      vertex -15.6183 -5.19825 5.6781
      vertex -15.6421 -4.9208 5.83827
    endloop
  endfacet
  facet normal -0.860599 -0.307802 0.405744
    outer loop
      vertex -18.1819 -5.51541 0
      vertex -15.579 -5.51518 5.52103
      vertex -15.6183 -5.19825 5.6781
    endloop
  endfacet
  facet normal -0.860534 -0.308024 0.405713
    outer loop
      vertex -18.1819 -5.51541 0
      vertex -15.5244 -5.86853 5.36857
      vertex -15.579 -5.51518 5.52103
    endloop
  endfacet
  facet normal -0.860564 -0.30791 0.405736
    outer loop
      vertex -18.1819 -5.51541 0
      vertex -15.4879 -6.07223 5.2914
      vertex -15.5244 -5.86853 5.36857
    endloop
  endfacet
  facet normal -0.860558 -0.307935 0.40573
    outer loop
      vertex -15.4879 -6.07223 5.2914
      vertex -18.1819 -5.51541 0
      vertex -17.5537 -7.27098 0
    endloop
  endfacet
  facet normal -0.86035 -0.308522 0.405724
    outer loop
      vertex -15.0467 -4.69082 7.27547
      vertex -10.5263 -3.19313 18
      vertex -15.1132 -4.58453 7.21528
    endloop
  endfacet
  facet normal -0.860624 -0.307747 0.405731
    outer loop
      vertex -14.9167 -4.92721 7.37192
      vertex -10.5263 -3.19313 18
      vertex -15.0467 -4.69082 7.27547
    endloop
  endfacet
  facet normal -0.860552 -0.307945 0.405734
    outer loop
      vertex -14.7778 -5.20568 7.45517
      vertex -10.5263 -3.19313 18
      vertex -14.9167 -4.92721 7.37192
    endloop
  endfacet
  facet normal -0.860546 -0.307962 0.405734
    outer loop
      vertex -14.6314 -5.52356 7.5244
      vertex -10.5263 -3.19313 18
      vertex -14.7778 -5.20568 7.45517
    endloop
  endfacet
  facet normal -0.860554 -0.307941 0.405733
    outer loop
      vertex -10.5263 -3.19313 18
      vertex -14.6314 -5.52356 7.5244
      vertex -14.6136 -5.56491 7.53077
    endloop
  endfacet
  facet normal 0.67783 0.613089 0.405794
    outer loop
      vertex 7.77817 7.77817 18
      vertex 12.3579 10.5504 6.16173
      vertex 12.3539 10.6096 6.07897
    endloop
  endfacet
  facet normal 0.677123 0.613921 0.405716
    outer loop
      vertex 7.77817 7.77817 18
      vertex 12.3817 10.4183 6.3219
      vertex 12.3579 10.5504 6.16173
    endloop
  endfacet
  facet normal 0.677262 0.613756 0.405733
    outer loop
      vertex 7.77817 7.77817 18
      vertex 12.421 10.2711 6.47897
      vertex 12.3817 10.4183 6.3219
    endloop
  endfacet
  facet normal 0.676958 0.61412 0.405689
    outer loop
      vertex 7.77817 7.77817 18
      vertex 12.4416 10.2105 6.53633
      vertex 12.421 10.2711 6.47897
    endloop
  endfacet
  facet normal 0.677221 0.613804 0.405729
    outer loop
      vertex 12.4416 10.2105 6.53633
      vertex 7.77817 7.77817 18
      vertex 8.50311 6.97833 18
    endloop
  endfacet
  facet normal 0.668469 0.623938 0.404784
    outer loop
      vertex 12.8333 10.9041 4.83327
      vertex 14.6872 12.0535 0
      vertex 12.8311 10.9049 4.83567
    endloop
  endfacet
  facet normal 0.677153 0.613883 0.405723
    outer loop
      vertex 12.9533 10.8436 4.72453
      vertex 14.6872 12.0535 0
      vertex 12.8333 10.9041 4.83327
    endloop
  endfacet
  facet normal 0.677305 0.613708 0.405734
    outer loop
      vertex 13.0833 10.7639 4.62807
      vertex 14.6872 12.0535 0
      vertex 12.9533 10.8436 4.72453
    endloop
  endfacet
  facet normal 0.677341 0.613667 0.405736
    outer loop
      vertex 14.6872 12.0535 0
      vertex 13.0833 10.7639 4.62807
      vertex 13.1008 10.7515 4.61761
    endloop
  endfacet
  facet normal 0.469887 0.783957 0.405731
    outer loop
      vertex 6.11127 9.14616 18
      vertex 8.32536 13.2658 7.47579
      vertex 5.18536 9.70113 18
    endloop
  endfacet
  facet normal 0.469874 0.783965 0.405731
    outer loop
      vertex 6.11127 9.14616 18
      vertex 8.41591 13.2222 7.45517
      vertex 8.32536 13.2658 7.47579
    endloop
  endfacet
  facet normal 0.469928 0.783933 0.40573
    outer loop
      vertex 6.11127 9.14616 18
      vertex 8.7195 13.0833 7.37192
      vertex 8.41591 13.2222 7.45517
    endloop
  endfacet
  facet normal 0.46792 0.785154 0.40569
    outer loop
      vertex 8.7195 13.0833 7.37192
      vertex 6.11127 9.14616 18
      vertex 8.73694 13.0758 7.36632
    endloop
  endfacet
  facet normal 0.470023 0.783875 0.405732
    outer loop
      vertex 10.5558 15.7979 0
      vertex 9.24885 14.3142 4.38056
      vertex 9.47888 14.1861 4.36157
    endloop
  endfacet
  facet normal -0.544503 -0.734107 0.405714
    outer loop
      vertex -10.1489 -13.6781 4.3817
      vertex -10.5558 -15.7979 0
      vertex -9.95062 -13.8383 4.35794
    endloop
  endfacet
  facet normal -0.544672 -0.734001 0.405679
    outer loop
      vertex -10.3313 -13.521 4.42105
      vertex -10.5558 -15.7979 0
      vertex -10.1489 -13.6781 4.3817
    endloop
  endfacet
  facet normal -0.544099 -0.734344 0.405826
    outer loop
      vertex -10.4963 -13.3686 4.4756
      vertex -10.5558 -15.7979 0
      vertex -10.3313 -13.521 4.42105
    endloop
  endfacet
  facet normal -0.544445 -0.734145 0.405723
    outer loop
      vertex -10.5558 -15.7979 0
      vertex -10.4963 -13.3686 4.4756
      vertex -12.0535 -14.6872 0
    endloop
  endfacet
  facet normal -0.544685 -0.733952 0.40575
    outer loop
      vertex -10.642 -13.2222 4.54483
      vertex -12.0535 -14.6872 0
      vertex -10.4963 -13.3686 4.4756
    endloop
  endfacet
  facet normal -0.54434 -0.734219 0.405729
    outer loop
      vertex -12.0535 -14.6872 0
      vertex -10.642 -13.2222 4.54483
      vertex -10.7515 -13.1008 4.61761
    endloop
  endfacet
  facet normal -0.544417 -0.734163 0.405727
    outer loop
      vertex -9.95062 -13.8383 4.35794
      vertex -10.5558 -15.7979 0
      vertex -9.73848 -14 4.35
    endloop
  endfacet
  facet normal -0.544143 -0.734352 0.405754
    outer loop
      vertex -9.73848 -14 4.35
      vertex -10.5558 -15.7979 0
      vertex -9.69093 -14.0343 4.35169
    endloop
  endfacet
  facet normal -0.544233 -0.734287 0.405749
    outer loop
      vertex -6.97833 -8.50311 18
      vertex -9.21263 -12.8333 7.16673
      vertex -9.12351 -12.8773 7.20664
    endloop
  endfacet
  facet normal -0.544597 -0.734033 0.405722
    outer loop
      vertex -6.97833 -8.50311 18
      vertex -9.44866 -12.7245 7.04675
      vertex -9.21263 -12.8333 7.16673
    endloop
  endfacet
  facet normal -0.544338 -0.734218 0.405735
    outer loop
      vertex -6.97833 -8.50311 18
      vertex -9.67563 -12.6281 6.91669
      vertex -9.44866 -12.7245 7.04675
    endloop
  endfacet
  facet normal -0.544614 -0.734017 0.405727
    outer loop
      vertex -6.97833 -8.50311 18
      vertex -9.89137 -12.5448 6.7778
      vertex -9.67563 -12.6281 6.91669
    endloop
  endfacet
  facet normal -0.544355 -0.734208 0.405729
    outer loop
      vertex -6.97833 -8.50311 18
      vertex -10.0938 -12.4756 6.63143
      vertex -9.89137 -12.5448 6.7778
    endloop
  endfacet
  facet normal -0.544509 -0.734093 0.405731
    outer loop
      vertex -10.0938 -12.4756 6.63143
      vertex -6.97833 -8.50311 18
      vertex -10.2105 -12.4416 6.53633
    endloop
  endfacet
  facet normal 0.0448524 0.912891 0.405731
    outer loop
      vertex 1.86232 18.9085 0
      vertex 0 19 0
      vertex 1.07819 10.947 18
    endloop
  endfacet
  facet normal -0.904099 -0.134116 0.405731
    outer loop
      vertex -10.947 -1.07819 18
      vertex -18.6349 -3.70672 0
      vertex -10.7886 -2.14599 18
    endloop
  endfacet
  facet normal -0.544458 0.734132 0.405728
    outer loop
      vertex -9.51449 14.1617 4.35794
      vertex -10.5558 15.7979 0
      vertex -9.69093 14.0343 4.35169
    endloop
  endfacet
  facet normal -0.544411 0.734167 0.405729
    outer loop
      vertex -10.5558 15.7979 0
      vertex -9.51449 14.1617 4.35794
      vertex -9.47888 14.1861 4.36157
    endloop
  endfacet
  facet normal -0.544461 0.734127 0.405733
    outer loop
      vertex -8.73694 13.0758 7.36632
      vertex -6.97833 8.50311 18
      vertex -6.11127 9.14616 18
    endloop
  endfacet
  facet normal -0.544453 0.734133 0.405734
    outer loop
      vertex -8.96982 12.9533 7.27547
      vertex -6.97833 8.50311 18
      vertex -8.73694 13.0758 7.36632
    endloop
  endfacet
  facet normal -0.544659 0.733992 0.405713
    outer loop
      vertex -6.97833 8.50311 18
      vertex -8.96982 12.9533 7.27547
      vertex -9.12351 12.8773 7.20664
    endloop
  endfacet
  facet normal 0.912891 -0.0448524 0.405731
    outer loop
      vertex 19 0 0
      vertex 10.947 -1.07819 18
      vertex 18.9085 -1.86232 0
    endloop
  endfacet
  facet normal 0.912891 -0.0448745 0.405729
    outer loop
      vertex 11 0 18
      vertex 10.947 -1.07819 18
      vertex 19 0 0
    endloop
  endfacet
  facet normal -0.469772 -0.784026 0.405731
    outer loop
      vertex -5.18536 -9.70113 18
      vertex -7.51442 -13.6781 7.6183
      vertex -7.35772 -13.7653 7.63123
    endloop
  endfacet
  facet normal -0.46995 -0.78392 0.40573
    outer loop
      vertex -5.18536 -9.70113 18
      vertex -7.81045 -13.521 7.57895
      vertex -7.51442 -13.6781 7.6183
    endloop
  endfacet
  facet normal -0.469774 -0.784028 0.405725
    outer loop
      vertex -5.18536 -9.70113 18
      vertex -8.11191 -13.3686 7.5244
      vertex -7.81045 -13.521 7.57895
    endloop
  endfacet
  facet normal -0.469945 -0.78392 0.405735
    outer loop
      vertex -8.11191 -13.3686 7.5244
      vertex -5.18536 -9.70113 18
      vertex -8.32536 -13.2658 7.47579
    endloop
  endfacet
  facet normal -0.469903 -0.783952 0.405722
    outer loop
      vertex -8.95654 -16.7565 0
      vertex -9.24885 -14.3142 4.38056
      vertex -10.5558 -15.7979 0
    endloop
  endfacet
  facet normal -0.469113 -0.784298 0.405968
    outer loop
      vertex -9.24885 -14.3142 4.38056
      vertex -8.95654 -16.7565 0
      vertex -9.23499 -14.3219 4.3817
    endloop
  endfacet
  facet normal -0.469952 -0.783929 0.405709
    outer loop
      vertex -9.23499 -14.3219 4.3817
      vertex -8.95654 -16.7565 0
      vertex -8.93896 -14.479 4.42105
    endloop
  endfacet
  facet normal -0.469772 -0.784015 0.405752
    outer loop
      vertex -8.93896 -14.479 4.42105
      vertex -8.95654 -16.7565 0
      vertex -8.6375 -14.6314 4.4756
    endloop
  endfacet
  facet normal -0.469924 -0.783937 0.405726
    outer loop
      vertex -8.6375 -14.6314 4.4756
      vertex -8.95654 -16.7565 0
      vertex -8.3335 -14.7778 4.54483
    endloop
  endfacet
  facet normal -0.469905 -0.783948 0.405728
    outer loop
      vertex -8.3335 -14.7778 4.54483
      vertex -8.95654 -16.7565 0
      vertex -8.0299 -14.9167 4.62807
    endloop
  endfacet
  facet normal -0.470418 -0.783648 0.405712
    outer loop
      vertex -8.0299 -14.9167 4.62807
      vertex -8.95654 -16.7565 0
      vertex -7.98381 -14.9367 4.64288
    endloop
  endfacet
  facet normal 0.544233 -0.734287 0.405749
    outer loop
      vertex 9.21263 -12.8333 7.16673
      vertex 6.97833 -8.50311 18
      vertex 9.12351 -12.8773 7.20664
    endloop
  endfacet
  facet normal 0.544597 -0.734033 0.405722
    outer loop
      vertex 9.44866 -12.7245 7.04675
      vertex 6.97833 -8.50311 18
      vertex 9.21263 -12.8333 7.16673
    endloop
  endfacet
  facet normal 0.544338 -0.734218 0.405735
    outer loop
      vertex 9.67563 -12.6281 6.91669
      vertex 6.97833 -8.50311 18
      vertex 9.44866 -12.7245 7.04675
    endloop
  endfacet
  facet normal 0.544614 -0.734017 0.405727
    outer loop
      vertex 9.89137 -12.5448 6.7778
      vertex 6.97833 -8.50311 18
      vertex 9.67563 -12.6281 6.91669
    endloop
  endfacet
  facet normal 0.544355 -0.734208 0.405729
    outer loop
      vertex 10.0938 -12.4756 6.63143
      vertex 6.97833 -8.50311 18
      vertex 9.89137 -12.5448 6.7778
    endloop
  endfacet
  facet normal 0.544509 -0.734093 0.405731
    outer loop
      vertex 6.97833 -8.50311 18
      vertex 10.0938 -12.4756 6.63143
      vertex 10.2105 -12.4416 6.53633
    endloop
  endfacet
  facet normal 0.544417 -0.734163 0.405727
    outer loop
      vertex 10.5558 -15.7979 0
      vertex 9.95062 -13.8383 4.35794
      vertex 9.73848 -14 4.35
    endloop
  endfacet
  facet normal 0.544503 -0.734107 0.405714
    outer loop
      vertex 10.5558 -15.7979 0
      vertex 10.1489 -13.6781 4.3817
      vertex 9.95062 -13.8383 4.35794
    endloop
  endfacet
  facet normal 0.544672 -0.734001 0.405679
    outer loop
      vertex 10.5558 -15.7979 0
      vertex 10.3313 -13.521 4.42105
      vertex 10.1489 -13.6781 4.3817
    endloop
  endfacet
  facet normal 0.544099 -0.734344 0.405826
    outer loop
      vertex 10.5558 -15.7979 0
      vertex 10.4963 -13.3686 4.4756
      vertex 10.3313 -13.521 4.42105
    endloop
  endfacet
  facet normal 0.544445 -0.734145 0.405723
    outer loop
      vertex 12.0535 -14.6872 0
      vertex 10.4963 -13.3686 4.4756
      vertex 10.5558 -15.7979 0
    endloop
  endfacet
  facet normal 0.544685 -0.733952 0.40575
    outer loop
      vertex 10.4963 -13.3686 4.4756
      vertex 12.0535 -14.6872 0
      vertex 10.642 -13.2222 4.54483
    endloop
  endfacet
  facet normal 0.54434 -0.734219 0.405729
    outer loop
      vertex 10.642 -13.2222 4.54483
      vertex 12.0535 -14.6872 0
      vertex 10.7515 -13.1008 4.61761
    endloop
  endfacet
  facet normal 0.544143 -0.734352 0.405754
    outer loop
      vertex 9.69093 -14.0343 4.35169
      vertex 10.5558 -15.7979 0
      vertex 9.73848 -14 4.35
    endloop
  endfacet
  facet normal -0.470023 0.783875 0.405732
    outer loop
      vertex -9.24885 14.3142 4.38056
      vertex -10.5558 15.7979 0
      vertex -9.47888 14.1861 4.36157
    endloop
  endfacet
  facet normal -0.469887 0.783957 0.405731
    outer loop
      vertex -8.32536 13.2658 7.47579
      vertex -6.11127 9.14616 18
      vertex -5.18536 9.70113 18
    endloop
  endfacet
  facet normal -0.469874 0.783965 0.405731
    outer loop
      vertex -8.41591 13.2222 7.45517
      vertex -6.11127 9.14616 18
      vertex -8.32536 13.2658 7.47579
    endloop
  endfacet
  facet normal -0.469928 0.783933 0.40573
    outer loop
      vertex -8.7195 13.0833 7.37192
      vertex -6.11127 9.14616 18
      vertex -8.41591 13.2222 7.45517
    endloop
  endfacet
  facet normal -0.46792 0.785154 0.40569
    outer loop
      vertex -6.11127 9.14616 18
      vertex -8.7195 13.0833 7.37192
      vertex -8.73694 13.0758 7.36632
    endloop
  endfacet
  facet normal -0.134116 0.904099 0.405731
    outer loop
      vertex -1.07819 10.947 18
      vertex -3.70672 18.6349 0
      vertex -2.14599 10.7886 18
    endloop
  endfacet
  facet normal 0.134115 -0.904099 0.405731
    outer loop
      vertex 3.70672 -18.6349 0
      vertex 1.07819 -10.947 18
      vertex 1.86232 -18.9085 0
    endloop
  endfacet
  facet normal 0.886601 -0.222086 0.405731
    outer loop
      vertex 10.7886 -2.14599 18
      vertex 10.5263 -3.19313 18
      vertex 18.6349 -3.70672 0
    endloop
  endfacet
  facet normal -0.904099 0.134116 0.405731
    outer loop
      vertex -10.7886 2.14599 18
      vertex -18.6349 3.70672 0
      vertex -10.947 1.07819 18
    endloop
  endfacet
  facet normal 0.307941 0.860554 0.405733
    outer loop
      vertex 5.52356 14.6314 7.5244
      vertex 3.19313 10.5263 18
      vertex 5.56491 14.6136 7.53077
    endloop
  endfacet
  facet normal 0.307962 0.860546 0.405734
    outer loop
      vertex 5.20568 14.7778 7.45517
      vertex 3.19313 10.5263 18
      vertex 5.52356 14.6314 7.5244
    endloop
  endfacet
  facet normal 0.307945 0.860552 0.405734
    outer loop
      vertex 4.92721 14.9167 7.37192
      vertex 3.19313 10.5263 18
      vertex 5.20568 14.7778 7.45517
    endloop
  endfacet
  facet normal 0.307747 0.860624 0.405731
    outer loop
      vertex 4.69082 15.0467 7.27547
      vertex 3.19313 10.5263 18
      vertex 4.92721 14.9167 7.37192
    endloop
  endfacet
  facet normal 0.308522 0.86035 0.405724
    outer loop
      vertex 3.19313 10.5263 18
      vertex 4.69082 15.0467 7.27547
      vertex 4.58453 15.1132 7.21528
    endloop
  endfacet
  facet normal 0.307935 0.860558 0.40573
    outer loop
      vertex 5.51541 18.1819 0
      vertex 6.07223 15.4879 5.2914
      vertex 7.27098 17.5537 0
    endloop
  endfacet
  facet normal 0.30791 0.860564 0.405736
    outer loop
      vertex 6.07223 15.4879 5.2914
      vertex 5.51541 18.1819 0
      vertex 5.86853 15.5244 5.36857
    endloop
  endfacet
  facet normal 0.308024 0.860534 0.405713
    outer loop
      vertex 5.86853 15.5244 5.36857
      vertex 5.51541 18.1819 0
      vertex 5.51518 15.579 5.52103
    endloop
  endfacet
  facet normal 0.307802 0.860599 0.405744
    outer loop
      vertex 5.51518 15.579 5.52103
      vertex 5.51541 18.1819 0
      vertex 5.19825 15.6183 5.6781
    endloop
  endfacet
  facet normal 0.308038 0.860524 0.405723
    outer loop
      vertex 5.19825 15.6183 5.6781
      vertex 5.51541 18.1819 0
      vertex 4.9208 15.6421 5.83827
    endloop
  endfacet
  facet normal 0.307562 0.860684 0.405744
    outer loop
      vertex 4.9208 15.6421 5.83827
      vertex 5.51541 18.1819 0
      vertex 4.74675 15.6479 5.9579
    endloop
  endfacet
  facet normal -0.307863 0.860585 0.405727
    outer loop
      vertex -5.56491 14.6136 7.53077
      vertex -4.20952 10.1627 18
      vertex -3.19313 10.5263 18
    endloop
  endfacet
  facet normal -0.308274 0.860434 0.405734
    outer loop
      vertex -4.20952 10.1627 18
      vertex -5.87777 14.479 7.57895
      vertex -5.98018 14.4374 7.58936
    endloop
  endfacet
  facet normal -0.307776 0.860615 0.405729
    outer loop
      vertex -4.20952 10.1627 18
      vertex -5.56491 14.6136 7.53077
      vertex -5.87777 14.479 7.57895
    endloop
  endfacet
  facet normal -0.308148 0.860479 0.405734
    outer loop
      vertex -6.25489 15.4552 5.22219
      vertex -7.27098 17.5537 0
      vertex -6.39049 15.428 5.17689
    endloop
  endfacet
  facet normal -0.307795 0.860613 0.405719
    outer loop
      vertex -7.27098 17.5537 0
      vertex -6.25489 15.4552 5.22219
      vertex -6.07223 15.4879 5.2914
    endloop
  endfacet
  facet normal 0.0448745 0.912891 0.405729
    outer loop
      vertex 0 19 0
      vertex 0 11 18
      vertex 1.07819 10.947 18
    endloop
  endfacet
  facet normal 0.783875 0.470023 0.405732
    outer loop
      vertex 15.7979 10.5558 0
      vertex 14.1861 9.47888 4.36157
      vertex 14.3142 9.24885 4.38056
    endloop
  endfacet
  facet normal 0.785154 0.46792 0.40569
    outer loop
      vertex 9.14616 6.11127 18
      vertex 13.0833 8.7195 7.37192
      vertex 13.0758 8.73694 7.36632
    endloop
  endfacet
  facet normal 0.783933 0.469928 0.40573
    outer loop
      vertex 9.14616 6.11127 18
      vertex 13.2222 8.41591 7.45517
      vertex 13.0833 8.7195 7.37192
    endloop
  endfacet
  facet normal 0.783965 0.469874 0.405731
    outer loop
      vertex 9.14616 6.11127 18
      vertex 13.2658 8.32536 7.47579
      vertex 13.2222 8.41591 7.45517
    endloop
  endfacet
  facet normal 0.783957 0.469887 0.405731
    outer loop
      vertex 13.2658 8.32536 7.47579
      vertex 9.14616 6.11127 18
      vertex 9.70113 5.18536 18
    endloop
  endfacet
  facet normal -0.222086 0.886601 0.405731
    outer loop
      vertex -2.14599 10.7886 18
      vertex -3.70672 18.6349 0
      vertex -3.19313 10.5263 18
    endloop
  endfacet
  facet normal 0.390779 0.826245 0.405723
    outer loop
      vertex 7.27098 17.5537 0
      vertex 7.98381 14.9367 4.64288
      vertex 8.95654 16.7565 0
    endloop
  endfacet
  facet normal 0.390584 0.826305 0.405787
    outer loop
      vertex 7.98381 14.9367 4.64288
      vertex 7.27098 17.5537 0
      vertex 7.66627 15.0467 4.72453
    endloop
  endfacet
  facet normal 0.390817 0.826226 0.405725
    outer loop
      vertex 7.66627 15.0467 4.72453
      vertex 7.27098 17.5537 0
      vertex 7.29969 15.1667 4.83327
    endloop
  endfacet
  facet normal 0.390902 0.826194 0.405709
    outer loop
      vertex 7.29969 15.1667 4.83327
      vertex 7.27098 17.5537 0
      vertex 6.94521 15.2755 4.95325
    endloop
  endfacet
  facet normal 0.390794 0.826238 0.405722
    outer loop
      vertex 6.94521 15.2755 4.95325
      vertex 7.27098 17.5537 0
      vertex 6.68552 15.3494 5.05289
    endloop
  endfacet
  facet normal 0.390727 0.826265 0.405732
    outer loop
      vertex 5.18536 9.70113 18
      vertex 7.19226 13.8383 7.64205
      vertex 6.84206 14 7.65
    endloop
  endfacet
  facet normal 0.391015 0.826128 0.405733
    outer loop
      vertex 7.19226 13.8383 7.64205
      vertex 5.18536 9.70113 18
      vertex 7.35772 13.7653 7.63123
    endloop
  endfacet
  facet normal 0.390727 0.826265 0.405732
    outer loop
      vertex 6.50837 14.1617 7.64205
      vertex 5.18536 9.70113 18
      vertex 6.84206 14 7.65
    endloop
  endfacet
  facet normal 0.391199 0.826056 0.405702
    outer loop
      vertex 5.18536 9.70113 18
      vertex 6.50837 14.1617 7.64205
      vertex 6.38658 14.2239 7.63284
    endloop
  endfacet
  facet normal -0.886717 -0.221479 0.405809
    outer loop
      vertex -18.6349 -3.70672 0
      vertex -15.579 -4.07017 6.47897
      vertex -15.5244 -4.00942 6.63143
    endloop
  endfacet
  facet normal -0.886555 -0.222352 0.405683
    outer loop
      vertex -18.6349 -3.70672 0
      vertex -15.6183 -4.20005 6.3219
      vertex -15.579 -4.07017 6.47897
    endloop
  endfacet
  facet normal -0.886633 -0.221914 0.405755
    outer loop
      vertex -18.6349 -3.70672 0
      vertex -15.6421 -4.39782 6.16173
      vertex -15.6183 -4.20005 6.3219
    endloop
  endfacet
  facet normal -0.886584 -0.222215 0.405697
    outer loop
      vertex -18.6349 -3.70672 0
      vertex -15.65 -4.66157 6
      vertex -15.6421 -4.39782 6.16173
    endloop
  endfacet
  facet normal -0.886563 -0.222356 0.405664
    outer loop
      vertex -18.6349 -3.70672 0
      vertex -15.6479 -4.74675 5.9579
      vertex -15.65 -4.66157 6
    endloop
  endfacet
  facet normal -0.886605 -0.222057 0.405737
    outer loop
      vertex -15.6479 -4.74675 5.9579
      vertex -18.6349 -3.70672 0
      vertex -18.1819 -5.51541 0
    endloop
  endfacet
  facet normal -0.886612 -0.222031 0.405734
    outer loop
      vertex -15.5244 -4.00942 6.63143
      vertex -10.5263 -3.19313 18
      vertex -18.6349 -3.70672 0
    endloop
  endfacet
  facet normal -0.886877 -0.220908 0.40577
    outer loop
      vertex -15.4552 -4.01838 6.7778
      vertex -10.5263 -3.19313 18
      vertex -15.5244 -4.00942 6.63143
    endloop
  endfacet
  facet normal -0.886485 -0.222567 0.40572
    outer loop
      vertex -15.3719 -4.09698 6.91669
      vertex -10.5263 -3.19313 18
      vertex -15.4552 -4.01838 6.7778
    endloop
  endfacet
  facet normal -0.886675 -0.221775 0.405738
    outer loop
      vertex -15.2755 -4.24445 7.04675
      vertex -10.5263 -3.19313 18
      vertex -15.3719 -4.09698 6.91669
    endloop
  endfacet
  facet normal -0.886549 -0.222289 0.405733
    outer loop
      vertex -15.1667 -4.45938 7.16673
      vertex -10.5263 -3.19313 18
      vertex -15.2755 -4.24445 7.04675
    endloop
  endfacet
  facet normal -0.886708 -0.22166 0.405728
    outer loop
      vertex -10.5263 -3.19313 18
      vertex -15.1667 -4.45938 7.16673
      vertex -15.1132 -4.58453 7.21528
    endloop
  endfacet
  facet normal -0.222086 -0.886601 0.405731
    outer loop
      vertex -3.19313 -10.5263 18
      vertex -3.70672 -18.6349 0
      vertex -2.14599 -10.7886 18
    endloop
  endfacet
  facet normal 0.826475 0.39025 0.405763
    outer loop
      vertex 15.3719 6.60624 5.08331
      vertex 17.5537 7.27098 0
      vertex 15.3494 6.68552 5.05289
    endloop
  endfacet
  facet normal 0.826223 0.390819 0.405729
    outer loop
      vertex 17.5537 7.27098 0
      vertex 15.3719 6.60624 5.08331
      vertex 15.428 6.39049 5.17689
    endloop
  endfacet
  facet normal 0.826306 0.390627 0.405745
    outer loop
      vertex 9.70113 5.18536 18
      vertex 14.3219 6.19438 7.6183
      vertex 14.2239 6.38658 7.63284
    endloop
  endfacet
  facet normal 0.826267 0.390718 0.405736
    outer loop
      vertex 9.70113 5.18536 18
      vertex 14.4374 5.98018 7.58936
      vertex 14.3219 6.19438 7.6183
    endloop
  endfacet
  facet normal 0.826231 0.390805 0.405726
    outer loop
      vertex 14.4374 5.98018 7.58936
      vertex 9.70113 5.18536 18
      vertex 10.1627 4.20952 18
    endloop
  endfacet
  facet normal -0.826306 0.390627 0.405745
    outer loop
      vertex -14.3219 6.19438 7.6183
      vertex -9.70113 5.18536 18
      vertex -14.2239 6.38658 7.63284
    endloop
  endfacet
  facet normal -0.826267 0.390718 0.405736
    outer loop
      vertex -14.4374 5.98018 7.58936
      vertex -9.70113 5.18536 18
      vertex -14.3219 6.19438 7.6183
    endloop
  endfacet
  facet normal -0.826231 0.390805 0.405726
    outer loop
      vertex -9.70113 5.18536 18
      vertex -14.4374 5.98018 7.58936
      vertex -10.1627 4.20952 18
    endloop
  endfacet
  facet normal -0.826475 0.39025 0.405763
    outer loop
      vertex -17.5537 7.27098 0
      vertex -15.3719 6.60624 5.08331
      vertex -15.3494 6.68552 5.05289
    endloop
  endfacet
  facet normal -0.826223 0.390819 0.405729
    outer loop
      vertex -15.3719 6.60624 5.08331
      vertex -17.5537 7.27098 0
      vertex -15.428 6.39049 5.17689
    endloop
  endfacet
  facet normal 0.613667 0.677341 0.405736
    outer loop
      vertex 10.7639 13.0833 4.62807
      vertex 12.0535 14.6872 0
      vertex 10.7515 13.1008 4.61761
    endloop
  endfacet
  facet normal 0.613708 0.677305 0.405734
    outer loop
      vertex 10.8436 12.9533 4.72453
      vertex 12.0535 14.6872 0
      vertex 10.7639 13.0833 4.62807
    endloop
  endfacet
  facet normal 0.613883 0.677153 0.405723
    outer loop
      vertex 10.9041 12.8333 4.83327
      vertex 12.0535 14.6872 0
      vertex 10.8436 12.9533 4.72453
    endloop
  endfacet
  facet normal 0.623938 0.668469 0.404784
    outer loop
      vertex 12.0535 14.6872 0
      vertex 10.9041 12.8333 4.83327
      vertex 10.9049 12.8311 4.83567
    endloop
  endfacet
  facet normal 0.613804 0.677221 0.405729
    outer loop
      vertex 7.77817 7.77817 18
      vertex 10.2105 12.4416 6.53633
      vertex 6.97833 8.50311 18
    endloop
  endfacet
  facet normal 0.61412 0.676958 0.405689
    outer loop
      vertex 7.77817 7.77817 18
      vertex 10.2711 12.421 6.47897
      vertex 10.2105 12.4416 6.53633
    endloop
  endfacet
  facet normal 0.613756 0.677262 0.405733
    outer loop
      vertex 7.77817 7.77817 18
      vertex 10.4183 12.3817 6.3219
      vertex 10.2711 12.421 6.47897
    endloop
  endfacet
  facet normal 0.613921 0.677123 0.405716
    outer loop
      vertex 7.77817 7.77817 18
      vertex 10.5504 12.3579 6.16173
      vertex 10.4183 12.3817 6.3219
    endloop
  endfacet
  facet normal 0.613089 0.67783 0.405794
    outer loop
      vertex 10.5504 12.3579 6.16173
      vertex 7.77817 7.77817 18
      vertex 10.6096 12.3539 6.07897
    endloop
  endfacet
  facet normal 0.469903 0.783952 0.405722
    outer loop
      vertex 8.95654 16.7565 0
      vertex 9.24885 14.3142 4.38056
      vertex 10.5558 15.7979 0
    endloop
  endfacet
  facet normal 0.469113 0.784298 0.405968
    outer loop
      vertex 9.24885 14.3142 4.38056
      vertex 8.95654 16.7565 0
      vertex 9.23499 14.3219 4.3817
    endloop
  endfacet
  facet normal 0.469952 0.783929 0.405709
    outer loop
      vertex 9.23499 14.3219 4.3817
      vertex 8.95654 16.7565 0
      vertex 8.93896 14.479 4.42105
    endloop
  endfacet
  facet normal 0.469772 0.784015 0.405752
    outer loop
      vertex 8.93896 14.479 4.42105
      vertex 8.95654 16.7565 0
      vertex 8.6375 14.6314 4.4756
    endloop
  endfacet
  facet normal 0.469924 0.783937 0.405726
    outer loop
      vertex 8.6375 14.6314 4.4756
      vertex 8.95654 16.7565 0
      vertex 8.3335 14.7778 4.54483
    endloop
  endfacet
  facet normal 0.469905 0.783948 0.405728
    outer loop
      vertex 8.3335 14.7778 4.54483
      vertex 8.95654 16.7565 0
      vertex 8.0299 14.9167 4.62807
    endloop
  endfacet
  facet normal 0.470418 0.783648 0.405712
    outer loop
      vertex 8.0299 14.9167 4.62807
      vertex 8.95654 16.7565 0
      vertex 7.98381 14.9367 4.64288
    endloop
  endfacet
  facet normal 0.469772 0.784026 0.405731
    outer loop
      vertex 5.18536 9.70113 18
      vertex 7.51442 13.6781 7.6183
      vertex 7.35772 13.7653 7.63123
    endloop
  endfacet
  facet normal 0.46995 0.78392 0.40573
    outer loop
      vertex 5.18536 9.70113 18
      vertex 7.81045 13.521 7.57895
      vertex 7.51442 13.6781 7.6183
    endloop
  endfacet
  facet normal 0.469774 0.784028 0.405725
    outer loop
      vertex 5.18536 9.70113 18
      vertex 8.11191 13.3686 7.5244
      vertex 7.81045 13.521 7.57895
    endloop
  endfacet
  facet normal 0.469945 0.78392 0.405735
    outer loop
      vertex 8.11191 13.3686 7.5244
      vertex 5.18536 9.70113 18
      vertex 8.32536 13.2658 7.47579
    endloop
  endfacet
  facet normal 0.886601 0.222086 0.405731
    outer loop
      vertex 18.6349 3.70672 0
      vertex 10.5263 3.19313 18
      vertex 10.7886 2.14599 18
    endloop
  endfacet
  facet normal -0.826056 -0.391199 0.405702
    outer loop
      vertex -14.1617 -6.50837 7.64205
      vertex -9.70113 -5.18536 18
      vertex -14.2239 -6.38658 7.63284
    endloop
  endfacet
  facet normal -0.826265 -0.390727 0.405732
    outer loop
      vertex -14 -6.84206 7.65
      vertex -9.70113 -5.18536 18
      vertex -14.1617 -6.50837 7.64205
    endloop
  endfacet
  facet normal -0.826265 -0.390727 0.405732
    outer loop
      vertex -13.8383 -7.19226 7.64205
      vertex -9.70113 -5.18536 18
      vertex -14 -6.84206 7.65
    endloop
  endfacet
  facet normal -0.826128 -0.391015 0.405733
    outer loop
      vertex -9.70113 -5.18536 18
      vertex -13.8383 -7.19226 7.64205
      vertex -13.7653 -7.35772 7.63123
    endloop
  endfacet
  facet normal -0.826238 -0.390794 0.405722
    outer loop
      vertex -17.5537 -7.27098 0
      vertex -15.2755 -6.94521 4.95325
      vertex -15.3494 -6.68552 5.05289
    endloop
  endfacet
  facet normal -0.826194 -0.390902 0.405709
    outer loop
      vertex -17.5537 -7.27098 0
      vertex -15.1667 -7.29969 4.83327
      vertex -15.2755 -6.94521 4.95325
    endloop
  endfacet
  facet normal -0.826226 -0.390817 0.405725
    outer loop
      vertex -17.5537 -7.27098 0
      vertex -15.0467 -7.66627 4.72453
      vertex -15.1667 -7.29969 4.83327
    endloop
  endfacet
  facet normal -0.826305 -0.390584 0.405787
    outer loop
      vertex -17.5537 -7.27098 0
      vertex -14.9367 -7.98381 4.64288
      vertex -15.0467 -7.66627 4.72453
    endloop
  endfacet
  facet normal -0.826245 -0.390779 0.405723
    outer loop
      vertex -14.9367 -7.98381 4.64288
      vertex -17.5537 -7.27098 0
      vertex -16.7565 -8.95654 0
    endloop
  endfacet
  facet normal 0.307941 -0.860554 0.405733
    outer loop
      vertex 3.19313 -10.5263 18
      vertex 5.52356 -14.6314 7.5244
      vertex 5.56491 -14.6136 7.53077
    endloop
  endfacet
  facet normal 0.307962 -0.860546 0.405734
    outer loop
      vertex 3.19313 -10.5263 18
      vertex 5.20568 -14.7778 7.45517
      vertex 5.52356 -14.6314 7.5244
    endloop
  endfacet
  facet normal 0.307945 -0.860552 0.405734
    outer loop
      vertex 3.19313 -10.5263 18
      vertex 4.92721 -14.9167 7.37192
      vertex 5.20568 -14.7778 7.45517
    endloop
  endfacet
  facet normal 0.307747 -0.860624 0.405731
    outer loop
      vertex 3.19313 -10.5263 18
      vertex 4.69082 -15.0467 7.27547
      vertex 4.92721 -14.9167 7.37192
    endloop
  endfacet
  facet normal 0.308522 -0.86035 0.405724
    outer loop
      vertex 4.69082 -15.0467 7.27547
      vertex 3.19313 -10.5263 18
      vertex 4.58453 -15.1132 7.21528
    endloop
  endfacet
  facet normal 0.307562 -0.860684 0.405744
    outer loop
      vertex 5.51541 -18.1819 0
      vertex 4.9208 -15.6421 5.83827
      vertex 4.74675 -15.6479 5.9579
    endloop
  endfacet
  facet normal 0.308038 -0.860524 0.405723
    outer loop
      vertex 5.51541 -18.1819 0
      vertex 5.19825 -15.6183 5.6781
      vertex 4.9208 -15.6421 5.83827
    endloop
  endfacet
  facet normal 0.307802 -0.860599 0.405744
    outer loop
      vertex 5.51541 -18.1819 0
      vertex 5.51518 -15.579 5.52103
      vertex 5.19825 -15.6183 5.6781
    endloop
  endfacet
  facet normal 0.308024 -0.860534 0.405713
    outer loop
      vertex 5.51541 -18.1819 0
      vertex 5.86853 -15.5244 5.36857
      vertex 5.51518 -15.579 5.52103
    endloop
  endfacet
  facet normal 0.30791 -0.860564 0.405736
    outer loop
      vertex 5.51541 -18.1819 0
      vertex 6.07223 -15.4879 5.2914
      vertex 5.86853 -15.5244 5.36857
    endloop
  endfacet
  facet normal 0.307935 -0.860558 0.40573
    outer loop
      vertex 6.07223 -15.4879 5.2914
      vertex 5.51541 -18.1819 0
      vertex 7.27098 -17.5537 0
    endloop
  endfacet
  facet normal 0.0448524 -0.912891 0.405731
    outer loop
      vertex 1.07819 -10.947 18
      vertex 0 -19 0
      vertex 1.86232 -18.9085 0
    endloop
  endfacet
  facet normal 0.0448745 -0.912891 0.405729
    outer loop
      vertex 0 -11 18
      vertex 0 -19 0
      vertex 1.07819 -10.947 18
    endloop
  endfacet
  facet normal -0.307795 -0.860613 0.405719
    outer loop
      vertex -6.25489 -15.4552 5.22219
      vertex -7.27098 -17.5537 0
      vertex -6.07223 -15.4879 5.2914
    endloop
  endfacet
  facet normal -0.308148 -0.860479 0.405734
    outer loop
      vertex -7.27098 -17.5537 0
      vertex -6.25489 -15.4552 5.22219
      vertex -6.39049 -15.428 5.17689
    endloop
  endfacet
  facet normal -0.308274 -0.860434 0.405734
    outer loop
      vertex -5.87777 -14.479 7.57895
      vertex -4.20952 -10.1627 18
      vertex -5.98018 -14.4374 7.58936
    endloop
  endfacet
  facet normal -0.307776 -0.860615 0.405729
    outer loop
      vertex -5.56491 -14.6136 7.53077
      vertex -4.20952 -10.1627 18
      vertex -5.87777 -14.479 7.57895
    endloop
  endfacet
  facet normal -0.307863 -0.860585 0.405727
    outer loop
      vertex -4.20952 -10.1627 18
      vertex -5.56491 -14.6136 7.53077
      vertex -3.19313 -10.5263 18
    endloop
  endfacet
  facet normal -0.22166 -0.886708 0.405728
    outer loop
      vertex -4.45938 -15.1667 7.16673
      vertex -3.19313 -10.5263 18
      vertex -4.58453 -15.1132 7.21528
    endloop
  endfacet
  facet normal -0.222289 -0.886549 0.405733
    outer loop
      vertex -4.24445 -15.2755 7.04675
      vertex -3.19313 -10.5263 18
      vertex -4.45938 -15.1667 7.16673
    endloop
  endfacet
  facet normal -0.221775 -0.886675 0.405738
    outer loop
      vertex -4.09698 -15.3719 6.91669
      vertex -3.19313 -10.5263 18
      vertex -4.24445 -15.2755 7.04675
    endloop
  endfacet
  facet normal -0.222567 -0.886485 0.40572
    outer loop
      vertex -4.01838 -15.4552 6.7778
      vertex -3.19313 -10.5263 18
      vertex -4.09698 -15.3719 6.91669
    endloop
  endfacet
  facet normal -0.220908 -0.886877 0.40577
    outer loop
      vertex -4.00942 -15.5244 6.63143
      vertex -3.19313 -10.5263 18
      vertex -4.01838 -15.4552 6.7778
    endloop
  endfacet
  facet normal -0.222057 -0.886605 0.405737
    outer loop
      vertex -3.70672 -18.6349 0
      vertex -4.74675 -15.6479 5.9579
      vertex -5.51541 -18.1819 0
    endloop
  endfacet
  facet normal -0.222356 -0.886563 0.405664
    outer loop
      vertex -4.74675 -15.6479 5.9579
      vertex -3.70672 -18.6349 0
      vertex -4.66157 -15.65 6
    endloop
  endfacet
  facet normal -0.222215 -0.886584 0.405697
    outer loop
      vertex -4.66157 -15.65 6
      vertex -3.70672 -18.6349 0
      vertex -4.39782 -15.6421 6.16173
    endloop
  endfacet
  facet normal -0.221914 -0.886633 0.405755
    outer loop
      vertex -4.39782 -15.6421 6.16173
      vertex -3.70672 -18.6349 0
      vertex -4.20005 -15.6183 6.3219
    endloop
  endfacet
  facet normal -0.222352 -0.886555 0.405683
    outer loop
      vertex -4.20005 -15.6183 6.3219
      vertex -3.70672 -18.6349 0
      vertex -4.07017 -15.579 6.47897
    endloop
  endfacet
  facet normal -0.222031 -0.886612 0.405734
    outer loop
      vertex -4.00942 -15.5244 6.63143
      vertex -3.70672 -18.6349 0
      vertex -3.19313 -10.5263 18
    endloop
  endfacet
  facet normal -0.221479 -0.886717 0.405809
    outer loop
      vertex -4.07017 -15.579 6.47897
      vertex -3.70672 -18.6349 0
      vertex -4.00942 -15.5244 6.63143
    endloop
  endfacet
  facet normal 0.470418 -0.783648 0.405712
    outer loop
      vertex 8.95654 -16.7565 0
      vertex 8.0299 -14.9167 4.62807
      vertex 7.98381 -14.9367 4.64288
    endloop
  endfacet
  facet normal 0.469905 -0.783948 0.405728
    outer loop
      vertex 8.95654 -16.7565 0
      vertex 8.3335 -14.7778 4.54483
      vertex 8.0299 -14.9167 4.62807
    endloop
  endfacet
  facet normal 0.469924 -0.783937 0.405726
    outer loop
      vertex 8.95654 -16.7565 0
      vertex 8.6375 -14.6314 4.4756
      vertex 8.3335 -14.7778 4.54483
    endloop
  endfacet
  facet normal 0.469772 -0.784015 0.405752
    outer loop
      vertex 8.95654 -16.7565 0
      vertex 8.93896 -14.479 4.42105
      vertex 8.6375 -14.6314 4.4756
    endloop
  endfacet
  facet normal 0.469952 -0.783929 0.405709
    outer loop
      vertex 8.95654 -16.7565 0
      vertex 9.23499 -14.3219 4.3817
      vertex 8.93896 -14.479 4.42105
    endloop
  endfacet
  facet normal 0.469113 -0.784298 0.405968
    outer loop
      vertex 8.95654 -16.7565 0
      vertex 9.24885 -14.3142 4.38056
      vertex 9.23499 -14.3219 4.3817
    endloop
  endfacet
  facet normal 0.469903 -0.783952 0.405722
    outer loop
      vertex 9.24885 -14.3142 4.38056
      vertex 8.95654 -16.7565 0
      vertex 10.5558 -15.7979 0
    endloop
  endfacet
  facet normal 0.469772 -0.784026 0.405731
    outer loop
      vertex 7.51442 -13.6781 7.6183
      vertex 5.18536 -9.70113 18
      vertex 7.35772 -13.7653 7.63123
    endloop
  endfacet
  facet normal 0.46995 -0.78392 0.40573
    outer loop
      vertex 7.81045 -13.521 7.57895
      vertex 5.18536 -9.70113 18
      vertex 7.51442 -13.6781 7.6183
    endloop
  endfacet
  facet normal 0.469774 -0.784028 0.405725
    outer loop
      vertex 8.11191 -13.3686 7.5244
      vertex 5.18536 -9.70113 18
      vertex 7.81045 -13.521 7.57895
    endloop
  endfacet
  facet normal 0.469945 -0.78392 0.405735
    outer loop
      vertex 5.18536 -9.70113 18
      vertex 8.11191 -13.3686 7.5244
      vertex 8.32536 -13.2658 7.47579
    endloop
  endfacet
  facet normal 0.734132 0.544458 0.405728
    outer loop
      vertex 14.1617 9.51449 4.35794
      vertex 15.7979 10.5558 0
      vertex 14.0343 9.69093 4.35169
    endloop
  endfacet
  facet normal 0.734167 0.544411 0.405729
    outer loop
      vertex 15.7979 10.5558 0
      vertex 14.1617 9.51449 4.35794
      vertex 14.1861 9.47888 4.36157
    endloop
  endfacet
  facet normal 0.733992 0.544659 0.405713
    outer loop
      vertex 8.50311 6.97833 18
      vertex 12.9533 8.96982 7.27547
      vertex 12.8773 9.12351 7.20664
    endloop
  endfacet
  facet normal 0.734133 0.544453 0.405734
    outer loop
      vertex 8.50311 6.97833 18
      vertex 13.0758 8.73694 7.36632
      vertex 12.9533 8.96982 7.27547
    endloop
  endfacet
  facet normal 0.734127 0.544461 0.405733
    outer loop
      vertex 13.0758 8.73694 7.36632
      vertex 8.50311 6.97833 18
      vertex 9.14616 6.11127 18
    endloop
  endfacet
  facet normal 0.222086 -0.886601 0.405731
    outer loop
      vertex 3.19313 -10.5263 18
      vertex 2.14599 -10.7886 18
      vertex 3.70672 -18.6349 0
    endloop
  endfacet
  facet normal 0.734219 0.54434 0.405729
    outer loop
      vertex 13.2222 10.642 4.54483
      vertex 14.6872 12.0535 0
      vertex 13.1008 10.7515 4.61761
    endloop
  endfacet
  facet normal 0.733952 0.544685 0.40575
    outer loop
      vertex 13.3686 10.4963 4.4756
      vertex 14.6872 12.0535 0
      vertex 13.2222 10.642 4.54483
    endloop
  endfacet
  facet normal 0.734145 0.544445 0.405723
    outer loop
      vertex 14.6872 12.0535 0
      vertex 13.3686 10.4963 4.4756
      vertex 15.7979 10.5558 0
    endloop
  endfacet
  facet normal 0.734344 0.544099 0.405826
    outer loop
      vertex 13.521 10.3313 4.42105
      vertex 15.7979 10.5558 0
      vertex 13.3686 10.4963 4.4756
    endloop
  endfacet
  facet normal 0.734001 0.544672 0.405679
    outer loop
      vertex 13.6781 10.1489 4.3817
      vertex 15.7979 10.5558 0
      vertex 13.521 10.3313 4.42105
    endloop
  endfacet
  facet normal 0.734107 0.544503 0.405714
    outer loop
      vertex 13.8383 9.95062 4.35794
      vertex 15.7979 10.5558 0
      vertex 13.6781 10.1489 4.3817
    endloop
  endfacet
  facet normal 0.734163 0.544417 0.405727
    outer loop
      vertex 14 9.73848 4.35
      vertex 15.7979 10.5558 0
      vertex 13.8383 9.95062 4.35794
    endloop
  endfacet
  facet normal 0.734352 0.544143 0.405754
    outer loop
      vertex 15.7979 10.5558 0
      vertex 14 9.73848 4.35
      vertex 14.0343 9.69093 4.35169
    endloop
  endfacet
  facet normal 0.734287 0.544233 0.405749
    outer loop
      vertex 12.8333 9.21263 7.16673
      vertex 8.50311 6.97833 18
      vertex 12.8773 9.12351 7.20664
    endloop
  endfacet
  facet normal 0.734033 0.544597 0.405722
    outer loop
      vertex 12.7245 9.44866 7.04675
      vertex 8.50311 6.97833 18
      vertex 12.8333 9.21263 7.16673
    endloop
  endfacet
  facet normal 0.734218 0.544338 0.405735
    outer loop
      vertex 12.6281 9.67563 6.91669
      vertex 8.50311 6.97833 18
      vertex 12.7245 9.44866 7.04675
    endloop
  endfacet
  facet normal 0.734017 0.544614 0.405727
    outer loop
      vertex 12.5448 9.89137 6.7778
      vertex 8.50311 6.97833 18
      vertex 12.6281 9.67563 6.91669
    endloop
  endfacet
  facet normal 0.734208 0.544355 0.405729
    outer loop
      vertex 12.4756 10.0938 6.63143
      vertex 8.50311 6.97833 18
      vertex 12.5448 9.89137 6.7778
    endloop
  endfacet
  facet normal 0.734093 0.544509 0.405731
    outer loop
      vertex 8.50311 6.97833 18
      vertex 12.4756 10.0938 6.63143
      vertex 12.4416 10.2105 6.53633
    endloop
  endfacet
  facet normal -0.613667 -0.677341 0.405736
    outer loop
      vertex -10.7639 -13.0833 4.62807
      vertex -12.0535 -14.6872 0
      vertex -10.7515 -13.1008 4.61761
    endloop
  endfacet
  facet normal -0.613708 -0.677305 0.405734
    outer loop
      vertex -10.8436 -12.9533 4.72453
      vertex -12.0535 -14.6872 0
      vertex -10.7639 -13.0833 4.62807
    endloop
  endfacet
  facet normal -0.613883 -0.677153 0.405723
    outer loop
      vertex -10.9041 -12.8333 4.83327
      vertex -12.0535 -14.6872 0
      vertex -10.8436 -12.9533 4.72453
    endloop
  endfacet
  facet normal -0.623938 -0.668469 0.404784
    outer loop
      vertex -12.0535 -14.6872 0
      vertex -10.9041 -12.8333 4.83327
      vertex -10.9049 -12.8311 4.83567
    endloop
  endfacet
  facet normal -0.613804 -0.677221 0.405729
    outer loop
      vertex -7.77817 -7.77817 18
      vertex -10.2105 -12.4416 6.53633
      vertex -6.97833 -8.50311 18
    endloop
  endfacet
  facet normal -0.61412 -0.676958 0.405689
    outer loop
      vertex -7.77817 -7.77817 18
      vertex -10.2711 -12.421 6.47897
      vertex -10.2105 -12.4416 6.53633
    endloop
  endfacet
  facet normal -0.613756 -0.677262 0.405733
    outer loop
      vertex -7.77817 -7.77817 18
      vertex -10.4183 -12.3817 6.3219
      vertex -10.2711 -12.421 6.47897
    endloop
  endfacet
  facet normal -0.613921 -0.677123 0.405716
    outer loop
      vertex -7.77817 -7.77817 18
      vertex -10.5504 -12.3579 6.16173
      vertex -10.4183 -12.3817 6.3219
    endloop
  endfacet
  facet normal -0.613089 -0.67783 0.405794
    outer loop
      vertex -10.5504 -12.3579 6.16173
      vertex -7.77817 -7.77817 18
      vertex -10.6096 -12.3539 6.07897
    endloop
  endfacet
  facet normal 0.390627 0.826306 0.405745
    outer loop
      vertex 6.19438 14.3219 7.6183
      vertex 5.18536 9.70113 18
      vertex 6.38658 14.2239 7.63284
    endloop
  endfacet
  facet normal 0.390718 0.826267 0.405736
    outer loop
      vertex 5.98018 14.4374 7.58936
      vertex 5.18536 9.70113 18
      vertex 6.19438 14.3219 7.6183
    endloop
  endfacet
  facet normal 0.390805 0.826231 0.405726
    outer loop
      vertex 5.18536 9.70113 18
      vertex 5.98018 14.4374 7.58936
      vertex 4.20952 10.1627 18
    endloop
  endfacet
  facet normal 0.390819 0.826223 0.405729
    outer loop
      vertex 6.60624 15.3719 5.08331
      vertex 7.27098 17.5537 0
      vertex 6.39049 15.428 5.17689
    endloop
  endfacet
  facet normal 0.39025 0.826475 0.405763
    outer loop
      vertex 7.27098 17.5537 0
      vertex 6.60624 15.3719 5.08331
      vertex 6.68552 15.3494 5.05289
    endloop
  endfacet
  facet normal 0.39025 -0.826475 0.405763
    outer loop
      vertex 6.60624 -15.3719 5.08331
      vertex 7.27098 -17.5537 0
      vertex 6.68552 -15.3494 5.05289
    endloop
  endfacet
  facet normal 0.390819 -0.826223 0.405729
    outer loop
      vertex 7.27098 -17.5537 0
      vertex 6.60624 -15.3719 5.08331
      vertex 6.39049 -15.428 5.17689
    endloop
  endfacet
  facet normal 0.390805 -0.826231 0.405726
    outer loop
      vertex 5.98018 -14.4374 7.58936
      vertex 5.18536 -9.70113 18
      vertex 4.20952 -10.1627 18
    endloop
  endfacet
  facet normal 0.390627 -0.826306 0.405745
    outer loop
      vertex 5.18536 -9.70113 18
      vertex 6.19438 -14.3219 7.6183
      vertex 6.38658 -14.2239 7.63284
    endloop
  endfacet
  facet normal 0.390718 -0.826267 0.405736
    outer loop
      vertex 5.18536 -9.70113 18
      vertex 5.98018 -14.4374 7.58936
      vertex 6.19438 -14.3219 7.6183
    endloop
  endfacet
  facet normal 0.677198 -0.61383 0.405728
    outer loop
      vertex 7.77817 -7.77817 18
      vertex 12.35 -10.6661 6
      vertex 12.3539 -10.6096 6.07897
    endloop
  endfacet
  facet normal 0.676777 -0.614322 0.405686
    outer loop
      vertex 7.77817 -7.77817 18
      vertex 12.3579 -10.7642 5.83827
      vertex 12.35 -10.6661 6
    endloop
  endfacet
  facet normal 0.677856 -0.613067 0.405784
    outer loop
      vertex 7.77817 -7.77817 18
      vertex 12.3817 -10.8439 5.6781
      vertex 12.3579 -10.7642 5.83827
    endloop
  endfacet
  facet normal 0.676325 -0.614841 0.405653
    outer loop
      vertex 7.77817 -7.77817 18
      vertex 12.421 -10.9043 5.52103
      vertex 12.3817 -10.8439 5.6781
    endloop
  endfacet
  facet normal 0.677233 -0.613792 0.405728
    outer loop
      vertex 13.435 -13.435 0
      vertex 12.421 -10.9043 5.52103
      vertex 7.77817 -7.77817 18
    endloop
  endfacet
  facet normal 0.677275 -0.613756 0.405712
    outer loop
      vertex 13.435 -13.435 0
      vertex 12.5448 -10.9653 5.22219
      vertex 12.4756 -10.9449 5.36857
    endloop
  endfacet
  facet normal 0.677204 -0.613822 0.405731
    outer loop
      vertex 12.5448 -10.9653 5.22219
      vertex 13.435 -13.435 0
      vertex 14.6872 -12.0535 0
    endloop
  endfacet
  facet normal 0.676502 -0.614478 0.405909
    outer loop
      vertex 12.421 -10.9043 5.52103
      vertex 13.435 -13.435 0
      vertex 12.4756 -10.9449 5.36857
    endloop
  endfacet
  facet normal 0.677258 -0.613757 0.405739
    outer loop
      vertex 12.7245 -10.9448 4.95325
      vertex 14.6872 -12.0535 0
      vertex 12.8311 -10.9049 4.83567
    endloop
  endfacet
  facet normal 0.677291 -0.613718 0.405743
    outer loop
      vertex 12.6281 -10.9652 5.08331
      vertex 14.6872 -12.0535 0
      vertex 12.7245 -10.9448 4.95325
    endloop
  endfacet
  facet normal 0.677174 -0.613858 0.405726
    outer loop
      vertex 14.6872 -12.0535 0
      vertex 12.6281 -10.9652 5.08331
      vertex 12.5448 -10.9653 5.22219
    endloop
  endfacet
  facet normal -0.677189 0.613836 0.405735
    outer loop
      vertex -13.435 13.435 0
      vertex -12.6281 10.9652 5.08331
      vertex -12.5448 10.9653 5.22219
    endloop
  endfacet
  facet normal -0.677262 0.613769 0.405714
    outer loop
      vertex -13.435 13.435 0
      vertex -12.7245 10.9448 4.95325
      vertex -12.6281 10.9652 5.08331
    endloop
  endfacet
  facet normal -0.677246 0.613784 0.405719
    outer loop
      vertex -13.435 13.435 0
      vertex -12.8311 10.9049 4.83567
      vertex -12.7245 10.9448 4.95325
    endloop
  endfacet
  facet normal -0.677203 0.613821 0.405733
    outer loop
      vertex -12.8311 10.9049 4.83567
      vertex -13.435 13.435 0
      vertex -14.6872 12.0535 0
    endloop
  endfacet
  facet normal -0.677275 0.613756 0.405712
    outer loop
      vertex -12.4756 10.9449 5.36857
      vertex -13.435 13.435 0
      vertex -12.5448 10.9653 5.22219
    endloop
  endfacet
  facet normal -0.676502 0.614478 0.405909
    outer loop
      vertex -12.421 10.9043 5.52103
      vertex -13.435 13.435 0
      vertex -12.4756 10.9449 5.36857
    endloop
  endfacet
  facet normal -0.679078 0.612054 0.40527
    outer loop
      vertex -12.3817 10.8439 5.6781
      vertex -13.435 13.435 0
      vertex -12.421 10.9043 5.52103
    endloop
  endfacet
  facet normal -0.677208 0.613819 0.405729
    outer loop
      vertex -12.3817 10.8439 5.6781
      vertex -7.77817 7.77817 18
      vertex -13.435 13.435 0
    endloop
  endfacet
  facet normal -0.677856 0.613067 0.405784
    outer loop
      vertex -12.3579 10.7642 5.83827
      vertex -7.77817 7.77817 18
      vertex -12.3817 10.8439 5.6781
    endloop
  endfacet
  facet normal -0.676777 0.614322 0.405686
    outer loop
      vertex -12.35 10.6661 6
      vertex -7.77817 7.77817 18
      vertex -12.3579 10.7642 5.83827
    endloop
  endfacet
  facet normal -0.677198 0.61383 0.405728
    outer loop
      vertex -7.77817 7.77817 18
      vertex -12.35 10.6661 6
      vertex -12.3539 10.6096 6.07897
    endloop
  endfacet
  facet normal 0.826223 -0.390819 0.405729
    outer loop
      vertex 15.3719 -6.60624 5.08331
      vertex 17.5537 -7.27098 0
      vertex 15.428 -6.39049 5.17689
    endloop
  endfacet
  facet normal 0.826475 -0.39025 0.405763
    outer loop
      vertex 17.5537 -7.27098 0
      vertex 15.3719 -6.60624 5.08331
      vertex 15.3494 -6.68552 5.05289
    endloop
  endfacet
  facet normal 0.826231 -0.390805 0.405726
    outer loop
      vertex 9.70113 -5.18536 18
      vertex 14.4374 -5.98018 7.58936
      vertex 10.1627 -4.20952 18
    endloop
  endfacet
  facet normal 0.826267 -0.390718 0.405736
    outer loop
      vertex 9.70113 -5.18536 18
      vertex 14.3219 -6.19438 7.6183
      vertex 14.4374 -5.98018 7.58936
    endloop
  endfacet
  facet normal 0.826306 -0.390627 0.405745
    outer loop
      vertex 14.3219 -6.19438 7.6183
      vertex 9.70113 -5.18536 18
      vertex 14.2239 -6.38658 7.63284
    endloop
  endfacet
  facet normal 0.904099 -0.134116 0.405731
    outer loop
      vertex 10.947 -1.07819 18
      vertex 10.7886 -2.14599 18
      vertex 18.6349 -3.70672 0
    endloop
  endfacet
  facet normal -0.470418 0.783648 0.405712
    outer loop
      vertex -8.95654 16.7565 0
      vertex -8.0299 14.9167 4.62807
      vertex -7.98381 14.9367 4.64288
    endloop
  endfacet
  facet normal -0.469905 0.783948 0.405728
    outer loop
      vertex -8.95654 16.7565 0
      vertex -8.3335 14.7778 4.54483
      vertex -8.0299 14.9167 4.62807
    endloop
  endfacet
  facet normal -0.469924 0.783937 0.405726
    outer loop
      vertex -8.95654 16.7565 0
      vertex -8.6375 14.6314 4.4756
      vertex -8.3335 14.7778 4.54483
    endloop
  endfacet
  facet normal -0.469772 0.784015 0.405752
    outer loop
      vertex -8.95654 16.7565 0
      vertex -8.93896 14.479 4.42105
      vertex -8.6375 14.6314 4.4756
    endloop
  endfacet
  facet normal -0.469952 0.783929 0.405709
    outer loop
      vertex -8.95654 16.7565 0
      vertex -9.23499 14.3219 4.3817
      vertex -8.93896 14.479 4.42105
    endloop
  endfacet
  facet normal -0.469113 0.784298 0.405968
    outer loop
      vertex -8.95654 16.7565 0
      vertex -9.24885 14.3142 4.38056
      vertex -9.23499 14.3219 4.3817
    endloop
  endfacet
  facet normal -0.469903 0.783952 0.405722
    outer loop
      vertex -9.24885 14.3142 4.38056
      vertex -8.95654 16.7565 0
      vertex -10.5558 15.7979 0
    endloop
  endfacet
  facet normal -0.469772 0.784026 0.405731
    outer loop
      vertex -7.51442 13.6781 7.6183
      vertex -5.18536 9.70113 18
      vertex -7.35772 13.7653 7.63123
    endloop
  endfacet
  facet normal -0.46995 0.78392 0.40573
    outer loop
      vertex -7.81045 13.521 7.57895
      vertex -5.18536 9.70113 18
      vertex -7.51442 13.6781 7.6183
    endloop
  endfacet
  facet normal -0.469774 0.784028 0.405725
    outer loop
      vertex -8.11191 13.3686 7.5244
      vertex -5.18536 9.70113 18
      vertex -7.81045 13.521 7.57895
    endloop
  endfacet
  facet normal -0.469945 0.78392 0.405735
    outer loop
      vertex -5.18536 9.70113 18
      vertex -8.11191 13.3686 7.5244
      vertex -8.32536 13.2658 7.47579
    endloop
  endfacet
  facet normal -0.912891 0.0448524 0.405731
    outer loop
      vertex -18.9085 1.86232 0
      vertex -19 0 0
      vertex -10.947 1.07819 18
    endloop
  endfacet
  facet normal -0.0448524 0.912891 0.405731
    outer loop
      vertex 0 19 0
      vertex -1.86232 18.9085 0
      vertex -1.07819 10.947 18
    endloop
  endfacet
  facet normal -0.886601 -0.222086 0.405731
    outer loop
      vertex -10.7886 -2.14599 18
      vertex -18.6349 -3.70672 0
      vertex -10.5263 -3.19313 18
    endloop
  endfacet
  facet normal -0.134115 -0.904099 0.405731
    outer loop
      vertex -1.07819 -10.947 18
      vertex -3.70672 -18.6349 0
      vertex -1.86232 -18.9085 0
    endloop
  endfacet
  facet normal -0.860558 0.307935 0.40573
    outer loop
      vertex -18.1819 5.51541 0
      vertex -15.4879 6.07223 5.2914
      vertex -17.5537 7.27098 0
    endloop
  endfacet
  facet normal -0.860564 0.30791 0.405736
    outer loop
      vertex -15.4879 6.07223 5.2914
      vertex -18.1819 5.51541 0
      vertex -15.5244 5.86853 5.36857
    endloop
  endfacet
  facet normal -0.860534 0.308024 0.405713
    outer loop
      vertex -18.1819 5.51541 0
      vertex -15.579 5.51518 5.52103
      vertex -15.5244 5.86853 5.36857
    endloop
  endfacet
  facet normal -0.860599 0.307802 0.405744
    outer loop
      vertex -18.1819 5.51541 0
      vertex -15.6183 5.19825 5.6781
      vertex -15.579 5.51518 5.52103
    endloop
  endfacet
  facet normal -0.860524 0.308038 0.405723
    outer loop
      vertex -18.1819 5.51541 0
      vertex -15.6421 4.9208 5.83827
      vertex -15.6183 5.19825 5.6781
    endloop
  endfacet
  facet normal -0.860684 0.307562 0.405744
    outer loop
      vertex -15.6421 4.9208 5.83827
      vertex -18.1819 5.51541 0
      vertex -15.6479 4.74675 5.9579
    endloop
  endfacet
  facet normal -0.860554 0.307941 0.405733
    outer loop
      vertex -14.6314 5.52356 7.5244
      vertex -10.5263 3.19313 18
      vertex -14.6136 5.56491 7.53077
    endloop
  endfacet
  facet normal -0.860546 0.307962 0.405734
    outer loop
      vertex -14.7778 5.20568 7.45517
      vertex -10.5263 3.19313 18
      vertex -14.6314 5.52356 7.5244
    endloop
  endfacet
  facet normal -0.860552 0.307945 0.405734
    outer loop
      vertex -14.9167 4.92721 7.37192
      vertex -10.5263 3.19313 18
      vertex -14.7778 5.20568 7.45517
    endloop
  endfacet
  facet normal -0.860624 0.307747 0.405731
    outer loop
      vertex -15.0467 4.69082 7.27547
      vertex -10.5263 3.19313 18
      vertex -14.9167 4.92721 7.37192
    endloop
  endfacet
  facet normal -0.86035 0.308522 0.405724
    outer loop
      vertex -10.5263 3.19313 18
      vertex -15.0467 4.69082 7.27547
      vertex -15.1132 4.58453 7.21528
    endloop
  endfacet
  facet normal -0.734093 0.544509 0.405731
    outer loop
      vertex -12.4756 10.0938 6.63143
      vertex -8.50311 6.97833 18
      vertex -12.4416 10.2105 6.53633
    endloop
  endfacet
  facet normal -0.734208 0.544355 0.405729
    outer loop
      vertex -12.5448 9.89137 6.7778
      vertex -8.50311 6.97833 18
      vertex -12.4756 10.0938 6.63143
    endloop
  endfacet
  facet normal -0.734017 0.544614 0.405727
    outer loop
      vertex -12.6281 9.67563 6.91669
      vertex -8.50311 6.97833 18
      vertex -12.5448 9.89137 6.7778
    endloop
  endfacet
  facet normal -0.734218 0.544338 0.405735
    outer loop
      vertex -12.7245 9.44866 7.04675
      vertex -8.50311 6.97833 18
      vertex -12.6281 9.67563 6.91669
    endloop
  endfacet
  facet normal -0.734033 0.544597 0.405722
    outer loop
      vertex -12.8333 9.21263 7.16673
      vertex -8.50311 6.97833 18
      vertex -12.7245 9.44866 7.04675
    endloop
  endfacet
  facet normal -0.734287 0.544233 0.405749
    outer loop
      vertex -8.50311 6.97833 18
      vertex -12.8333 9.21263 7.16673
      vertex -12.8773 9.12351 7.20664
    endloop
  endfacet
  facet normal -0.734219 0.54434 0.405729
    outer loop
      vertex -14.6872 12.0535 0
      vertex -13.2222 10.642 4.54483
      vertex -13.1008 10.7515 4.61761
    endloop
  endfacet
  facet normal -0.734145 0.544445 0.405723
    outer loop
      vertex -13.3686 10.4963 4.4756
      vertex -14.6872 12.0535 0
      vertex -15.7979 10.5558 0
    endloop
  endfacet
  facet normal -0.733952 0.544685 0.40575
    outer loop
      vertex -14.6872 12.0535 0
      vertex -13.3686 10.4963 4.4756
      vertex -13.2222 10.642 4.54483
    endloop
  endfacet
  facet normal -0.734344 0.544099 0.405826
    outer loop
      vertex -15.7979 10.5558 0
      vertex -13.521 10.3313 4.42105
      vertex -13.3686 10.4963 4.4756
    endloop
  endfacet
  facet normal -0.734001 0.544672 0.405679
    outer loop
      vertex -15.7979 10.5558 0
      vertex -13.6781 10.1489 4.3817
      vertex -13.521 10.3313 4.42105
    endloop
  endfacet
  facet normal -0.734107 0.544503 0.405714
    outer loop
      vertex -15.7979 10.5558 0
      vertex -13.8383 9.95062 4.35794
      vertex -13.6781 10.1489 4.3817
    endloop
  endfacet
  facet normal -0.734163 0.544417 0.405727
    outer loop
      vertex -15.7979 10.5558 0
      vertex -14 9.73848 4.35
      vertex -13.8383 9.95062 4.35794
    endloop
  endfacet
  facet normal -0.734352 0.544143 0.405754
    outer loop
      vertex -14 9.73848 4.35
      vertex -15.7979 10.5558 0
      vertex -14.0343 9.69093 4.35169
    endloop
  endfacet
  facet normal -0.668469 -0.623938 0.404784
    outer loop
      vertex -12.8333 -10.9041 4.83327
      vertex -14.6872 -12.0535 0
      vertex -12.8311 -10.9049 4.83567
    endloop
  endfacet
  facet normal -0.677153 -0.613883 0.405723
    outer loop
      vertex -12.9533 -10.8436 4.72453
      vertex -14.6872 -12.0535 0
      vertex -12.8333 -10.9041 4.83327
    endloop
  endfacet
  facet normal -0.677305 -0.613708 0.405734
    outer loop
      vertex -13.0833 -10.7639 4.62807
      vertex -14.6872 -12.0535 0
      vertex -12.9533 -10.8436 4.72453
    endloop
  endfacet
  facet normal -0.677341 -0.613667 0.405736
    outer loop
      vertex -14.6872 -12.0535 0
      vertex -13.0833 -10.7639 4.62807
      vertex -13.1008 -10.7515 4.61761
    endloop
  endfacet
  facet normal -0.677221 -0.613804 0.405729
    outer loop
      vertex -12.4416 -10.2105 6.53633
      vertex -7.77817 -7.77817 18
      vertex -8.50311 -6.97833 18
    endloop
  endfacet
  facet normal -0.676958 -0.61412 0.405689
    outer loop
      vertex -12.421 -10.2711 6.47897
      vertex -7.77817 -7.77817 18
      vertex -12.4416 -10.2105 6.53633
    endloop
  endfacet
  facet normal -0.677262 -0.613756 0.405733
    outer loop
      vertex -12.3817 -10.4183 6.3219
      vertex -7.77817 -7.77817 18
      vertex -12.421 -10.2711 6.47897
    endloop
  endfacet
  facet normal -0.677123 -0.613921 0.405716
    outer loop
      vertex -12.3579 -10.5504 6.16173
      vertex -7.77817 -7.77817 18
      vertex -12.3817 -10.4183 6.3219
    endloop
  endfacet
  facet normal -0.67783 -0.613089 0.405794
    outer loop
      vertex -7.77817 -7.77817 18
      vertex -12.3579 -10.5504 6.16173
      vertex -12.3539 -10.6096 6.07897
    endloop
  endfacet
  facet normal -0.860585 -0.307863 0.405727
    outer loop
      vertex -14.6136 -5.56491 7.53077
      vertex -10.1627 -4.20952 18
      vertex -10.5263 -3.19313 18
    endloop
  endfacet
  facet normal -0.860615 -0.307776 0.405729
    outer loop
      vertex -14.479 -5.87777 7.57895
      vertex -10.1627 -4.20952 18
      vertex -14.6136 -5.56491 7.53077
    endloop
  endfacet
  facet normal -0.860434 -0.308274 0.405734
    outer loop
      vertex -10.1627 -4.20952 18
      vertex -14.479 -5.87777 7.57895
      vertex -14.4374 -5.98018 7.58936
    endloop
  endfacet
  facet normal -0.860479 -0.308148 0.405734
    outer loop
      vertex -15.4552 -6.25489 5.22219
      vertex -17.5537 -7.27098 0
      vertex -15.428 -6.39049 5.17689
    endloop
  endfacet
  facet normal -0.860613 -0.307795 0.405719
    outer loop
      vertex -17.5537 -7.27098 0
      vertex -15.4552 -6.25489 5.22219
      vertex -15.4879 -6.07223 5.2914
    endloop
  endfacet
  facet normal 0.860479 0.308148 0.405734
    outer loop
      vertex 15.4552 6.25489 5.22219
      vertex 17.5537 7.27098 0
      vertex 15.428 6.39049 5.17689
    endloop
  endfacet
  facet normal 0.860613 0.307795 0.405719
    outer loop
      vertex 17.5537 7.27098 0
      vertex 15.4552 6.25489 5.22219
      vertex 15.4879 6.07223 5.2914
    endloop
  endfacet
  facet normal 0.860434 0.308274 0.405734
    outer loop
      vertex 10.1627 4.20952 18
      vertex 14.479 5.87777 7.57895
      vertex 14.4374 5.98018 7.58936
    endloop
  endfacet
  facet normal 0.860615 0.307776 0.405729
    outer loop
      vertex 10.1627 4.20952 18
      vertex 14.6136 5.56491 7.53077
      vertex 14.479 5.87777 7.57895
    endloop
  endfacet
  facet normal 0.860585 0.307863 0.405727
    outer loop
      vertex 14.6136 5.56491 7.53077
      vertex 10.1627 4.20952 18
      vertex 10.5263 3.19313 18
    endloop
  endfacet
  facet normal -0.904099 0.134115 0.405731
    outer loop
      vertex -18.6349 3.70672 0
      vertex -18.9085 1.86232 0
      vertex -10.947 1.07819 18
    endloop
  endfacet
  facet normal 0.134116 -0.904099 0.405731
    outer loop
      vertex 2.14599 -10.7886 18
      vertex 1.07819 -10.947 18
      vertex 3.70672 -18.6349 0
    endloop
  endfacet
  facet normal 0.734287 -0.544233 0.405749
    outer loop
      vertex 8.50311 -6.97833 18
      vertex 12.8333 -9.21263 7.16673
      vertex 12.8773 -9.12351 7.20664
    endloop
  endfacet
  facet normal 0.734033 -0.544597 0.405722
    outer loop
      vertex 8.50311 -6.97833 18
      vertex 12.7245 -9.44866 7.04675
      vertex 12.8333 -9.21263 7.16673
    endloop
  endfacet
  facet normal 0.734218 -0.544338 0.405735
    outer loop
      vertex 8.50311 -6.97833 18
      vertex 12.6281 -9.67563 6.91669
      vertex 12.7245 -9.44866 7.04675
    endloop
  endfacet
  facet normal 0.734017 -0.544614 0.405727
    outer loop
      vertex 8.50311 -6.97833 18
      vertex 12.5448 -9.89137 6.7778
      vertex 12.6281 -9.67563 6.91669
    endloop
  endfacet
  facet normal 0.734208 -0.544355 0.405729
    outer loop
      vertex 8.50311 -6.97833 18
      vertex 12.4756 -10.0938 6.63143
      vertex 12.5448 -9.89137 6.7778
    endloop
  endfacet
  facet normal 0.734093 -0.544509 0.405731
    outer loop
      vertex 12.4756 -10.0938 6.63143
      vertex 8.50311 -6.97833 18
      vertex 12.4416 -10.2105 6.53633
    endloop
  endfacet
  facet normal 0.734352 -0.544143 0.405754
    outer loop
      vertex 14 -9.73848 4.35
      vertex 15.7979 -10.5558 0
      vertex 14.0343 -9.69093 4.35169
    endloop
  endfacet
  facet normal 0.734163 -0.544417 0.405727
    outer loop
      vertex 13.8383 -9.95062 4.35794
      vertex 15.7979 -10.5558 0
      vertex 14 -9.73848 4.35
    endloop
  endfacet
  facet normal 0.734107 -0.544503 0.405714
    outer loop
      vertex 13.6781 -10.1489 4.3817
      vertex 15.7979 -10.5558 0
      vertex 13.8383 -9.95062 4.35794
    endloop
  endfacet
  facet normal 0.734001 -0.544672 0.405679
    outer loop
      vertex 13.521 -10.3313 4.42105
      vertex 15.7979 -10.5558 0
      vertex 13.6781 -10.1489 4.3817
    endloop
  endfacet
  facet normal 0.734344 -0.544099 0.405826
    outer loop
      vertex 13.3686 -10.4963 4.4756
      vertex 15.7979 -10.5558 0
      vertex 13.521 -10.3313 4.42105
    endloop
  endfacet
  facet normal 0.733952 -0.544685 0.40575
    outer loop
      vertex 14.6872 -12.0535 0
      vertex 13.3686 -10.4963 4.4756
      vertex 13.2222 -10.642 4.54483
    endloop
  endfacet
  facet normal 0.734219 -0.54434 0.405729
    outer loop
      vertex 14.6872 -12.0535 0
      vertex 13.2222 -10.642 4.54483
      vertex 13.1008 -10.7515 4.61761
    endloop
  endfacet
  facet normal 0.734145 -0.544445 0.405723
    outer loop
      vertex 13.3686 -10.4963 4.4756
      vertex 14.6872 -12.0535 0
      vertex 15.7979 -10.5558 0
    endloop
  endfacet
  facet normal -0.390727 0.826265 0.405732
    outer loop
      vertex -5.18536 9.70113 18
      vertex -6.50837 14.1617 7.64205
      vertex -6.84206 14 7.65
    endloop
  endfacet
  facet normal -0.391199 0.826056 0.405702
    outer loop
      vertex -6.50837 14.1617 7.64205
      vertex -5.18536 9.70113 18
      vertex -6.38658 14.2239 7.63284
    endloop
  endfacet
  facet normal -0.390727 0.826265 0.405732
    outer loop
      vertex -7.19226 13.8383 7.64205
      vertex -5.18536 9.70113 18
      vertex -6.84206 14 7.65
    endloop
  endfacet
  facet normal -0.391015 0.826128 0.405733
    outer loop
      vertex -5.18536 9.70113 18
      vertex -7.19226 13.8383 7.64205
      vertex -7.35772 13.7653 7.63123
    endloop
  endfacet
  facet normal -0.390794 0.826238 0.405722
    outer loop
      vertex -7.27098 17.5537 0
      vertex -6.94521 15.2755 4.95325
      vertex -6.68552 15.3494 5.05289
    endloop
  endfacet
  facet normal -0.390902 0.826194 0.405709
    outer loop
      vertex -7.27098 17.5537 0
      vertex -7.29969 15.1667 4.83327
      vertex -6.94521 15.2755 4.95325
    endloop
  endfacet
  facet normal -0.390817 0.826226 0.405725
    outer loop
      vertex -7.27098 17.5537 0
      vertex -7.66627 15.0467 4.72453
      vertex -7.29969 15.1667 4.83327
    endloop
  endfacet
  facet normal -0.390584 0.826305 0.405787
    outer loop
      vertex -7.27098 17.5537 0
      vertex -7.98381 14.9367 4.64288
      vertex -7.66627 15.0467 4.72453
    endloop
  endfacet
  facet normal -0.390779 0.826245 0.405723
    outer loop
      vertex -7.98381 14.9367 4.64288
      vertex -7.27098 17.5537 0
      vertex -8.95654 16.7565 0
    endloop
  endfacet
  facet normal 0.613804 -0.677221 0.405729
    outer loop
      vertex 10.2105 -12.4416 6.53633
      vertex 7.77817 -7.77817 18
      vertex 6.97833 -8.50311 18
    endloop
  endfacet
  facet normal 0.61412 -0.676958 0.405689
    outer loop
      vertex 10.2711 -12.421 6.47897
      vertex 7.77817 -7.77817 18
      vertex 10.2105 -12.4416 6.53633
    endloop
  endfacet
  facet normal 0.613756 -0.677262 0.405733
    outer loop
      vertex 10.4183 -12.3817 6.3219
      vertex 7.77817 -7.77817 18
      vertex 10.2711 -12.421 6.47897
    endloop
  endfacet
  facet normal 0.613921 -0.677123 0.405716
    outer loop
      vertex 10.5504 -12.3579 6.16173
      vertex 7.77817 -7.77817 18
      vertex 10.4183 -12.3817 6.3219
    endloop
  endfacet
  facet normal 0.613089 -0.67783 0.405794
    outer loop
      vertex 7.77817 -7.77817 18
      vertex 10.5504 -12.3579 6.16173
      vertex 10.6096 -12.3539 6.07897
    endloop
  endfacet
  facet normal 0.623938 -0.668469 0.404784
    outer loop
      vertex 10.9041 -12.8333 4.83327
      vertex 12.0535 -14.6872 0
      vertex 10.9049 -12.8311 4.83567
    endloop
  endfacet
  facet normal 0.613883 -0.677153 0.405723
    outer loop
      vertex 10.8436 -12.9533 4.72453
      vertex 12.0535 -14.6872 0
      vertex 10.9041 -12.8333 4.83327
    endloop
  endfacet
  facet normal 0.613708 -0.677305 0.405734
    outer loop
      vertex 10.7639 -13.0833 4.62807
      vertex 12.0535 -14.6872 0
      vertex 10.8436 -12.9533 4.72453
    endloop
  endfacet
  facet normal 0.613667 -0.677341 0.405736
    outer loop
      vertex 12.0535 -14.6872 0
      vertex 10.7639 -13.0833 4.62807
      vertex 10.7515 -13.1008 4.61761
    endloop
  endfacet
  facet normal -0.734132 -0.544458 0.405728
    outer loop
      vertex -14.1617 -9.51449 4.35794
      vertex -15.7979 -10.5558 0
      vertex -14.0343 -9.69093 4.35169
    endloop
  endfacet
  facet normal -0.734167 -0.544411 0.405729
    outer loop
      vertex -15.7979 -10.5558 0
      vertex -14.1617 -9.51449 4.35794
      vertex -14.1861 -9.47888 4.36157
    endloop
  endfacet
  facet normal -0.734127 -0.544461 0.405733
    outer loop
      vertex -13.0758 -8.73694 7.36632
      vertex -8.50311 -6.97833 18
      vertex -9.14616 -6.11127 18
    endloop
  endfacet
  facet normal -0.734133 -0.544453 0.405734
    outer loop
      vertex -12.9533 -8.96982 7.27547
      vertex -8.50311 -6.97833 18
      vertex -13.0758 -8.73694 7.36632
    endloop
  endfacet
  facet normal -0.733992 -0.544659 0.405713
    outer loop
      vertex -8.50311 -6.97833 18
      vertex -12.9533 -8.96982 7.27547
      vertex -12.8773 -9.12351 7.20664
    endloop
  endfacet
  facet normal -0.134115 0.904099 0.405731
    outer loop
      vertex -1.86232 18.9085 0
      vertex -3.70672 18.6349 0
      vertex -1.07819 10.947 18
    endloop
  endfacet
  facet normal -0.826231 -0.390805 0.405726
    outer loop
      vertex -14.4374 -5.98018 7.58936
      vertex -9.70113 -5.18536 18
      vertex -10.1627 -4.20952 18
    endloop
  endfacet
  facet normal -0.826267 -0.390718 0.405736
    outer loop
      vertex -14.3219 -6.19438 7.6183
      vertex -9.70113 -5.18536 18
      vertex -14.4374 -5.98018 7.58936
    endloop
  endfacet
  facet normal -0.826306 -0.390627 0.405745
    outer loop
      vertex -9.70113 -5.18536 18
      vertex -14.3219 -6.19438 7.6183
      vertex -14.2239 -6.38658 7.63284
    endloop
  endfacet
  facet normal -0.826475 -0.39025 0.405763
    outer loop
      vertex -15.3719 -6.60624 5.08331
      vertex -17.5537 -7.27098 0
      vertex -15.3494 -6.68552 5.05289
    endloop
  endfacet
  facet normal -0.826223 -0.390819 0.405729
    outer loop
      vertex -17.5537 -7.27098 0
      vertex -15.3719 -6.60624 5.08331
      vertex -15.428 -6.39049 5.17689
    endloop
  endfacet
  facet normal 0.469887 -0.783957 0.405731
    outer loop
      vertex 8.32536 -13.2658 7.47579
      vertex 6.11127 -9.14616 18
      vertex 5.18536 -9.70113 18
    endloop
  endfacet
  facet normal 0.469874 -0.783965 0.405731
    outer loop
      vertex 8.41591 -13.2222 7.45517
      vertex 6.11127 -9.14616 18
      vertex 8.32536 -13.2658 7.47579
    endloop
  endfacet
  facet normal 0.469928 -0.783933 0.40573
    outer loop
      vertex 8.7195 -13.0833 7.37192
      vertex 6.11127 -9.14616 18
      vertex 8.41591 -13.2222 7.45517
    endloop
  endfacet
  facet normal 0.46792 -0.785154 0.40569
    outer loop
      vertex 6.11127 -9.14616 18
      vertex 8.7195 -13.0833 7.37192
      vertex 8.73694 -13.0758 7.36632
    endloop
  endfacet
  facet normal 0.470023 -0.783875 0.405732
    outer loop
      vertex 9.47888 -14.1861 4.36157
      vertex 9.24885 -14.3142 4.38056
      vertex 10.5558 -15.7979 0
    endloop
  endfacet
  facet normal -0.783875 0.470023 0.405732
    outer loop
      vertex -14.1861 9.47888 4.36157
      vertex -15.7979 10.5558 0
      vertex -14.3142 9.24885 4.38056
    endloop
  endfacet
  facet normal -0.785154 0.46792 0.40569
    outer loop
      vertex -13.0833 8.7195 7.37192
      vertex -9.14616 6.11127 18
      vertex -13.0758 8.73694 7.36632
    endloop
  endfacet
  facet normal -0.783933 0.469928 0.40573
    outer loop
      vertex -13.2222 8.41591 7.45517
      vertex -9.14616 6.11127 18
      vertex -13.0833 8.7195 7.37192
    endloop
  endfacet
  facet normal -0.783965 0.469874 0.405731
    outer loop
      vertex -13.2658 8.32536 7.47579
      vertex -9.14616 6.11127 18
      vertex -13.2222 8.41591 7.45517
    endloop
  endfacet
  facet normal -0.783957 0.469887 0.405731
    outer loop
      vertex -9.14616 6.11127 18
      vertex -13.2658 8.32536 7.47579
      vertex -9.70113 5.18536 18
    endloop
  endfacet
  facet normal -0.390805 0.826231 0.405726
    outer loop
      vertex -5.98018 14.4374 7.58936
      vertex -5.18536 9.70113 18
      vertex -4.20952 10.1627 18
    endloop
  endfacet
  facet normal -0.390627 0.826306 0.405745
    outer loop
      vertex -5.18536 9.70113 18
      vertex -6.19438 14.3219 7.6183
      vertex -6.38658 14.2239 7.63284
    endloop
  endfacet
  facet normal -0.390718 0.826267 0.405736
    outer loop
      vertex -5.18536 9.70113 18
      vertex -5.98018 14.4374 7.58936
      vertex -6.19438 14.3219 7.6183
    endloop
  endfacet
  facet normal -0.39025 0.826475 0.405763
    outer loop
      vertex -6.60624 15.3719 5.08331
      vertex -7.27098 17.5537 0
      vertex -6.68552 15.3494 5.05289
    endloop
  endfacet
  facet normal -0.390819 0.826223 0.405729
    outer loop
      vertex -7.27098 17.5537 0
      vertex -6.60624 15.3719 5.08331
      vertex -6.39049 15.428 5.17689
    endloop
  endfacet
  facet normal -0.886601 0.222086 0.405731
    outer loop
      vertex -10.5263 3.19313 18
      vertex -18.6349 3.70672 0
      vertex -10.7886 2.14599 18
    endloop
  endfacet
  facet normal -0.544143 0.734352 0.405754
    outer loop
      vertex -9.69093 14.0343 4.35169
      vertex -10.5558 15.7979 0
      vertex -9.73848 14 4.35
    endloop
  endfacet
  facet normal -0.544417 0.734163 0.405727
    outer loop
      vertex -10.5558 15.7979 0
      vertex -9.95062 13.8383 4.35794
      vertex -9.73848 14 4.35
    endloop
  endfacet
  facet normal -0.544503 0.734107 0.405714
    outer loop
      vertex -10.5558 15.7979 0
      vertex -10.1489 13.6781 4.3817
      vertex -9.95062 13.8383 4.35794
    endloop
  endfacet
  facet normal -0.544672 0.734001 0.405679
    outer loop
      vertex -10.5558 15.7979 0
      vertex -10.3313 13.521 4.42105
      vertex -10.1489 13.6781 4.3817
    endloop
  endfacet
  facet normal -0.544099 0.734344 0.405826
    outer loop
      vertex -10.5558 15.7979 0
      vertex -10.4963 13.3686 4.4756
      vertex -10.3313 13.521 4.42105
    endloop
  endfacet
  facet normal -0.544445 0.734145 0.405723
    outer loop
      vertex -12.0535 14.6872 0
      vertex -10.4963 13.3686 4.4756
      vertex -10.5558 15.7979 0
    endloop
  endfacet
  facet normal -0.544685 0.733952 0.40575
    outer loop
      vertex -10.4963 13.3686 4.4756
      vertex -12.0535 14.6872 0
      vertex -10.642 13.2222 4.54483
    endloop
  endfacet
  facet normal -0.54434 0.734219 0.405729
    outer loop
      vertex -10.642 13.2222 4.54483
      vertex -12.0535 14.6872 0
      vertex -10.7515 13.1008 4.61761
    endloop
  endfacet
  facet normal -0.544233 0.734287 0.405749
    outer loop
      vertex -9.21263 12.8333 7.16673
      vertex -6.97833 8.50311 18
      vertex -9.12351 12.8773 7.20664
    endloop
  endfacet
  facet normal -0.544597 0.734033 0.405722
    outer loop
      vertex -9.44866 12.7245 7.04675
      vertex -6.97833 8.50311 18
      vertex -9.21263 12.8333 7.16673
    endloop
  endfacet
  facet normal -0.544338 0.734218 0.405735
    outer loop
      vertex -9.67563 12.6281 6.91669
      vertex -6.97833 8.50311 18
      vertex -9.44866 12.7245 7.04675
    endloop
  endfacet
  facet normal -0.544614 0.734017 0.405727
    outer loop
      vertex -9.89137 12.5448 6.7778
      vertex -6.97833 8.50311 18
      vertex -9.67563 12.6281 6.91669
    endloop
  endfacet
  facet normal -0.544355 0.734208 0.405729
    outer loop
      vertex -10.0938 12.4756 6.63143
      vertex -6.97833 8.50311 18
      vertex -9.89137 12.5448 6.7778
    endloop
  endfacet
  facet normal -0.544509 0.734093 0.405731
    outer loop
      vertex -6.97833 8.50311 18
      vertex -10.0938 12.4756 6.63143
      vertex -10.2105 12.4416 6.53633
    endloop
  endfacet
  facet normal -0.0448524 -0.912891 0.405731
    outer loop
      vertex -1.07819 -10.947 18
      vertex -1.86232 -18.9085 0
      vertex 0 -19 0
    endloop
  endfacet
  facet normal -0.0448745 -0.912891 0.405729
    outer loop
      vertex 0 -11 18
      vertex -1.07819 -10.947 18
      vertex 0 -19 0
    endloop
  endfacet
  facet normal 0.544461 -0.734127 0.405733
    outer loop
      vertex 8.73694 -13.0758 7.36632
      vertex 6.97833 -8.50311 18
      vertex 6.11127 -9.14616 18
    endloop
  endfacet
  facet normal 0.544453 -0.734133 0.405734
    outer loop
      vertex 8.96982 -12.9533 7.27547
      vertex 6.97833 -8.50311 18
      vertex 8.73694 -13.0758 7.36632
    endloop
  endfacet
  facet normal 0.544659 -0.733992 0.405713
    outer loop
      vertex 6.97833 -8.50311 18
      vertex 8.96982 -12.9533 7.27547
      vertex 9.12351 -12.8773 7.20664
    endloop
  endfacet
  facet normal 0.544458 -0.734132 0.405728
    outer loop
      vertex 9.51449 -14.1617 4.35794
      vertex 10.5558 -15.7979 0
      vertex 9.69093 -14.0343 4.35169
    endloop
  endfacet
  facet normal 0.544411 -0.734167 0.405729
    outer loop
      vertex 10.5558 -15.7979 0
      vertex 9.51449 -14.1617 4.35794
      vertex 9.47888 -14.1861 4.36157
    endloop
  endfacet
  facet normal -0.826245 0.390779 0.405723
    outer loop
      vertex -17.5537 7.27098 0
      vertex -14.9367 7.98381 4.64288
      vertex -16.7565 8.95654 0
    endloop
  endfacet
  facet normal -0.826305 0.390584 0.405787
    outer loop
      vertex -14.9367 7.98381 4.64288
      vertex -17.5537 7.27098 0
      vertex -15.0467 7.66627 4.72453
    endloop
  endfacet
  facet normal -0.826226 0.390817 0.405725
    outer loop
      vertex -15.0467 7.66627 4.72453
      vertex -17.5537 7.27098 0
      vertex -15.1667 7.29969 4.83327
    endloop
  endfacet
  facet normal -0.826194 0.390902 0.405709
    outer loop
      vertex -17.5537 7.27098 0
      vertex -15.2755 6.94521 4.95325
      vertex -15.1667 7.29969 4.83327
    endloop
  endfacet
  facet normal -0.826238 0.390794 0.405722
    outer loop
      vertex -15.2755 6.94521 4.95325
      vertex -17.5537 7.27098 0
      vertex -15.3494 6.68552 5.05289
    endloop
  endfacet
  facet normal -0.826128 0.391015 0.405733
    outer loop
      vertex -13.8383 7.19226 7.64205
      vertex -9.70113 5.18536 18
      vertex -13.7653 7.35772 7.63123
    endloop
  endfacet
  facet normal -0.826265 0.390727 0.405732
    outer loop
      vertex -14 6.84206 7.65
      vertex -9.70113 5.18536 18
      vertex -13.8383 7.19226 7.64205
    endloop
  endfacet
  facet normal -0.826265 0.390727 0.405732
    outer loop
      vertex -14.1617 6.50837 7.64205
      vertex -9.70113 5.18536 18
      vertex -14 6.84206 7.65
    endloop
  endfacet
  facet normal -0.826056 0.391199 0.405702
    outer loop
      vertex -9.70113 5.18536 18
      vertex -14.1617 6.50837 7.64205
      vertex -14.2239 6.38658 7.63284
    endloop
  endfacet
  facet normal 0.22166 0.886708 0.405728
    outer loop
      vertex 4.45938 15.1667 7.16673
      vertex 3.19313 10.5263 18
      vertex 4.58453 15.1132 7.21528
    endloop
  endfacet
  facet normal 0.222289 0.886549 0.405733
    outer loop
      vertex 4.24445 15.2755 7.04675
      vertex 3.19313 10.5263 18
      vertex 4.45938 15.1667 7.16673
    endloop
  endfacet
  facet normal 0.221775 0.886675 0.405738
    outer loop
      vertex 4.09698 15.3719 6.91669
      vertex 3.19313 10.5263 18
      vertex 4.24445 15.2755 7.04675
    endloop
  endfacet
  facet normal 0.222567 0.886485 0.40572
    outer loop
      vertex 4.01838 15.4552 6.7778
      vertex 3.19313 10.5263 18
      vertex 4.09698 15.3719 6.91669
    endloop
  endfacet
  facet normal 0.220908 0.886877 0.40577
    outer loop
      vertex 4.00942 15.5244 6.63143
      vertex 3.19313 10.5263 18
      vertex 4.01838 15.4552 6.7778
    endloop
  endfacet
  facet normal 0.222057 0.886605 0.405737
    outer loop
      vertex 3.70672 18.6349 0
      vertex 4.74675 15.6479 5.9579
      vertex 5.51541 18.1819 0
    endloop
  endfacet
  facet normal 0.222356 0.886563 0.405664
    outer loop
      vertex 4.74675 15.6479 5.9579
      vertex 3.70672 18.6349 0
      vertex 4.66157 15.65 6
    endloop
  endfacet
  facet normal 0.222215 0.886584 0.405697
    outer loop
      vertex 4.66157 15.65 6
      vertex 3.70672 18.6349 0
      vertex 4.39782 15.6421 6.16173
    endloop
  endfacet
  facet normal 0.221914 0.886633 0.405755
    outer loop
      vertex 4.39782 15.6421 6.16173
      vertex 3.70672 18.6349 0
      vertex 4.20005 15.6183 6.3219
    endloop
  endfacet
  facet normal 0.222352 0.886555 0.405683
    outer loop
      vertex 4.20005 15.6183 6.3219
      vertex 3.70672 18.6349 0
      vertex 4.07017 15.579 6.47897
    endloop
  endfacet
  facet normal 0.222031 0.886612 0.405734
    outer loop
      vertex 4.00942 15.5244 6.63143
      vertex 3.70672 18.6349 0
      vertex 3.19313 10.5263 18
    endloop
  endfacet
  facet normal 0.221479 0.886717 0.405809
    outer loop
      vertex 4.07017 15.579 6.47897
      vertex 3.70672 18.6349 0
      vertex 4.00942 15.5244 6.63143
    endloop
  endfacet
  facet normal -0.860479 0.308148 0.405734
    outer loop
      vertex -17.5537 7.27098 0
      vertex -15.4552 6.25489 5.22219
      vertex -15.428 6.39049 5.17689
    endloop
  endfacet
  facet normal -0.860613 0.307795 0.405719
    outer loop
      vertex -15.4552 6.25489 5.22219
      vertex -17.5537 7.27098 0
      vertex -15.4879 6.07223 5.2914
    endloop
  endfacet
  facet normal -0.860434 0.308274 0.405734
    outer loop
      vertex -14.479 5.87777 7.57895
      vertex -10.1627 4.20952 18
      vertex -14.4374 5.98018 7.58936
    endloop
  endfacet
  facet normal -0.860615 0.307776 0.405729
    outer loop
      vertex -14.6136 5.56491 7.53077
      vertex -10.1627 4.20952 18
      vertex -14.479 5.87777 7.57895
    endloop
  endfacet
  facet normal -0.860585 0.307863 0.405727
    outer loop
      vertex -10.1627 4.20952 18
      vertex -14.6136 5.56491 7.53077
      vertex -10.5263 3.19313 18
    endloop
  endfacet
  facet normal -0.544461 -0.734127 0.405733
    outer loop
      vertex -6.97833 -8.50311 18
      vertex -8.73694 -13.0758 7.36632
      vertex -6.11127 -9.14616 18
    endloop
  endfacet
  facet normal -0.544453 -0.734133 0.405734
    outer loop
      vertex -6.97833 -8.50311 18
      vertex -8.96982 -12.9533 7.27547
      vertex -8.73694 -13.0758 7.36632
    endloop
  endfacet
  facet normal -0.544659 -0.733992 0.405713
    outer loop
      vertex -8.96982 -12.9533 7.27547
      vertex -6.97833 -8.50311 18
      vertex -9.12351 -12.8773 7.20664
    endloop
  endfacet
  facet normal -0.544411 -0.734167 0.405729
    outer loop
      vertex -9.51449 -14.1617 4.35794
      vertex -10.5558 -15.7979 0
      vertex -9.47888 -14.1861 4.36157
    endloop
  endfacet
  facet normal -0.544458 -0.734132 0.405728
    outer loop
      vertex -10.5558 -15.7979 0
      vertex -9.51449 -14.1617 4.35794
      vertex -9.69093 -14.0343 4.35169
    endloop
  endfacet
  facet normal -0.668968 -0.00237145 -0.743287
    outer loop
      vertex 15.0467 -4.69082 7.27547
      vertex 15.1667 -4.45938 7.16673
      vertex 15.1132 -4.58453 7.21528
    endloop
  endfacet
  facet normal -0.671486 0 -0.741018
    outer loop
      vertex 15.1667 -4.45938 7.16673
      vertex 15.0467 -4.69082 7.27547
      vertex 15.1667 4.45938 7.16673
    endloop
  endfacet
  facet normal -0.671486 -0 -0.741018
    outer loop
      vertex 15.0467 4.69082 7.27547
      vertex 15.1667 4.45938 7.16673
      vertex 15.0467 -4.69082 7.27547
    endloop
  endfacet
  facet normal -0.668968 0.00237145 -0.743287
    outer loop
      vertex 15.1667 4.45938 7.16673
      vertex 15.0467 4.69082 7.27547
      vertex 15.1132 4.58453 7.21528
    endloop
  endfacet
  facet normal -0.98914 0 -0.146978
    outer loop
      vertex 15.6421 4.39782 6.16173
      vertex 15.6183 -4.20005 6.3219
      vertex 15.6183 4.20005 6.3219
    endloop
  endfacet
  facet normal -0.98914 0 -0.146978
    outer loop
      vertex 15.6183 -4.20005 6.3219
      vertex 15.6421 4.39782 6.16173
      vertex 15.6421 -4.39782 6.16173
    endloop
  endfacet
  facet normal -0.998809 0 -0.0487887
    outer loop
      vertex 15.65 4.66157 6
      vertex 15.6421 -4.39782 6.16173
      vertex 15.6421 4.39782 6.16173
    endloop
  endfacet
  facet normal -0.998809 0 -0.0487887
    outer loop
      vertex 15.6421 -4.39782 6.16173
      vertex 15.65 4.66157 6
      vertex 15.65 -4.66157 6
    endloop
  endfacet
  facet normal 0.242971 0 -0.970033
    outer loop
      vertex 13.521 -7.81045 7.57895
      vertex 13.6781 7.51442 7.6183
      vertex 13.6781 -7.51442 7.6183
    endloop
  endfacet
  facet normal 0.242971 0 -0.970033
    outer loop
      vertex 13.6781 7.51442 7.6183
      vertex 13.521 -7.81045 7.57895
      vertex 13.521 7.81045 7.57895
    endloop
  endfacet
  facet normal 0.904067 -0 0.427391
    outer loop
      vertex 12.4756 -10.9449 5.36857
      vertex 12.5448 10.9653 5.22219
      vertex 12.4756 10.9449 5.36857
    endloop
  endfacet
  facet normal 0.904067 0 0.427391
    outer loop
      vertex 12.5448 10.9653 5.22219
      vertex 12.4756 -10.9449 5.36857
      vertex 12.5448 -10.9653 5.22219
    endloop
  endfacet
  facet normal -0.514087 0 -0.857738
    outer loop
      vertex 14.7778 -5.20568 7.45517
      vertex 14.9167 4.92721 7.37192
      vertex 14.9167 -4.92721 7.37192
    endloop
  endfacet
  facet normal -0.514087 0 -0.857738
    outer loop
      vertex 14.9167 4.92721 7.37192
      vertex 14.7778 -5.20568 7.45517
      vertex 14.7778 5.20568 7.45517
    endloop
  endfacet
  facet normal -0.970095 0 -0.242725
    outer loop
      vertex 15.6183 4.20005 6.3219
      vertex 15.579 -4.07017 6.47897
      vertex 15.579 4.07017 6.47897
    endloop
  endfacet
  facet normal -0.970095 0 -0.242725
    outer loop
      vertex 15.579 -4.07017 6.47897
      vertex 15.6183 4.20005 6.3219
      vertex 15.6183 -4.20005 6.3219
    endloop
  endfacet
  facet normal 0.671278 0 -0.741205
    outer loop
      vertex 12.8773 -9.12351 7.20664
      vertex 12.9533 8.96982 7.27547
      vertex 12.9533 -8.96982 7.27547
    endloop
  endfacet
  facet normal 0.671278 0 -0.741205
    outer loop
      vertex 12.8773 -9.12351 7.20664
      vertex 12.8773 9.12351 7.20664
      vertex 12.9533 8.96982 7.27547
    endloop
  endfacet
  facet normal 0.671843 0 -0.740694
    outer loop
      vertex 12.8333 -9.21263 7.16673
      vertex 12.8773 9.12351 7.20664
      vertex 12.8773 -9.12351 7.20664
    endloop
  endfacet
  facet normal 0.671843 0 -0.740694
    outer loop
      vertex 12.8773 9.12351 7.20664
      vertex 12.8333 -9.21263 7.16673
      vertex 12.8333 9.21263 7.16673
    endloop
  endfacet
  facet normal 0.970095 0 -0.242725
    outer loop
      vertex 12.421 -10.2711 6.47897
      vertex 12.3817 10.4183 6.3219
      vertex 12.421 10.2711 6.47897
    endloop
  endfacet
  facet normal 0.970095 0 -0.242725
    outer loop
      vertex 12.3817 10.4183 6.3219
      vertex 12.421 -10.2711 6.47897
      vertex 12.3817 -10.4183 6.3219
    endloop
  endfacet
  facet normal 0.514087 0 -0.857738
    outer loop
      vertex 13.0833 -8.7195 7.37192
      vertex 13.2222 8.41591 7.45517
      vertex 13.2222 -8.41591 7.45517
    endloop
  endfacet
  facet normal 0.514087 0 -0.857738
    outer loop
      vertex 13.2222 8.41591 7.45517
      vertex 13.0833 -8.7195 7.37192
      vertex 13.0833 8.7195 7.37192
    endloop
  endfacet
  facet normal -0.146456 0 0.989217
    outer loop
      vertex 14.3142 9.24885 4.38056
      vertex 14.3219 -9.23499 4.3817
      vertex 14.3219 9.23499 4.3817
    endloop
  endfacet
  facet normal -0.146456 0 0.989217
    outer loop
      vertex 14.3142 9.24885 4.38056
      vertex 14.3142 -9.24885 4.38056
      vertex 14.3219 -9.23499 4.3817
    endloop
  endfacet
  facet normal -0.149363 -0.00154936 0.988781
    outer loop
      vertex 14.1617 9.51449 4.35794
      vertex 14.3142 9.24885 4.38056
      vertex 14.1861 9.47888 4.36157
    endloop
  endfacet
  facet normal -0.146723 0 0.989178
    outer loop
      vertex 14.3142 9.24885 4.38056
      vertex 14.1617 9.51449 4.35794
      vertex 14.3142 -9.24885 4.38056
    endloop
  endfacet
  facet normal -0.146723 0 0.989178
    outer loop
      vertex 14.1617 -9.51449 4.35794
      vertex 14.3142 -9.24885 4.38056
      vertex 14.1617 9.51449 4.35794
    endloop
  endfacet
  facet normal -0.149363 0.00154936 0.988781
    outer loop
      vertex 14.3142 -9.24885 4.38056
      vertex 14.1617 -9.51449 4.35794
      vertex 14.1861 -9.47888 4.36157
    endloop
  endfacet
  facet normal 0.941448 -0 0.337158
    outer loop
      vertex 12.421 -10.9043 5.52103
      vertex 12.4756 10.9449 5.36857
      vertex 12.421 10.9043 5.52103
    endloop
  endfacet
  facet normal 0.941448 0 0.337158
    outer loop
      vertex 12.4756 10.9449 5.36857
      vertex 12.421 -10.9043 5.52103
      vertex 12.4756 -10.9449 5.36857
    endloop
  endfacet
  facet normal -0.514042 0 0.857765
    outer loop
      vertex 14.7778 8.3335 4.54483
      vertex 14.9167 -8.0299 4.62807
      vertex 14.9167 8.0299 4.62807
    endloop
  endfacet
  facet normal -0.514042 0 0.857765
    outer loop
      vertex 14.9167 -8.0299 4.62807
      vertex 14.7778 8.3335 4.54483
      vertex 14.7778 -8.3335 4.54483
    endloop
  endfacet
  facet normal -0.0491058 0 -0.998794
    outer loop
      vertex 14 -6.84206 7.65
      vertex 14.1617 6.50837 7.64205
      vertex 14.1617 -6.50837 7.64205
    endloop
  endfacet
  facet normal -0.0491058 0 -0.998794
    outer loop
      vertex 14.1617 6.50837 7.64205
      vertex 14 -6.84206 7.65
      vertex 14 6.84206 7.65
    endloop
  endfacet
  facet normal -0.904056 0 -0.427414
    outer loop
      vertex 15.5244 -4.00942 6.63143
      vertex 15.4552 4.01838 6.7778
      vertex 15.5244 4.00942 6.63143
    endloop
  endfacet
  facet normal -0.904056 -0 -0.427414
    outer loop
      vertex 15.4552 4.01838 6.7778
      vertex 15.5244 -4.00942 6.63143
      vertex 15.4552 -4.01838 6.7778
    endloop
  endfacet
  facet normal 0.904056 0 -0.427414
    outer loop
      vertex 12.5448 -9.89137 6.7778
      vertex 12.4756 10.0938 6.63143
      vertex 12.5448 9.89137 6.7778
    endloop
  endfacet
  facet normal 0.904056 0 -0.427414
    outer loop
      vertex 12.4756 10.0938 6.63143
      vertex 12.5448 -9.89137 6.7778
      vertex 12.4756 -10.0938 6.63143
    endloop
  endfacet
  facet normal 0.803382 0 -0.595464
    outer loop
      vertex 12.7245 -9.44866 7.04675
      vertex 12.6281 9.67563 6.91669
      vertex 12.7245 9.44866 7.04675
    endloop
  endfacet
  facet normal 0.803382 0 -0.595464
    outer loop
      vertex 12.6281 9.67563 6.91669
      vertex 12.7245 -9.44866 7.04675
      vertex 12.6281 -9.67563 6.91669
    endloop
  endfacet
  facet normal 0.0183543 0.362713 0.93172
    outer loop
      vertex 15.2755 6.94521 4.95325
      vertex 15.3719 6.60624 5.08331
      vertex 15.3494 6.68552 5.05289
    endloop
  endfacet
  facet normal -0.803382 0 0.595464
    outer loop
      vertex 15.2755 6.94521 4.95325
      vertex 15.3719 -6.60624 5.08331
      vertex 15.3719 6.60624 5.08331
    endloop
  endfacet
  facet normal -0.803964 -1.16786e-05 0.594678
    outer loop
      vertex 15.2755 6.94521 4.95325
      vertex 15.3494 -6.68552 5.05289
      vertex 15.3719 -6.60624 5.08331
    endloop
  endfacet
  facet normal -0.8032 0 0.595709
    outer loop
      vertex 15.3494 -6.68552 5.05289
      vertex 15.2755 6.94521 4.95325
      vertex 15.2755 -6.94521 4.95325
    endloop
  endfacet
  facet normal -0.146761 0 -0.989172
    outer loop
      vertex 14.2239 -6.38658 7.63284
      vertex 14.3219 6.19438 7.6183
      vertex 14.3219 -6.19438 7.6183
    endloop
  endfacet
  facet normal -0.146761 0 -0.989172
    outer loop
      vertex 14.2239 -6.38658 7.63284
      vertex 14.2239 6.38658 7.63284
      vertex 14.3219 6.19438 7.6183
    endloop
  endfacet
  facet normal -0.146474 0 -0.989215
    outer loop
      vertex 14.1617 -6.50837 7.64205
      vertex 14.2239 6.38658 7.63284
      vertex 14.2239 -6.38658 7.63284
    endloop
  endfacet
  facet normal -0.146474 0 -0.989215
    outer loop
      vertex 14.2239 6.38658 7.63284
      vertex 14.1617 -6.50837 7.64205
      vertex 14.1617 6.50837 7.64205
    endloop
  endfacet
  facet normal -0.337002 0 0.941504
    outer loop
      vertex 14.479 8.93896 4.42105
      vertex 14.6314 -8.6375 4.4756
      vertex 14.6314 8.6375 4.4756
    endloop
  endfacet
  facet normal -0.337002 0 0.941504
    outer loop
      vertex 14.6314 -8.6375 4.4756
      vertex 14.479 8.93896 4.42105
      vertex 14.479 -8.93896 4.42105
    endloop
  endfacet
  facet normal -0.803382 0 -0.595464
    outer loop
      vertex 15.3719 -4.09698 6.91669
      vertex 15.2755 4.24445 7.04675
      vertex 15.3719 4.09698 6.91669
    endloop
  endfacet
  facet normal -0.803382 -0 -0.595464
    outer loop
      vertex 15.2755 4.24445 7.04675
      vertex 15.3719 -4.09698 6.91669
      vertex 15.2755 -4.24445 7.04675
    endloop
  endfacet
  facet normal 0.98914 0 -0.146978
    outer loop
      vertex 12.3817 -10.4183 6.3219
      vertex 12.3579 10.5504 6.16173
      vertex 12.3817 10.4183 6.3219
    endloop
  endfacet
  facet normal 0.98914 0 -0.146978
    outer loop
      vertex 12.3579 10.5504 6.16173
      vertex 12.3817 -10.4183 6.3219
      vertex 12.3579 -10.5504 6.16173
    endloop
  endfacet
  facet normal 0.857569 0 0.514369
    outer loop
      vertex 12.5448 10.9653 5.22219
      vertex 12.6281 -10.9652 5.08331
      vertex 12.6281 10.9652 5.08331
    endloop
  endfacet
  facet normal 0.857569 0 0.514369
    outer loop
      vertex 12.6281 -10.9652 5.08331
      vertex 12.5448 10.9653 5.22219
      vertex 12.5448 -10.9653 5.22219
    endloop
  endfacet
  facet normal -0.858896 -0.00119174 0.512149
    outer loop
      vertex 15.3719 6.60624 5.08331
      vertex 15.4552 6.25489 5.22219
      vertex 15.428 6.39049 5.17689
    endloop
  endfacet
  facet normal -0.857569 0 0.514369
    outer loop
      vertex 15.3719 6.60624 5.08331
      vertex 15.4552 -6.25489 5.22219
      vertex 15.4552 6.25489 5.22219
    endloop
  endfacet
  facet normal -0.857569 0 0.514369
    outer loop
      vertex 15.3719 -6.60624 5.08331
      vertex 15.4552 -6.25489 5.22219
      vertex 15.3719 6.60624 5.08331
    endloop
  endfacet
  facet normal -0.858896 0.00119174 0.512149
    outer loop
      vertex 15.4552 -6.25489 5.22219
      vertex 15.3719 -6.60624 5.08331
      vertex 15.428 -6.39049 5.17689
    endloop
  endfacet
  facet normal 0.98914 -0 0.146978
    outer loop
      vertex 12.3579 -10.7642 5.83827
      vertex 12.3817 10.8439 5.6781
      vertex 12.3579 10.7642 5.83827
    endloop
  endfacet
  facet normal 0.98914 0 0.146978
    outer loop
      vertex 12.3817 10.8439 5.6781
      vertex 12.3579 -10.7642 5.83827
      vertex 12.3817 -10.8439 5.6781
    endloop
  endfacet
  facet normal 0.427478 0 -0.904026
    outer loop
      vertex 13.2658 -8.32536 7.47579
      vertex 13.3686 8.11191 7.5244
      vertex 13.3686 -8.11191 7.5244
    endloop
  endfacet
  facet normal 0.427478 0 -0.904026
    outer loop
      vertex 13.2658 -8.32536 7.47579
      vertex 13.2658 8.32536 7.47579
      vertex 13.3686 8.11191 7.5244
    endloop
  endfacet
  facet normal 0.427534 0 -0.903999
    outer loop
      vertex 13.2222 -8.41591 7.45517
      vertex 13.2658 8.32536 7.47579
      vertex 13.2658 -8.32536 7.47579
    endloop
  endfacet
  facet normal 0.427534 0 -0.903999
    outer loop
      vertex 13.2658 8.32536 7.47579
      vertex 13.2222 -8.41591 7.45517
      vertex 13.2222 8.41591 7.45517
    endloop
  endfacet
  facet normal 0.857586 0 -0.514341
    outer loop
      vertex 12.6281 -9.67563 6.91669
      vertex 12.5448 9.89137 6.7778
      vertex 12.6281 9.67563 6.91669
    endloop
  endfacet
  facet normal 0.857586 0 -0.514341
    outer loop
      vertex 12.5448 9.89137 6.7778
      vertex 12.6281 -9.67563 6.91669
      vertex 12.5448 -9.89137 6.7778
    endloop
  endfacet
  facet normal -0.99899 -0.00245789 0.0448579
    outer loop
      vertex 15.6421 4.9208 5.83827
      vertex 15.65 4.66157 6
      vertex 15.6479 4.74675 5.9579
    endloop
  endfacet
  facet normal -0.998809 0 0.0487887
    outer loop
      vertex 15.6421 4.9208 5.83827
      vertex 15.65 -4.66157 6
      vertex 15.65 4.66157 6
    endloop
  endfacet
  facet normal -0.998809 0 0.0487887
    outer loop
      vertex 15.6421 -4.9208 5.83827
      vertex 15.65 -4.66157 6
      vertex 15.6421 4.9208 5.83827
    endloop
  endfacet
  facet normal -0.99899 0.00245789 0.0448579
    outer loop
      vertex 15.65 -4.66157 6
      vertex 15.6421 -4.9208 5.83827
      vertex 15.6479 -4.74675 5.9579
    endloop
  endfacet
  facet normal -0.941448 0 0.337158
    outer loop
      vertex 15.5244 5.86853 5.36857
      vertex 15.579 -5.51518 5.52103
      vertex 15.579 5.51518 5.52103
    endloop
  endfacet
  facet normal -0.941448 0 0.337158
    outer loop
      vertex 15.579 -5.51518 5.52103
      vertex 15.5244 5.86853 5.36857
      vertex 15.5244 -5.86853 5.36857
    endloop
  endfacet
  facet normal -0.242971 0 0.970033
    outer loop
      vertex 14.3219 9.23499 4.3817
      vertex 14.479 -8.93896 4.42105
      vertex 14.479 8.93896 4.42105
    endloop
  endfacet
  facet normal -0.242971 0 0.970033
    outer loop
      vertex 14.479 -8.93896 4.42105
      vertex 14.3219 9.23499 4.3817
      vertex 14.3219 -9.23499 4.3817
    endloop
  endfacet
  facet normal -0.857586 0 -0.514341
    outer loop
      vertex 15.4552 -4.01838 6.7778
      vertex 15.3719 4.09698 6.91669
      vertex 15.4552 4.01838 6.7778
    endloop
  endfacet
  facet normal -0.857586 -0 -0.514341
    outer loop
      vertex 15.3719 4.09698 6.91669
      vertex 15.4552 -4.01838 6.7778
      vertex 15.3719 -4.09698 6.91669
    endloop
  endfacet
  facet normal -0.941448 0 -0.337158
    outer loop
      vertex 15.579 4.07017 6.47897
      vertex 15.5244 -4.00942 6.63143
      vertex 15.5244 4.00942 6.63143
    endloop
  endfacet
  facet normal -0.941448 0 -0.337158
    outer loop
      vertex 15.5244 -4.00942 6.63143
      vertex 15.579 4.07017 6.47897
      vertex 15.579 -4.07017 6.47897
    endloop
  endfacet
  facet normal -0.98914 0 0.146978
    outer loop
      vertex 15.6183 5.19825 5.6781
      vertex 15.6421 -4.9208 5.83827
      vertex 15.6421 4.9208 5.83827
    endloop
  endfacet
  facet normal -0.98914 0 0.146978
    outer loop
      vertex 15.6421 -4.9208 5.83827
      vertex 15.6183 5.19825 5.6781
      vertex 15.6183 -5.19825 5.6781
    endloop
  endfacet
  facet normal 0.59588 0 0.803073
    outer loop
      vertex 12.9533 10.8436 4.72453
      vertex 13.0833 -10.7639 4.62807
      vertex 13.0833 10.7639 4.62807
    endloop
  endfacet
  facet normal 0.59588 0 0.803073
    outer loop
      vertex 13.0833 -10.7639 4.62807
      vertex 12.9533 10.8436 4.72453
      vertex 12.9533 -10.8436 4.72453
    endloop
  endfacet
  facet normal -0.970095 0 0.242725
    outer loop
      vertex 15.579 5.51518 5.52103
      vertex 15.6183 -5.19825 5.6781
      vertex 15.6183 5.19825 5.6781
    endloop
  endfacet
  facet normal -0.970095 0 0.242725
    outer loop
      vertex 15.6183 -5.19825 5.6781
      vertex 15.579 5.51518 5.52103
      vertex 15.579 -5.51518 5.52103
    endloop
  endfacet
  facet normal 0.337002 0 0.941504
    outer loop
      vertex 13.3686 10.4963 4.4756
      vertex 13.521 -10.3313 4.42105
      vertex 13.521 10.3313 4.42105
    endloop
  endfacet
  facet normal 0.337002 0 0.941504
    outer loop
      vertex 13.521 -10.3313 4.42105
      vertex 13.3686 10.4963 4.4756
      vertex 13.3686 -10.4963 4.4756
    endloop
  endfacet
  facet normal -0.336939 0 -0.941526
    outer loop
      vertex 14.6136 -5.56491 7.53077
      vertex 14.6314 5.52356 7.5244
      vertex 14.6314 -5.52356 7.5244
    endloop
  endfacet
  facet normal -0.336939 0 -0.941526
    outer loop
      vertex 14.6136 -5.56491 7.53077
      vertex 14.6136 5.56491 7.53077
      vertex 14.6314 5.52356 7.5244
    endloop
  endfacet
  facet normal -0.33701 0 -0.941501
    outer loop
      vertex 14.479 -5.87777 7.57895
      vertex 14.6136 5.56491 7.53077
      vertex 14.6136 -5.56491 7.53077
    endloop
  endfacet
  facet normal -0.33701 0 -0.941501
    outer loop
      vertex 14.6136 5.56491 7.53077
      vertex 14.479 -5.87777 7.57895
      vertex 14.479 5.87777 7.57895
    endloop
  endfacet
  facet normal -0.59584 0 -0.803103
    outer loop
      vertex 14.9167 -4.92721 7.37192
      vertex 15.0467 4.69082 7.27547
      vertex 15.0467 -4.69082 7.27547
    endloop
  endfacet
  facet normal -0.59584 0 -0.803103
    outer loop
      vertex 15.0467 4.69082 7.27547
      vertex 14.9167 -4.92721 7.37192
      vertex 14.9167 4.92721 7.37192
    endloop
  endfacet
  facet normal 0.508867 -0.00797351 0.860808
    outer loop
      vertex 13.0833 10.7639 4.62807
      vertex 13.2222 10.642 4.54483
      vertex 13.1008 10.7515 4.61761
    endloop
  endfacet
  facet normal 0.514042 0 0.857765
    outer loop
      vertex 13.2222 10.642 4.54483
      vertex 13.0833 10.7639 4.62807
      vertex 13.2222 -10.642 4.54483
    endloop
  endfacet
  facet normal 0.514042 -0 0.857765
    outer loop
      vertex 13.0833 -10.7639 4.62807
      vertex 13.2222 -10.642 4.54483
      vertex 13.0833 10.7639 4.62807
    endloop
  endfacet
  facet normal 0.508867 0.00797351 0.860808
    outer loop
      vertex 13.2222 -10.642 4.54483
      vertex 13.0833 -10.7639 4.62807
      vertex 13.1008 -10.7515 4.61761
    endloop
  endfacet
  facet normal -0.427494 0 -0.904018
    outer loop
      vertex 14.6314 -5.52356 7.5244
      vertex 14.7778 5.20568 7.45517
      vertex 14.7778 -5.20568 7.45517
    endloop
  endfacet
  facet normal -0.427494 0 -0.904018
    outer loop
      vertex 14.7778 5.20568 7.45517
      vertex 14.6314 -5.52356 7.5244
      vertex 14.6314 5.52356 7.5244
    endloop
  endfacet
  facet normal 0.583784 0.00963267 -0.811852
    outer loop
      vertex 12.9533 -8.96982 7.27547
      vertex 13.0833 -8.7195 7.37192
      vertex 13.0758 -8.73694 7.36632
    endloop
  endfacet
  facet normal 0.59584 0 -0.803103
    outer loop
      vertex 13.0833 -8.7195 7.37192
      vertex 12.9533 -8.96982 7.27547
      vertex 13.0833 8.7195 7.37192
    endloop
  endfacet
  facet normal 0.59584 0 -0.803103
    outer loop
      vertex 12.9533 8.96982 7.27547
      vertex 13.0833 8.7195 7.37192
      vertex 12.9533 -8.96982 7.27547
    endloop
  endfacet
  facet normal 0.583784 -0.00963267 -0.811852
    outer loop
      vertex 13.0833 8.7195 7.37192
      vertex 12.9533 8.96982 7.27547
      vertex 13.0758 8.73694 7.36632
    endloop
  endfacet
  facet normal 0.998809 -0 0.0487887
    outer loop
      vertex 12.35 -10.6661 6
      vertex 12.3579 10.7642 5.83827
      vertex 12.35 10.6661 6
    endloop
  endfacet
  facet normal 0.998809 0 0.0487887
    outer loop
      vertex 12.3579 10.7642 5.83827
      vertex 12.35 -10.6661 6
      vertex 12.3579 -10.7642 5.83827
    endloop
  endfacet
  facet normal 0.803382 0 0.595464
    outer loop
      vertex 12.6281 10.9652 5.08331
      vertex 12.7245 -10.9448 4.95325
      vertex 12.7245 10.9448 4.95325
    endloop
  endfacet
  facet normal 0.803382 0 0.595464
    outer loop
      vertex 12.7245 -10.9448 4.95325
      vertex 12.6281 10.9652 5.08331
      vertex 12.6281 -10.9652 5.08331
    endloop
  endfacet
  facet normal 0.0490442 0 0.998797
    outer loop
      vertex 13.8383 9.95062 4.35794
      vertex 14 -9.73848 4.35
      vertex 14 9.73848 4.35
    endloop
  endfacet
  facet normal 0.0490442 0 0.998797
    outer loop
      vertex 14 -9.73848 4.35
      vertex 13.8383 9.95062 4.35794
      vertex 13.8383 -9.95062 4.35794
    endloop
  endfacet
  facet normal 0.740778 0 -0.67175
    outer loop
      vertex 12.8333 -9.21263 7.16673
      vertex 12.7245 9.44866 7.04675
      vertex 12.8333 9.21263 7.16673
    endloop
  endfacet
  facet normal 0.740778 0 -0.67175
    outer loop
      vertex 12.7245 9.44866 7.04675
      vertex 12.8333 -9.21263 7.16673
      vertex 12.7245 -9.44866 7.04675
    endloop
  endfacet
  facet normal 0.146901 -0.000127739 -0.989151
    outer loop
      vertex 13.6781 -7.51442 7.6183
      vertex 13.8383 -7.19226 7.64205
      vertex 13.7653 -7.35772 7.63123
    endloop
  endfacet
  facet normal 0.146649 0 -0.989189
    outer loop
      vertex 13.8383 -7.19226 7.64205
      vertex 13.6781 -7.51442 7.6183
      vertex 13.8383 7.19226 7.64205
    endloop
  endfacet
  facet normal 0.146649 0 -0.989189
    outer loop
      vertex 13.6781 7.51442 7.6183
      vertex 13.8383 7.19226 7.64205
      vertex 13.6781 -7.51442 7.6183
    endloop
  endfacet
  facet normal 0.146901 0.000127739 -0.989151
    outer loop
      vertex 13.8383 7.19226 7.64205
      vertex 13.6781 7.51442 7.6183
      vertex 13.7653 7.35772 7.63123
    endloop
  endfacet
  facet normal 0.337002 0 -0.941504
    outer loop
      vertex 13.3686 -8.11191 7.5244
      vertex 13.521 7.81045 7.57895
      vertex 13.521 -7.81045 7.57895
    endloop
  endfacet
  facet normal 0.337002 0 -0.941504
    outer loop
      vertex 13.521 7.81045 7.57895
      vertex 13.3686 -8.11191 7.5244
      vertex 13.3686 8.11191 7.5244
    endloop
  endfacet
  facet normal 0.242971 0 0.970033
    outer loop
      vertex 13.521 10.3313 4.42105
      vertex 13.6781 -10.1489 4.3817
      vertex 13.6781 10.1489 4.3817
    endloop
  endfacet
  facet normal 0.242971 0 0.970033
    outer loop
      vertex 13.6781 -10.1489 4.3817
      vertex 13.521 10.3313 4.42105
      vertex 13.521 -10.3313 4.42105
    endloop
  endfacet
  facet normal -0.671486 0 0.741018
    outer loop
      vertex 15.0467 7.66627 4.72453
      vertex 15.1667 -7.29969 4.83327
      vertex 15.1667 7.29969 4.83327
    endloop
  endfacet
  facet normal -0.671486 0 0.741018
    outer loop
      vertex 15.1667 -7.29969 4.83327
      vertex 15.0467 7.66627 4.72453
      vertex 15.0467 -7.66627 4.72453
    endloop
  endfacet
  facet normal 0.737154 0 0.675725
    outer loop
      vertex 12.8311 10.9049 4.83567
      vertex 12.8333 -10.9041 4.83327
      vertex 12.8333 10.9041 4.83327
    endloop
  endfacet
  facet normal 0.740852 8.19379e-07 0.671668
    outer loop
      vertex 12.7245 10.9448 4.95325
      vertex 12.8333 -10.9041 4.83327
      vertex 12.8311 10.9049 4.83567
    endloop
  endfacet
  facet normal 0.737161 -3.97954e-05 0.675717
    outer loop
      vertex 12.7245 10.9448 4.95325
      vertex 12.8311 -10.9049 4.83567
      vertex 12.8333 -10.9041 4.83327
    endloop
  endfacet
  facet normal 0.740852 0 0.671669
    outer loop
      vertex 12.8311 -10.9049 4.83567
      vertex 12.7245 10.9448 4.95325
      vertex 12.7245 -10.9448 4.95325
    endloop
  endfacet
  facet normal 0.671486 0 0.741018
    outer loop
      vertex 12.8333 10.9041 4.83327
      vertex 12.9533 -10.8436 4.72453
      vertex 12.9533 10.8436 4.72453
    endloop
  endfacet
  facet normal 0.671486 0 0.741018
    outer loop
      vertex 12.9533 -10.8436 4.72453
      vertex 12.8333 10.9041 4.83327
      vertex 12.8333 -10.9041 4.83327
    endloop
  endfacet
  facet normal 0.970095 -0 0.242725
    outer loop
      vertex 12.3817 -10.8439 5.6781
      vertex 12.421 10.9043 5.52103
      vertex 12.3817 10.8439 5.6781
    endloop
  endfacet
  facet normal 0.970095 0 0.242725
    outer loop
      vertex 12.421 10.9043 5.52103
      vertex 12.3817 -10.8439 5.6781
      vertex 12.421 -10.9043 5.52103
    endloop
  endfacet
  facet normal 0.427494 0 0.904018
    outer loop
      vertex 13.2222 10.642 4.54483
      vertex 13.3686 -10.4963 4.4756
      vertex 13.3686 10.4963 4.4756
    endloop
  endfacet
  facet normal 0.427494 0 0.904018
    outer loop
      vertex 13.3686 -10.4963 4.4756
      vertex 13.2222 10.642 4.54483
      vertex 13.2222 -10.642 4.54483
    endloop
  endfacet
  facet normal -0.427494 0 0.904018
    outer loop
      vertex 14.6314 8.6375 4.4756
      vertex 14.7778 -8.3335 4.54483
      vertex 14.7778 8.3335 4.54483
    endloop
  endfacet
  facet normal -0.427494 0 0.904018
    outer loop
      vertex 14.7778 -8.3335 4.54483
      vertex 14.6314 8.6375 4.4756
      vertex 14.6314 -8.6375 4.4756
    endloop
  endfacet
  facet normal 0.0491058 0 -0.998794
    outer loop
      vertex 13.8383 -7.19226 7.64205
      vertex 14 6.84206 7.65
      vertex 14 -6.84206 7.65
    endloop
  endfacet
  facet normal 0.0491058 0 -0.998794
    outer loop
      vertex 14 6.84206 7.65
      vertex 13.8383 -7.19226 7.64205
      vertex 13.8383 7.19226 7.64205
    endloop
  endfacet
  facet normal -0.90416 0 0.427193
    outer loop
      vertex 15.4879 -6.07223 5.2914
      vertex 15.4879 6.07223 5.2914
      vertex 15.4552 6.25489 5.22219
    endloop
  endfacet
  facet normal -0.903983 0 0.427568
    outer loop
      vertex 15.4879 6.07223 5.2914
      vertex 15.5244 -5.86853 5.36857
      vertex 15.5244 5.86853 5.36857
    endloop
  endfacet
  facet normal -0.903983 0 0.427568
    outer loop
      vertex 15.4879 6.07223 5.2914
      vertex 15.4879 -6.07223 5.2914
      vertex 15.5244 -5.86853 5.36857
    endloop
  endfacet
  facet normal -0.90416 0 0.427193
    outer loop
      vertex 15.4879 -6.07223 5.2914
      vertex 15.4552 6.25489 5.22219
      vertex 15.4552 -6.25489 5.22219
    endloop
  endfacet
  facet normal -0.740778 0 -0.67175
    outer loop
      vertex 15.2755 -4.24445 7.04675
      vertex 15.1667 4.45938 7.16673
      vertex 15.2755 4.24445 7.04675
    endloop
  endfacet
  facet normal -0.740778 -0 -0.67175
    outer loop
      vertex 15.1667 4.45938 7.16673
      vertex 15.2755 -4.24445 7.04675
      vertex 15.1667 -4.45938 7.16673
    endloop
  endfacet
  facet normal -0.243948 0.00051487 -0.969788
    outer loop
      vertex 14.3219 -6.19438 7.6183
      vertex 14.479 -5.87777 7.57895
      vertex 14.4374 -5.98018 7.58936
    endloop
  endfacet
  facet normal -0.242971 0 -0.970033
    outer loop
      vertex 14.479 -5.87777 7.57895
      vertex 14.3219 -6.19438 7.6183
      vertex 14.479 5.87777 7.57895
    endloop
  endfacet
  facet normal -0.242971 -0 -0.970033
    outer loop
      vertex 14.3219 6.19438 7.6183
      vertex 14.479 5.87777 7.57895
      vertex 14.3219 -6.19438 7.6183
    endloop
  endfacet
  facet normal -0.243948 -0.00051487 -0.969788
    outer loop
      vertex 14.479 5.87777 7.57895
      vertex 14.3219 6.19438 7.6183
      vertex 14.4374 5.98018 7.58936
    endloop
  endfacet
  facet normal -0.591441 0.00245511 0.806345
    outer loop
      vertex 14.9167 8.0299 4.62807
      vertex 15.0467 7.66627 4.72453
      vertex 14.9367 7.98381 4.64288
    endloop
  endfacet
  facet normal -0.59588 0 0.803073
    outer loop
      vertex 15.0467 7.66627 4.72453
      vertex 14.9167 8.0299 4.62807
      vertex 15.0467 -7.66627 4.72453
    endloop
  endfacet
  facet normal -0.59588 0 0.803073
    outer loop
      vertex 14.9167 -8.0299 4.62807
      vertex 15.0467 -7.66627 4.72453
      vertex 14.9167 8.0299 4.62807
    endloop
  endfacet
  facet normal -0.591441 -0.00245511 0.806345
    outer loop
      vertex 15.0467 -7.66627 4.72453
      vertex 14.9167 -8.0299 4.62807
      vertex 14.9367 -7.98381 4.64288
    endloop
  endfacet
  facet normal 0.938085 -0.00888854 -0.34629
    outer loop
      vertex 12.4756 10.0938 6.63143
      vertex 12.421 10.2711 6.47897
      vertex 12.4416 10.2105 6.53633
    endloop
  endfacet
  facet normal 0.941448 0 -0.337158
    outer loop
      vertex 12.4756 -10.0938 6.63143
      vertex 12.421 10.2711 6.47897
      vertex 12.4756 10.0938 6.63143
    endloop
  endfacet
  facet normal 0.938085 0.00888854 -0.34629
    outer loop
      vertex 12.421 -10.2711 6.47897
      vertex 12.4756 -10.0938 6.63143
      vertex 12.4416 -10.2105 6.53633
    endloop
  endfacet
  facet normal 0.941448 0 -0.337158
    outer loop
      vertex 12.4756 -10.0938 6.63143
      vertex 12.421 -10.2711 6.47897
      vertex 12.421 10.2711 6.47897
    endloop
  endfacet
  facet normal -0.0489992 0 0.998799
    outer loop
      vertex 14.0343 9.69093 4.35169
      vertex 14.1617 -9.51449 4.35794
      vertex 14.1617 9.51449 4.35794
    endloop
  endfacet
  facet normal -0.0489992 0 0.998799
    outer loop
      vertex 14.0343 9.69093 4.35169
      vertex 14.0343 -9.69093 4.35169
      vertex 14.1617 -9.51449 4.35794
    endloop
  endfacet
  facet normal -0.0492114 0 0.998788
    outer loop
      vertex 14 9.73848 4.35
      vertex 14.0343 -9.69093 4.35169
      vertex 14.0343 9.69093 4.35169
    endloop
  endfacet
  facet normal -0.0492114 0 0.998788
    outer loop
      vertex 14.0343 -9.69093 4.35169
      vertex 14 9.73848 4.35
      vertex 14 -9.73848 4.35
    endloop
  endfacet
  facet normal 0.14671 0 0.98918
    outer loop
      vertex 13.6781 10.1489 4.3817
      vertex 13.8383 -9.95062 4.35794
      vertex 13.8383 9.95062 4.35794
    endloop
  endfacet
  facet normal 0.14671 0 0.98918
    outer loop
      vertex 13.8383 -9.95062 4.35794
      vertex 13.6781 10.1489 4.3817
      vertex 13.6781 -10.1489 4.3817
    endloop
  endfacet
  facet normal -0.107919 -0.811046 -0.574942
    outer loop
      vertex 12.3579 10.5504 6.16173
      vertex 12.35 10.6661 6
      vertex 12.3539 10.6096 6.07897
    endloop
  endfacet
  facet normal 0.998809 0 -0.0487887
    outer loop
      vertex 12.3579 -10.5504 6.16173
      vertex 12.35 10.6661 6
      vertex 12.3579 10.5504 6.16173
    endloop
  endfacet
  facet normal 0.998834 3.89474e-06 -0.048279
    outer loop
      vertex 12.3539 -10.6096 6.07897
      vertex 12.35 10.6661 6
      vertex 12.3579 -10.5504 6.16173
    endloop
  endfacet
  facet normal 0.998783 0 -0.0493257
    outer loop
      vertex 12.35 10.6661 6
      vertex 12.3539 -10.6096 6.07897
      vertex 12.35 -10.6661 6
    endloop
  endfacet
  facet normal -0.740778 0 0.67175
    outer loop
      vertex 15.1667 7.29969 4.83327
      vertex 15.2755 -6.94521 4.95325
      vertex 15.2755 6.94521 4.95325
    endloop
  endfacet
  facet normal -0.740778 0 0.67175
    outer loop
      vertex 15.2755 -6.94521 4.95325
      vertex 15.1667 7.29969 4.83327
      vertex 15.1667 -7.29969 4.83327
    endloop
  endfacet
  facet normal 0 -0.98914 -0.146978
    outer loop
      vertex -4.39782 15.6421 6.16173
      vertex 4.20005 15.6183 6.3219
      vertex -4.20005 15.6183 6.3219
    endloop
  endfacet
  facet normal 0 -0.98914 -0.146978
    outer loop
      vertex 4.20005 15.6183 6.3219
      vertex -4.39782 15.6421 6.16173
      vertex 4.39782 15.6421 6.16173
    endloop
  endfacet
  facet normal 0 -0.998809 -0.0487887
    outer loop
      vertex -4.66157 15.65 6
      vertex 4.39782 15.6421 6.16173
      vertex -4.39782 15.6421 6.16173
    endloop
  endfacet
  facet normal 0 -0.998809 -0.0487887
    outer loop
      vertex 4.39782 15.6421 6.16173
      vertex -4.66157 15.65 6
      vertex 4.66157 15.65 6
    endloop
  endfacet
  facet normal 0 -0.970095 -0.242725
    outer loop
      vertex -4.20005 15.6183 6.3219
      vertex 4.07017 15.579 6.47897
      vertex -4.07017 15.579 6.47897
    endloop
  endfacet
  facet normal 0 -0.970095 -0.242725
    outer loop
      vertex 4.07017 15.579 6.47897
      vertex -4.20005 15.6183 6.3219
      vertex 4.20005 15.6183 6.3219
    endloop
  endfacet
  facet normal 0 0.242971 -0.970033
    outer loop
      vertex 7.81045 13.521 7.57895
      vertex -7.51442 13.6781 7.6183
      vertex 7.51442 13.6781 7.6183
    endloop
  endfacet
  facet normal 0 0.242971 -0.970033
    outer loop
      vertex -7.51442 13.6781 7.6183
      vertex 7.81045 13.521 7.57895
      vertex -7.81045 13.521 7.57895
    endloop
  endfacet
  facet normal 0 0.904067 0.427391
    outer loop
      vertex 10.9653 12.5448 5.22219
      vertex -10.9449 12.4756 5.36857
      vertex 10.9449 12.4756 5.36857
    endloop
  endfacet
  facet normal 0 0.904067 0.427391
    outer loop
      vertex -10.9449 12.4756 5.36857
      vertex 10.9653 12.5448 5.22219
      vertex -10.9653 12.5448 5.22219
    endloop
  endfacet
  facet normal 0 -0.514087 -0.857738
    outer loop
      vertex 5.20568 14.7778 7.45517
      vertex -4.92721 14.9167 7.37192
      vertex 4.92721 14.9167 7.37192
    endloop
  endfacet
  facet normal 0 -0.514087 -0.857738
    outer loop
      vertex -4.92721 14.9167 7.37192
      vertex 5.20568 14.7778 7.45517
      vertex -5.20568 14.7778 7.45517
    endloop
  endfacet
  facet normal 0 -0.514042 0.857765
    outer loop
      vertex -8.0299 14.9167 4.62807
      vertex 8.3335 14.7778 4.54483
      vertex 8.0299 14.9167 4.62807
    endloop
  endfacet
  facet normal 0 -0.514042 0.857765
    outer loop
      vertex 8.3335 14.7778 4.54483
      vertex -8.0299 14.9167 4.62807
      vertex -8.3335 14.7778 4.54483
    endloop
  endfacet
  facet normal 0 -0.337002 0.941504
    outer loop
      vertex -8.6375 14.6314 4.4756
      vertex 8.93896 14.479 4.42105
      vertex 8.6375 14.6314 4.4756
    endloop
  endfacet
  facet normal 0 -0.337002 0.941504
    outer loop
      vertex 8.93896 14.479 4.42105
      vertex -8.6375 14.6314 4.4756
      vertex -8.93896 14.479 4.42105
    endloop
  endfacet
  facet normal 0 0.970095 -0.242725
    outer loop
      vertex 10.4183 12.3817 6.3219
      vertex -10.2711 12.421 6.47897
      vertex 10.2711 12.421 6.47897
    endloop
  endfacet
  facet normal 0 0.970095 -0.242725
    outer loop
      vertex -10.2711 12.421 6.47897
      vertex 10.4183 12.3817 6.3219
      vertex -10.4183 12.3817 6.3219
    endloop
  endfacet
  facet normal 0 0.671278 -0.741205
    outer loop
      vertex 9.12351 12.8773 7.20664
      vertex -8.96982 12.9533 7.27547
      vertex 8.96982 12.9533 7.27547
    endloop
  endfacet
  facet normal 4.35405e-06 0.671848 -0.740689
    outer loop
      vertex 9.21263 12.8333 7.16673
      vertex -8.96982 12.9533 7.27547
      vertex 9.12351 12.8773 7.20664
    endloop
  endfacet
  facet normal -2.45602e-06 0.671281 -0.741203
    outer loop
      vertex 9.21263 12.8333 7.16673
      vertex -9.12351 12.8773 7.20664
      vertex -8.96982 12.9533 7.27547
    endloop
  endfacet
  facet normal 0 0.671843 -0.740694
    outer loop
      vertex -9.12351 12.8773 7.20664
      vertex 9.21263 12.8333 7.16673
      vertex -9.21263 12.8333 7.16673
    endloop
  endfacet
  facet normal 0 0.514087 -0.857738
    outer loop
      vertex 8.7195 13.0833 7.37192
      vertex -8.41591 13.2222 7.45517
      vertex 8.41591 13.2222 7.45517
    endloop
  endfacet
  facet normal 0 0.514087 -0.857738
    outer loop
      vertex -8.41591 13.2222 7.45517
      vertex 8.7195 13.0833 7.37192
      vertex -8.7195 13.0833 7.37192
    endloop
  endfacet
  facet normal -0.00154936 -0.149363 0.988781
    outer loop
      vertex 9.24885 14.3142 4.38056
      vertex 9.51449 14.1617 4.35794
      vertex 9.47888 14.1861 4.36157
    endloop
  endfacet
  facet normal -0.00469197 -0.154713 0.987948
    outer loop
      vertex 9.23499 14.3219 4.3817
      vertex 9.51449 14.1617 4.35794
      vertex 9.24885 14.3142 4.38056
    endloop
  endfacet
  facet normal 0 -0.14671 0.98918
    outer loop
      vertex -9.23499 14.3219 4.3817
      vertex 9.51449 14.1617 4.35794
      vertex 9.23499 14.3219 4.3817
    endloop
  endfacet
  facet normal 2.18639e-06 -0.146459 0.989217
    outer loop
      vertex -9.24885 14.3142 4.38056
      vertex 9.51449 14.1617 4.35794
      vertex -9.23499 14.3219 4.3817
    endloop
  endfacet
  facet normal 0.00154936 -0.149363 0.988781
    outer loop
      vertex -9.51449 14.1617 4.35794
      vertex -9.24885 14.3142 4.38056
      vertex -9.47888 14.1861 4.36157
    endloop
  endfacet
  facet normal 0 -0.146723 0.989178
    outer loop
      vertex -9.24885 14.3142 4.38056
      vertex -9.51449 14.1617 4.35794
      vertex 9.51449 14.1617 4.35794
    endloop
  endfacet
  facet normal 0 0.803382 -0.595464
    outer loop
      vertex 9.67563 12.6281 6.91669
      vertex -9.44866 12.7245 7.04675
      vertex 9.44866 12.7245 7.04675
    endloop
  endfacet
  facet normal 0 0.803382 -0.595464
    outer loop
      vertex -9.44866 12.7245 7.04675
      vertex 9.67563 12.6281 6.91669
      vertex -9.67563 12.6281 6.91669
    endloop
  endfacet
  facet normal 0 -0.904056 -0.427414
    outer loop
      vertex -4.00942 15.5244 6.63143
      vertex 4.01838 15.4552 6.7778
      vertex -4.01838 15.4552 6.7778
    endloop
  endfacet
  facet normal 0 -0.904056 -0.427414
    outer loop
      vertex 4.01838 15.4552 6.7778
      vertex -4.00942 15.5244 6.63143
      vertex 4.00942 15.5244 6.63143
    endloop
  endfacet
  facet normal -0.00888854 0.938085 -0.34629
    outer loop
      vertex 10.2711 12.421 6.47897
      vertex 10.0938 12.4756 6.63143
      vertex 10.2105 12.4416 6.53633
    endloop
  endfacet
  facet normal 0 0.941448 -0.337158
    outer loop
      vertex 10.0938 12.4756 6.63143
      vertex 10.2711 12.421 6.47897
      vertex -10.0938 12.4756 6.63143
    endloop
  endfacet
  facet normal 0 0.941448 -0.337158
    outer loop
      vertex -10.2711 12.421 6.47897
      vertex -10.0938 12.4756 6.63143
      vertex 10.2711 12.421 6.47897
    endloop
  endfacet
  facet normal 0.00888854 0.938085 -0.34629
    outer loop
      vertex -10.0938 12.4756 6.63143
      vertex -10.2711 12.421 6.47897
      vertex -10.2105 12.4416 6.53633
    endloop
  endfacet
  facet normal -0 0.337002 0.941504
    outer loop
      vertex -10.3313 13.521 4.42105
      vertex 10.4963 13.3686 4.4756
      vertex 10.3313 13.521 4.42105
    endloop
  endfacet
  facet normal 0 0.337002 0.941504
    outer loop
      vertex 10.4963 13.3686 4.4756
      vertex -10.3313 13.521 4.42105
      vertex -10.4963 13.3686 4.4756
    endloop
  endfacet
  facet normal 0 -0.59584 -0.803103
    outer loop
      vertex 4.92721 14.9167 7.37192
      vertex -4.69082 15.0467 7.27547
      vertex 4.69082 15.0467 7.27547
    endloop
  endfacet
  facet normal 0 -0.59584 -0.803103
    outer loop
      vertex -4.69082 15.0467 7.27547
      vertex 4.92721 14.9167 7.37192
      vertex -4.92721 14.9167 7.37192
    endloop
  endfacet
  facet normal 0 0.904056 -0.427414
    outer loop
      vertex 10.0938 12.4756 6.63143
      vertex -9.89137 12.5448 6.7778
      vertex 9.89137 12.5448 6.7778
    endloop
  endfacet
  facet normal 0 0.904056 -0.427414
    outer loop
      vertex -9.89137 12.5448 6.7778
      vertex 10.0938 12.4756 6.63143
      vertex -10.0938 12.4756 6.63143
    endloop
  endfacet
  facet normal 0 -0.803978 0.594659
    outer loop
      vertex -6.68552 15.3494 5.05289
      vertex 6.60624 15.3719 5.08331
      vertex -6.60624 15.3719 5.08331
    endloop
  endfacet
  facet normal 0 -0.803978 0.594659
    outer loop
      vertex -6.68552 15.3494 5.05289
      vertex 6.68552 15.3494 5.05289
      vertex 6.60624 15.3719 5.08331
    endloop
  endfacet
  facet normal 0 -0.8032 0.595709
    outer loop
      vertex -6.94521 15.2755 4.95325
      vertex 6.68552 15.3494 5.05289
      vertex -6.68552 15.3494 5.05289
    endloop
  endfacet
  facet normal 0 -0.8032 0.595709
    outer loop
      vertex 6.68552 15.3494 5.05289
      vertex -6.94521 15.2755 4.95325
      vertex 6.94521 15.2755 4.95325
    endloop
  endfacet
  facet normal 0 -0.146474 -0.989215
    outer loop
      vertex -6.38658 14.2239 7.63284
      vertex 6.38658 14.2239 7.63284
      vertex 6.50837 14.1617 7.64205
    endloop
  endfacet
  facet normal 0 -0.146761 -0.989172
    outer loop
      vertex 6.38658 14.2239 7.63284
      vertex -6.19438 14.3219 7.6183
      vertex 6.19438 14.3219 7.6183
    endloop
  endfacet
  facet normal -0 -0.146761 -0.989172
    outer loop
      vertex 6.38658 14.2239 7.63284
      vertex -6.38658 14.2239 7.63284
      vertex -6.19438 14.3219 7.6183
    endloop
  endfacet
  facet normal 0 -0.146474 -0.989215
    outer loop
      vertex -6.38658 14.2239 7.63284
      vertex 6.50837 14.1617 7.64205
      vertex -6.50837 14.1617 7.64205
    endloop
  endfacet
  facet normal 0 0.98914 -0.146978
    outer loop
      vertex 10.5504 12.3579 6.16173
      vertex -10.4183 12.3817 6.3219
      vertex 10.4183 12.3817 6.3219
    endloop
  endfacet
  facet normal 0 0.98914 -0.146978
    outer loop
      vertex -10.4183 12.3817 6.3219
      vertex 10.5504 12.3579 6.16173
      vertex -10.5504 12.3579 6.16173
    endloop
  endfacet
  facet normal 0 -0.803382 -0.595464
    outer loop
      vertex -4.09698 15.3719 6.91669
      vertex 4.24445 15.2755 7.04675
      vertex -4.24445 15.2755 7.04675
    endloop
  endfacet
  facet normal 0 -0.803382 -0.595464
    outer loop
      vertex 4.24445 15.2755 7.04675
      vertex -4.09698 15.3719 6.91669
      vertex 4.09698 15.3719 6.91669
    endloop
  endfacet
  facet normal 0 -0.0491058 -0.998794
    outer loop
      vertex 6.84206 14 7.65
      vertex -6.50837 14.1617 7.64205
      vertex 6.50837 14.1617 7.64205
    endloop
  endfacet
  facet normal 0 -0.0491058 -0.998794
    outer loop
      vertex -6.50837 14.1617 7.64205
      vertex 6.84206 14 7.65
      vertex -6.84206 14 7.65
    endloop
  endfacet
  facet normal 0.000127739 0.146901 -0.989151
    outer loop
      vertex 7.51442 13.6781 7.6183
      vertex 7.19226 13.8383 7.64205
      vertex 7.35772 13.7653 7.63123
    endloop
  endfacet
  facet normal 0 0.146649 -0.989189
    outer loop
      vertex 7.51442 13.6781 7.6183
      vertex -7.19226 13.8383 7.64205
      vertex 7.19226 13.8383 7.64205
    endloop
  endfacet
  facet normal 0 0.146649 -0.989189
    outer loop
      vertex -7.51442 13.6781 7.6183
      vertex -7.19226 13.8383 7.64205
      vertex 7.51442 13.6781 7.6183
    endloop
  endfacet
  facet normal -0.000127739 0.146901 -0.989151
    outer loop
      vertex -7.19226 13.8383 7.64205
      vertex -7.51442 13.6781 7.6183
      vertex -7.35772 13.7653 7.63123
    endloop
  endfacet
  facet normal 0 0.857569 0.514369
    outer loop
      vertex 10.9652 12.6281 5.08331
      vertex -10.9653 12.5448 5.22219
      vertex 10.9653 12.5448 5.22219
    endloop
  endfacet
  facet normal 0 0.857569 0.514369
    outer loop
      vertex -10.9653 12.5448 5.22219
      vertex 10.9652 12.6281 5.08331
      vertex -10.9652 12.6281 5.08331
    endloop
  endfacet
  facet normal 0 0.941448 0.337158
    outer loop
      vertex 10.9449 12.4756 5.36857
      vertex -10.9043 12.421 5.52103
      vertex 10.9043 12.421 5.52103
    endloop
  endfacet
  facet normal 0 0.941448 0.337158
    outer loop
      vertex -10.9043 12.421 5.52103
      vertex 10.9449 12.4756 5.36857
      vertex -10.9449 12.4756 5.36857
    endloop
  endfacet
  facet normal 0.156865 -0.136796 0.9781
    outer loop
      vertex 8.41591 13.2222 7.45517
      vertex 8.11191 13.3686 7.5244
      vertex 8.32536 13.2658 7.47579
    endloop
  endfacet
  facet normal 0 0.427494 -0.904018
    outer loop
      vertex 8.41591 13.2222 7.45517
      vertex -8.11191 13.3686 7.5244
      vertex 8.11191 13.3686 7.5244
    endloop
  endfacet
  facet normal -1.77638e-07 0.427478 -0.904026
    outer loop
      vertex 8.41591 13.2222 7.45517
      vertex -8.32536 13.2658 7.47579
      vertex -8.11191 13.3686 7.5244
    endloop
  endfacet
  facet normal 0 0.427534 -0.903999
    outer loop
      vertex -8.32536 13.2658 7.47579
      vertex 8.41591 13.2222 7.45517
      vertex -8.41591 13.2222 7.45517
    endloop
  endfacet
  facet normal 0 -0.903983 0.427568
    outer loop
      vertex -6.07223 15.4879 5.2914
      vertex 5.86853 15.5244 5.36857
      vertex -5.86853 15.5244 5.36857
    endloop
  endfacet
  facet normal 0 -0.903983 0.427568
    outer loop
      vertex -6.07223 15.4879 5.2914
      vertex 6.07223 15.4879 5.2914
      vertex 5.86853 15.5244 5.36857
    endloop
  endfacet
  facet normal 0 -0.90416 0.427193
    outer loop
      vertex -6.25489 15.4552 5.22219
      vertex 6.07223 15.4879 5.2914
      vertex -6.07223 15.4879 5.2914
    endloop
  endfacet
  facet normal 0 -0.90416 0.427193
    outer loop
      vertex 6.07223 15.4879 5.2914
      vertex -6.25489 15.4552 5.22219
      vertex 6.25489 15.4552 5.22219
    endloop
  endfacet
  facet normal -0 0.59588 0.803073
    outer loop
      vertex -10.7639 13.0833 4.62807
      vertex 10.8436 12.9533 4.72453
      vertex 10.7639 13.0833 4.62807
    endloop
  endfacet
  facet normal 0 0.59588 0.803073
    outer loop
      vertex 10.8436 12.9533 4.72453
      vertex -10.7639 13.0833 4.62807
      vertex -10.8436 12.9533 4.72453
    endloop
  endfacet
  facet normal 0 0.857586 -0.514341
    outer loop
      vertex 9.89137 12.5448 6.7778
      vertex -9.67563 12.6281 6.91669
      vertex 9.67563 12.6281 6.91669
    endloop
  endfacet
  facet normal 0 0.857586 -0.514341
    outer loop
      vertex -9.67563 12.6281 6.91669
      vertex 9.89137 12.5448 6.7778
      vertex -9.89137 12.5448 6.7778
    endloop
  endfacet
  facet normal 0.00245789 -0.99899 0.0448579
    outer loop
      vertex -4.9208 15.6421 5.83827
      vertex -4.66157 15.65 6
      vertex -4.74675 15.6479 5.9579
    endloop
  endfacet
  facet normal 0 -0.998809 0.0487887
    outer loop
      vertex -4.66157 15.65 6
      vertex -4.9208 15.6421 5.83827
      vertex 4.66157 15.65 6
    endloop
  endfacet
  facet normal 0 -0.998809 0.0487887
    outer loop
      vertex 4.9208 15.6421 5.83827
      vertex 4.66157 15.65 6
      vertex -4.9208 15.6421 5.83827
    endloop
  endfacet
  facet normal -0.00245789 -0.99899 0.0448579
    outer loop
      vertex 4.66157 15.65 6
      vertex 4.9208 15.6421 5.83827
      vertex 4.74675 15.6479 5.9579
    endloop
  endfacet
  facet normal 0 -0.941448 0.337158
    outer loop
      vertex -5.86853 15.5244 5.36857
      vertex 5.51518 15.579 5.52103
      vertex -5.51518 15.579 5.52103
    endloop
  endfacet
  facet normal 0 -0.941448 0.337158
    outer loop
      vertex 5.51518 15.579 5.52103
      vertex -5.86853 15.5244 5.36857
      vertex 5.86853 15.5244 5.36857
    endloop
  endfacet
  facet normal 0 -0.242971 0.970033
    outer loop
      vertex -8.93896 14.479 4.42105
      vertex 9.23499 14.3219 4.3817
      vertex 8.93896 14.479 4.42105
    endloop
  endfacet
  facet normal 0 -0.242971 0.970033
    outer loop
      vertex 9.23499 14.3219 4.3817
      vertex -8.93896 14.479 4.42105
      vertex -9.23499 14.3219 4.3817
    endloop
  endfacet
  facet normal 0 -0.941448 -0.337158
    outer loop
      vertex -4.07017 15.579 6.47897
      vertex 4.00942 15.5244 6.63143
      vertex -4.00942 15.5244 6.63143
    endloop
  endfacet
  facet normal 0 -0.941448 -0.337158
    outer loop
      vertex 4.00942 15.5244 6.63143
      vertex -4.07017 15.579 6.47897
      vertex 4.07017 15.579 6.47897
    endloop
  endfacet
  facet normal 0 0.998809 0.0487887
    outer loop
      vertex 10.7642 12.3579 5.83827
      vertex -10.6661 12.35 6
      vertex 10.6661 12.35 6
    endloop
  endfacet
  facet normal 0 0.998809 0.0487887
    outer loop
      vertex -10.6661 12.35 6
      vertex 10.7642 12.3579 5.83827
      vertex -10.7642 12.3579 5.83827
    endloop
  endfacet
  facet normal 0 -0.98914 0.146978
    outer loop
      vertex -5.19825 15.6183 5.6781
      vertex 4.9208 15.6421 5.83827
      vertex -4.9208 15.6421 5.83827
    endloop
  endfacet
  facet normal 0 -0.98914 0.146978
    outer loop
      vertex 4.9208 15.6421 5.83827
      vertex -5.19825 15.6183 5.6781
      vertex 5.19825 15.6183 5.6781
    endloop
  endfacet
  facet normal -0 0.671486 0.741018
    outer loop
      vertex -10.8436 12.9533 4.72453
      vertex 10.9041 12.8333 4.83327
      vertex 10.8436 12.9533 4.72453
    endloop
  endfacet
  facet normal 0 0.671486 0.741018
    outer loop
      vertex 10.9041 12.8333 4.83327
      vertex -10.8436 12.9533 4.72453
      vertex -10.9041 12.8333 4.83327
    endloop
  endfacet
  facet normal 0 -0.970095 0.242725
    outer loop
      vertex -5.51518 15.579 5.52103
      vertex 5.19825 15.6183 5.6781
      vertex -5.19825 15.6183 5.6781
    endloop
  endfacet
  facet normal 0 -0.970095 0.242725
    outer loop
      vertex 5.19825 15.6183 5.6781
      vertex -5.51518 15.579 5.52103
      vertex 5.51518 15.579 5.52103
    endloop
  endfacet
  facet normal 0.00237145 -0.668968 -0.743287
    outer loop
      vertex 4.69082 15.0467 7.27547
      vertex 4.45938 15.1667 7.16673
      vertex 4.58453 15.1132 7.21528
    endloop
  endfacet
  facet normal 0 -0.671486 -0.741018
    outer loop
      vertex 4.69082 15.0467 7.27547
      vertex -4.45938 15.1667 7.16673
      vertex 4.45938 15.1667 7.16673
    endloop
  endfacet
  facet normal 0 -0.671486 -0.741018
    outer loop
      vertex -4.69082 15.0467 7.27547
      vertex -4.45938 15.1667 7.16673
      vertex 4.69082 15.0467 7.27547
    endloop
  endfacet
  facet normal -0.00237145 -0.668968 -0.743287
    outer loop
      vertex -4.45938 15.1667 7.16673
      vertex -4.69082 15.0467 7.27547
      vertex -4.58453 15.1132 7.21528
    endloop
  endfacet
  facet normal 0 -0.336939 -0.941526
    outer loop
      vertex 5.56491 14.6136 7.53077
      vertex -5.52356 14.6314 7.5244
      vertex 5.52356 14.6314 7.5244
    endloop
  endfacet
  facet normal 0 -0.33701 -0.941501
    outer loop
      vertex -5.56491 14.6136 7.53077
      vertex 5.56491 14.6136 7.53077
      vertex 5.87777 14.479 7.57895
    endloop
  endfacet
  facet normal -0 -0.336939 -0.941526
    outer loop
      vertex 5.56491 14.6136 7.53077
      vertex -5.56491 14.6136 7.53077
      vertex -5.52356 14.6314 7.5244
    endloop
  endfacet
  facet normal 0 -0.33701 -0.941501
    outer loop
      vertex -5.56491 14.6136 7.53077
      vertex 5.87777 14.479 7.57895
      vertex -5.87777 14.479 7.57895
    endloop
  endfacet
  facet normal 0 0.337002 -0.941504
    outer loop
      vertex 8.11191 13.3686 7.5244
      vertex -7.81045 13.521 7.57895
      vertex 7.81045 13.521 7.57895
    endloop
  endfacet
  facet normal 0 0.337002 -0.941504
    outer loop
      vertex -7.81045 13.521 7.57895
      vertex 8.11191 13.3686 7.5244
      vertex -8.11191 13.3686 7.5244
    endloop
  endfacet
  facet normal -0.00797351 0.508867 0.860808
    outer loop
      vertex 10.642 13.2222 4.54483
      vertex 10.7639 13.0833 4.62807
      vertex 10.7515 13.1008 4.61761
    endloop
  endfacet
  facet normal -0 0.514042 0.857765
    outer loop
      vertex -10.642 13.2222 4.54483
      vertex 10.7639 13.0833 4.62807
      vertex 10.642 13.2222 4.54483
    endloop
  endfacet
  facet normal 0.00797351 0.508867 0.860808
    outer loop
      vertex -10.7639 13.0833 4.62807
      vertex -10.642 13.2222 4.54483
      vertex -10.7515 13.1008 4.61761
    endloop
  endfacet
  facet normal 0 0.514042 0.857765
    outer loop
      vertex -10.642 13.2222 4.54483
      vertex -10.7639 13.0833 4.62807
      vertex 10.7639 13.0833 4.62807
    endloop
  endfacet
  facet normal 0.00119174 -0.858896 0.512149
    outer loop
      vertex -6.60624 15.3719 5.08331
      vertex -6.25489 15.4552 5.22219
      vertex -6.39049 15.428 5.17689
    endloop
  endfacet
  facet normal 0 -0.857569 0.514369
    outer loop
      vertex -6.25489 15.4552 5.22219
      vertex -6.60624 15.3719 5.08331
      vertex 6.25489 15.4552 5.22219
    endloop
  endfacet
  facet normal 0 -0.857569 0.514369
    outer loop
      vertex 6.60624 15.3719 5.08331
      vertex 6.25489 15.4552 5.22219
      vertex -6.60624 15.3719 5.08331
    endloop
  endfacet
  facet normal -0.00119174 -0.858896 0.512149
    outer loop
      vertex 6.25489 15.4552 5.22219
      vertex 6.60624 15.3719 5.08331
      vertex 6.39049 15.428 5.17689
    endloop
  endfacet
  facet normal 0 -0.427494 -0.904018
    outer loop
      vertex 5.52356 14.6314 7.5244
      vertex -5.20568 14.7778 7.45517
      vertex 5.20568 14.7778 7.45517
    endloop
  endfacet
  facet normal 0 -0.427494 -0.904018
    outer loop
      vertex -5.20568 14.7778 7.45517
      vertex 5.52356 14.6314 7.5244
      vertex -5.52356 14.6314 7.5244
    endloop
  endfacet
  facet normal -0 0.14671 0.98918
    outer loop
      vertex -9.95062 13.8383 4.35794
      vertex 10.1489 13.6781 4.3817
      vertex 9.95062 13.8383 4.35794
    endloop
  endfacet
  facet normal 0 0.14671 0.98918
    outer loop
      vertex 10.1489 13.6781 4.3817
      vertex -9.95062 13.8383 4.35794
      vertex -10.1489 13.6781 4.3817
    endloop
  endfacet
  facet normal -0.00963267 0.583784 -0.811852
    outer loop
      vertex 8.96982 12.9533 7.27547
      vertex 8.7195 13.0833 7.37192
      vertex 8.73694 13.0758 7.36632
    endloop
  endfacet
  facet normal 0 0.59584 -0.803103
    outer loop
      vertex 8.96982 12.9533 7.27547
      vertex -8.7195 13.0833 7.37192
      vertex 8.7195 13.0833 7.37192
    endloop
  endfacet
  facet normal 0 0.59584 -0.803103
    outer loop
      vertex -8.96982 12.9533 7.27547
      vertex -8.7195 13.0833 7.37192
      vertex 8.96982 12.9533 7.27547
    endloop
  endfacet
  facet normal 0.00963267 0.583784 -0.811852
    outer loop
      vertex -8.7195 13.0833 7.37192
      vertex -8.96982 12.9533 7.27547
      vertex -8.73694 13.0758 7.36632
    endloop
  endfacet
  facet normal 0 -0.857586 -0.514341
    outer loop
      vertex -4.01838 15.4552 6.7778
      vertex 4.09698 15.3719 6.91669
      vertex -4.09698 15.3719 6.91669
    endloop
  endfacet
  facet normal 0 -0.857586 -0.514341
    outer loop
      vertex 4.09698 15.3719 6.91669
      vertex -4.01838 15.4552 6.7778
      vertex 4.01838 15.4552 6.7778
    endloop
  endfacet
  facet normal -0 0.0490442 0.998797
    outer loop
      vertex -9.73848 14 4.35
      vertex 9.95062 13.8383 4.35794
      vertex 9.73848 14 4.35
    endloop
  endfacet
  facet normal 0 0.0490442 0.998797
    outer loop
      vertex 9.95062 13.8383 4.35794
      vertex -9.73848 14 4.35
      vertex -9.95062 13.8383 4.35794
    endloop
  endfacet
  facet normal 0 0.740778 -0.67175
    outer loop
      vertex 9.44866 12.7245 7.04675
      vertex -9.21263 12.8333 7.16673
      vertex 9.21263 12.8333 7.16673
    endloop
  endfacet
  facet normal 0 0.740778 -0.67175
    outer loop
      vertex -9.21263 12.8333 7.16673
      vertex 9.44866 12.7245 7.04675
      vertex -9.44866 12.7245 7.04675
    endloop
  endfacet
  facet normal -0.151839 -0.162456 -0.974963
    outer loop
      vertex 9.51449 14.1617 4.35794
      vertex 9.73848 14 4.35
      vertex 9.69093 14.0343 4.35169
    endloop
  endfacet
  facet normal 0 -0.0490442 0.998797
    outer loop
      vertex -9.51449 14.1617 4.35794
      vertex 9.73848 14 4.35
      vertex 9.51449 14.1617 4.35794
    endloop
  endfacet
  facet normal 3.74747e-07 -0.0489997 0.998799
    outer loop
      vertex -9.69093 14.0343 4.35169
      vertex 9.73848 14 4.35
      vertex -9.51449 14.1617 4.35794
    endloop
  endfacet
  facet normal 0 -0.0492114 0.998788
    outer loop
      vertex 9.73848 14 4.35
      vertex -9.69093 14.0343 4.35169
      vertex -9.73848 14 4.35
    endloop
  endfacet
  facet normal -0 0.242971 0.970033
    outer loop
      vertex -10.1489 13.6781 4.3817
      vertex 10.3313 13.521 4.42105
      vertex 10.1489 13.6781 4.3817
    endloop
  endfacet
  facet normal 0 0.242971 0.970033
    outer loop
      vertex 10.3313 13.521 4.42105
      vertex -10.1489 13.6781 4.3817
      vertex -10.3313 13.521 4.42105
    endloop
  endfacet
  facet normal 0 -0.671486 0.741018
    outer loop
      vertex -7.29969 15.1667 4.83327
      vertex 7.66627 15.0467 4.72453
      vertex 7.29969 15.1667 4.83327
    endloop
  endfacet
  facet normal 0 -0.671486 0.741018
    outer loop
      vertex 7.66627 15.0467 4.72453
      vertex -7.29969 15.1667 4.83327
      vertex -7.66627 15.0467 4.72453
    endloop
  endfacet
  facet normal -0.00051487 -0.243948 -0.969788
    outer loop
      vertex 6.19438 14.3219 7.6183
      vertex 5.87777 14.479 7.57895
      vertex 5.98018 14.4374 7.58936
    endloop
  endfacet
  facet normal 0 -0.242971 -0.970033
    outer loop
      vertex 6.19438 14.3219 7.6183
      vertex -5.87777 14.479 7.57895
      vertex 5.87777 14.479 7.57895
    endloop
  endfacet
  facet normal 0 -0.242971 -0.970033
    outer loop
      vertex -6.19438 14.3219 7.6183
      vertex -5.87777 14.479 7.57895
      vertex 6.19438 14.3219 7.6183
    endloop
  endfacet
  facet normal 0.00051487 -0.243948 -0.969788
    outer loop
      vertex -5.87777 14.479 7.57895
      vertex -6.19438 14.3219 7.6183
      vertex -5.98018 14.4374 7.58936
    endloop
  endfacet
  facet normal 0 0.970095 0.242725
    outer loop
      vertex 10.9043 12.421 5.52103
      vertex -10.8439 12.3817 5.6781
      vertex 10.8439 12.3817 5.6781
    endloop
  endfacet
  facet normal 0 0.970095 0.242725
    outer loop
      vertex -10.8439 12.3817 5.6781
      vertex 10.9043 12.421 5.52103
      vertex -10.9043 12.421 5.52103
    endloop
  endfacet
  facet normal -0 0.427494 0.904018
    outer loop
      vertex -10.4963 13.3686 4.4756
      vertex 10.642 13.2222 4.54483
      vertex 10.4963 13.3686 4.4756
    endloop
  endfacet
  facet normal 0 0.427494 0.904018
    outer loop
      vertex 10.642 13.2222 4.54483
      vertex -10.4963 13.3686 4.4756
      vertex -10.642 13.2222 4.54483
    endloop
  endfacet
  facet normal 0 0.740852 0.671669
    outer loop
      vertex 10.9049 12.8311 4.83567
      vertex -10.9448 12.7245 4.95325
      vertex 10.9448 12.7245 4.95325
    endloop
  endfacet
  facet normal 0 0.740852 0.671669
    outer loop
      vertex 10.9049 12.8311 4.83567
      vertex -10.9049 12.8311 4.83567
      vertex -10.9448 12.7245 4.95325
    endloop
  endfacet
  facet normal 0 0.737154 0.675725
    outer loop
      vertex 10.9041 12.8333 4.83327
      vertex -10.9049 12.8311 4.83567
      vertex 10.9049 12.8311 4.83567
    endloop
  endfacet
  facet normal 0 0.737154 0.675725
    outer loop
      vertex -10.9049 12.8311 4.83567
      vertex 10.9041 12.8333 4.83327
      vertex -10.9041 12.8333 4.83327
    endloop
  endfacet
  facet normal 0 -0.427494 0.904018
    outer loop
      vertex -8.3335 14.7778 4.54483
      vertex 8.6375 14.6314 4.4756
      vertex 8.3335 14.7778 4.54483
    endloop
  endfacet
  facet normal 0 -0.427494 0.904018
    outer loop
      vertex 8.6375 14.6314 4.4756
      vertex -8.3335 14.7778 4.54483
      vertex -8.6375 14.6314 4.4756
    endloop
  endfacet
  facet normal 0 0.0491058 -0.998794
    outer loop
      vertex 7.19226 13.8383 7.64205
      vertex -6.84206 14 7.65
      vertex 6.84206 14 7.65
    endloop
  endfacet
  facet normal 0 0.0491058 -0.998794
    outer loop
      vertex -6.84206 14 7.65
      vertex 7.19226 13.8383 7.64205
      vertex -7.19226 13.8383 7.64205
    endloop
  endfacet
  facet normal 0 0.98914 0.146978
    outer loop
      vertex 10.8439 12.3817 5.6781
      vertex -10.7642 12.3579 5.83827
      vertex 10.7642 12.3579 5.83827
    endloop
  endfacet
  facet normal 0 0.98914 0.146978
    outer loop
      vertex -10.7642 12.3579 5.83827
      vertex 10.8439 12.3817 5.6781
      vertex -10.8439 12.3817 5.6781
    endloop
  endfacet
  facet normal 0 -0.740778 -0.67175
    outer loop
      vertex -4.24445 15.2755 7.04675
      vertex 4.45938 15.1667 7.16673
      vertex -4.45938 15.1667 7.16673
    endloop
  endfacet
  facet normal 0 -0.740778 -0.67175
    outer loop
      vertex 4.45938 15.1667 7.16673
      vertex -4.24445 15.2755 7.04675
      vertex 4.24445 15.2755 7.04675
    endloop
  endfacet
  facet normal 0.00245511 -0.591441 0.806345
    outer loop
      vertex 7.66627 15.0467 4.72453
      vertex 8.0299 14.9167 4.62807
      vertex 7.98381 14.9367 4.64288
    endloop
  endfacet
  facet normal 0 -0.59588 0.803073
    outer loop
      vertex -7.66627 15.0467 4.72453
      vertex 8.0299 14.9167 4.62807
      vertex 7.66627 15.0467 4.72453
    endloop
  endfacet
  facet normal -0.00245511 -0.591441 0.806345
    outer loop
      vertex -8.0299 14.9167 4.62807
      vertex -7.66627 15.0467 4.72453
      vertex -7.98381 14.9367 4.64288
    endloop
  endfacet
  facet normal 0 -0.59588 0.803073
    outer loop
      vertex -7.66627 15.0467 4.72453
      vertex -8.0299 14.9167 4.62807
      vertex 8.0299 14.9167 4.62807
    endloop
  endfacet
  facet normal 0 0.803382 0.595464
    outer loop
      vertex 10.9448 12.7245 4.95325
      vertex -10.9652 12.6281 5.08331
      vertex 10.9652 12.6281 5.08331
    endloop
  endfacet
  facet normal 0 0.803382 0.595464
    outer loop
      vertex -10.9652 12.6281 5.08331
      vertex 10.9448 12.7245 4.95325
      vertex -10.9448 12.7245 4.95325
    endloop
  endfacet
  facet normal 0 0.998834 -0.0482762
    outer loop
      vertex 10.6096 12.3539 6.07897
      vertex -10.5504 12.3579 6.16173
      vertex 10.5504 12.3579 6.16173
    endloop
  endfacet
  facet normal 0 0.998834 -0.0482762
    outer loop
      vertex 10.6096 12.3539 6.07897
      vertex -10.6096 12.3539 6.07897
      vertex -10.5504 12.3579 6.16173
    endloop
  endfacet
  facet normal 0 0.998783 -0.0493257
    outer loop
      vertex 10.6661 12.35 6
      vertex -10.6096 12.3539 6.07897
      vertex 10.6096 12.3539 6.07897
    endloop
  endfacet
  facet normal 0 0.998783 -0.0493257
    outer loop
      vertex -10.6096 12.3539 6.07897
      vertex 10.6661 12.35 6
      vertex -10.6661 12.35 6
    endloop
  endfacet
  facet normal 0 -0.740778 0.67175
    outer loop
      vertex -7.29969 15.1667 4.83327
      vertex 6.94521 15.2755 4.95325
      vertex -6.94521 15.2755 4.95325
    endloop
  endfacet
  facet normal 0 -0.740778 0.67175
    outer loop
      vertex 6.94521 15.2755 4.95325
      vertex -7.29969 15.1667 4.83327
      vertex 7.29969 15.1667 4.83327
    endloop
  endfacet
  facet normal 0.970095 0 -0.242725
    outer loop
      vertex -15.579 -4.07017 6.47897
      vertex -15.6183 4.20005 6.3219
      vertex -15.579 4.07017 6.47897
    endloop
  endfacet
  facet normal 0.970095 0 -0.242725
    outer loop
      vertex -15.6183 4.20005 6.3219
      vertex -15.579 -4.07017 6.47897
      vertex -15.6183 -4.20005 6.3219
    endloop
  endfacet
  facet normal 0.427494 0 0.904018
    outer loop
      vertex -14.7778 8.3335 4.54483
      vertex -14.6314 -8.6375 4.4756
      vertex -14.6314 8.6375 4.4756
    endloop
  endfacet
  facet normal 0.427494 0 0.904018
    outer loop
      vertex -14.6314 -8.6375 4.4756
      vertex -14.7778 8.3335 4.54483
      vertex -14.7778 -8.3335 4.54483
    endloop
  endfacet
  facet normal 0.803382 0 -0.595464
    outer loop
      vertex -15.2755 4.24445 7.04675
      vertex -15.3719 -4.09698 6.91669
      vertex -15.3719 4.09698 6.91669
    endloop
  endfacet
  facet normal 0.803382 0 -0.595464
    outer loop
      vertex -15.3719 -4.09698 6.91669
      vertex -15.2755 4.24445 7.04675
      vertex -15.2755 -4.24445 7.04675
    endloop
  endfacet
  facet normal 0.998809 0 -0.0487887
    outer loop
      vertex -15.6421 -4.39782 6.16173
      vertex -15.65 4.66157 6
      vertex -15.6421 4.39782 6.16173
    endloop
  endfacet
  facet normal 0.998809 0 -0.0487887
    outer loop
      vertex -15.65 4.66157 6
      vertex -15.6421 -4.39782 6.16173
      vertex -15.65 -4.66157 6
    endloop
  endfacet
  facet normal 0.514042 0 0.857765
    outer loop
      vertex -14.9167 8.0299 4.62807
      vertex -14.7778 -8.3335 4.54483
      vertex -14.7778 8.3335 4.54483
    endloop
  endfacet
  facet normal 0.514042 0 0.857765
    outer loop
      vertex -14.7778 -8.3335 4.54483
      vertex -14.9167 8.0299 4.62807
      vertex -14.9167 -8.0299 4.62807
    endloop
  endfacet
  facet normal 0.337002 0 0.941504
    outer loop
      vertex -14.6314 8.6375 4.4756
      vertex -14.479 -8.93896 4.42105
      vertex -14.479 8.93896 4.42105
    endloop
  endfacet
  facet normal 0.337002 0 0.941504
    outer loop
      vertex -14.479 -8.93896 4.42105
      vertex -14.6314 8.6375 4.4756
      vertex -14.6314 -8.6375 4.4756
    endloop
  endfacet
  facet normal -0.857569 0 0.514369
    outer loop
      vertex -12.6281 -10.9652 5.08331
      vertex -12.5448 10.9653 5.22219
      vertex -12.6281 10.9652 5.08331
    endloop
  endfacet
  facet normal -0.857569 0 0.514369
    outer loop
      vertex -12.5448 10.9653 5.22219
      vertex -12.6281 -10.9652 5.08331
      vertex -12.5448 -10.9653 5.22219
    endloop
  endfacet
  facet normal -0.671843 0 -0.740694
    outer loop
      vertex -12.8773 -9.12351 7.20664
      vertex -12.8333 9.21263 7.16673
      vertex -12.8333 -9.21263 7.16673
    endloop
  endfacet
  facet normal -0.671843 0 -0.740694
    outer loop
      vertex -12.8773 -9.12351 7.20664
      vertex -12.8773 9.12351 7.20664
      vertex -12.8333 9.21263 7.16673
    endloop
  endfacet
  facet normal -0.671278 0 -0.741205
    outer loop
      vertex -12.9533 -8.96982 7.27547
      vertex -12.8773 9.12351 7.20664
      vertex -12.8773 -9.12351 7.20664
    endloop
  endfacet
  facet normal -0.671278 0 -0.741205
    outer loop
      vertex -12.8773 9.12351 7.20664
      vertex -12.9533 -8.96982 7.27547
      vertex -12.9533 8.96982 7.27547
    endloop
  endfacet
  facet normal 0.149363 -0.00154936 0.988781
    outer loop
      vertex -14.3142 9.24885 4.38056
      vertex -14.1617 9.51449 4.35794
      vertex -14.1861 9.47888 4.36157
    endloop
  endfacet
  facet normal 0.146723 0 0.989178
    outer loop
      vertex -14.1617 9.51449 4.35794
      vertex -14.3142 9.24885 4.38056
      vertex -14.1617 -9.51449 4.35794
    endloop
  endfacet
  facet normal 0.146723 -0 0.989178
    outer loop
      vertex -14.3142 -9.24885 4.38056
      vertex -14.1617 -9.51449 4.35794
      vertex -14.3142 9.24885 4.38056
    endloop
  endfacet
  facet normal 0.149363 0.00154936 0.988781
    outer loop
      vertex -14.1617 -9.51449 4.35794
      vertex -14.3142 -9.24885 4.38056
      vertex -14.1861 -9.47888 4.36157
    endloop
  endfacet
  facet normal 0.146456 0 0.989217
    outer loop
      vertex -14.3219 9.23499 4.3817
      vertex -14.3142 -9.24885 4.38056
      vertex -14.3142 9.24885 4.38056
    endloop
  endfacet
  facet normal 0.146456 0 0.989217
    outer loop
      vertex -14.3142 -9.24885 4.38056
      vertex -14.3219 9.23499 4.3817
      vertex -14.3219 -9.23499 4.3817
    endloop
  endfacet
  facet normal -0.803382 0 -0.595464
    outer loop
      vertex -12.6281 9.67563 6.91669
      vertex -12.7245 -9.44866 7.04675
      vertex -12.7245 9.44866 7.04675
    endloop
  endfacet
  facet normal -0.803382 0 -0.595464
    outer loop
      vertex -12.7245 -9.44866 7.04675
      vertex -12.6281 9.67563 6.91669
      vertex -12.6281 -9.67563 6.91669
    endloop
  endfacet
  facet normal 0.514087 0 -0.857738
    outer loop
      vertex -14.9167 -4.92721 7.37192
      vertex -14.7778 5.20568 7.45517
      vertex -14.7778 -5.20568 7.45517
    endloop
  endfacet
  facet normal 0.514087 0 -0.857738
    outer loop
      vertex -14.7778 5.20568 7.45517
      vertex -14.9167 -4.92721 7.37192
      vertex -14.9167 4.92721 7.37192
    endloop
  endfacet
  facet normal -0.508867 -0.00797351 0.860808
    outer loop
      vertex -13.2222 10.642 4.54483
      vertex -13.0833 10.7639 4.62807
      vertex -13.1008 10.7515 4.61761
    endloop
  endfacet
  facet normal -0.514042 0 0.857765
    outer loop
      vertex -13.0833 10.7639 4.62807
      vertex -13.2222 10.642 4.54483
      vertex -13.0833 -10.7639 4.62807
    endloop
  endfacet
  facet normal -0.514042 0 0.857765
    outer loop
      vertex -13.2222 -10.642 4.54483
      vertex -13.0833 -10.7639 4.62807
      vertex -13.2222 10.642 4.54483
    endloop
  endfacet
  facet normal -0.508867 0.00797351 0.860808
    outer loop
      vertex -13.0833 -10.7639 4.62807
      vertex -13.2222 -10.642 4.54483
      vertex -13.1008 -10.7515 4.61761
    endloop
  endfacet
  facet normal 0.0491058 0 -0.998794
    outer loop
      vertex -14.1617 -6.50837 7.64205
      vertex -14 6.84206 7.65
      vertex -14 -6.84206 7.65
    endloop
  endfacet
  facet normal 0.0491058 0 -0.998794
    outer loop
      vertex -14 6.84206 7.65
      vertex -14.1617 -6.50837 7.64205
      vertex -14.1617 6.50837 7.64205
    endloop
  endfacet
  facet normal 0.146474 0 -0.989215
    outer loop
      vertex -14.2239 -6.38658 7.63284
      vertex -14.1617 6.50837 7.64205
      vertex -14.1617 -6.50837 7.64205
    endloop
  endfacet
  facet normal 0.146474 0 -0.989215
    outer loop
      vertex -14.2239 -6.38658 7.63284
      vertex -14.2239 6.38658 7.63284
      vertex -14.1617 6.50837 7.64205
    endloop
  endfacet
  facet normal 0.146761 0 -0.989172
    outer loop
      vertex -14.3219 -6.19438 7.6183
      vertex -14.2239 6.38658 7.63284
      vertex -14.2239 -6.38658 7.63284
    endloop
  endfacet
  facet normal 0.146761 0 -0.989172
    outer loop
      vertex -14.2239 6.38658 7.63284
      vertex -14.3219 -6.19438 7.6183
      vertex -14.3219 6.19438 7.6183
    endloop
  endfacet
  facet normal -0.938085 -0.00888854 -0.34629
    outer loop
      vertex -12.421 10.2711 6.47897
      vertex -12.4756 10.0938 6.63143
      vertex -12.4416 10.2105 6.53633
    endloop
  endfacet
  facet normal -0.941448 0 -0.337158
    outer loop
      vertex -12.421 10.2711 6.47897
      vertex -12.4756 -10.0938 6.63143
      vertex -12.4756 10.0938 6.63143
    endloop
  endfacet
  facet normal -0.941448 0 -0.337158
    outer loop
      vertex -12.421 -10.2711 6.47897
      vertex -12.4756 -10.0938 6.63143
      vertex -12.421 10.2711 6.47897
    endloop
  endfacet
  facet normal -0.938085 0.00888854 -0.34629
    outer loop
      vertex -12.4756 -10.0938 6.63143
      vertex -12.421 -10.2711 6.47897
      vertex -12.4416 -10.2105 6.53633
    endloop
  endfacet
  facet normal 0.33701 0 -0.941501
    outer loop
      vertex -14.6136 -5.56491 7.53077
      vertex -14.479 5.87777 7.57895
      vertex -14.479 -5.87777 7.57895
    endloop
  endfacet
  facet normal 0.33701 0 -0.941501
    outer loop
      vertex -14.6136 -5.56491 7.53077
      vertex -14.6136 5.56491 7.53077
      vertex -14.479 5.87777 7.57895
    endloop
  endfacet
  facet normal 0.336939 0 -0.941526
    outer loop
      vertex -14.6314 -5.52356 7.5244
      vertex -14.6136 5.56491 7.53077
      vertex -14.6136 -5.56491 7.53077
    endloop
  endfacet
  facet normal 0.336939 0 -0.941526
    outer loop
      vertex -14.6136 5.56491 7.53077
      vertex -14.6314 -5.52356 7.5244
      vertex -14.6314 5.52356 7.5244
    endloop
  endfacet
  facet normal -0.427494 0 0.904018
    outer loop
      vertex -13.3686 10.4963 4.4756
      vertex -13.2222 -10.642 4.54483
      vertex -13.2222 10.642 4.54483
    endloop
  endfacet
  facet normal -0.427494 0 0.904018
    outer loop
      vertex -13.2222 -10.642 4.54483
      vertex -13.3686 10.4963 4.4756
      vertex -13.3686 -10.4963 4.4756
    endloop
  endfacet
  facet normal -0.337002 0 0.941504
    outer loop
      vertex -13.521 10.3313 4.42105
      vertex -13.3686 -10.4963 4.4756
      vertex -13.3686 10.4963 4.4756
    endloop
  endfacet
  facet normal -0.337002 0 0.941504
    outer loop
      vertex -13.3686 -10.4963 4.4756
      vertex -13.521 10.3313 4.42105
      vertex -13.521 -10.3313 4.42105
    endloop
  endfacet
  facet normal 0.59584 0 -0.803103
    outer loop
      vertex -15.0467 -4.69082 7.27547
      vertex -14.9167 4.92721 7.37192
      vertex -14.9167 -4.92721 7.37192
    endloop
  endfacet
  facet normal 0.59584 0 -0.803103
    outer loop
      vertex -14.9167 4.92721 7.37192
      vertex -15.0467 -4.69082 7.27547
      vertex -15.0467 4.69082 7.27547
    endloop
  endfacet
  facet normal -0.242971 0 -0.970033
    outer loop
      vertex -13.6781 -7.51442 7.6183
      vertex -13.521 7.81045 7.57895
      vertex -13.521 -7.81045 7.57895
    endloop
  endfacet
  facet normal -0.242971 0 -0.970033
    outer loop
      vertex -13.521 7.81045 7.57895
      vertex -13.6781 -7.51442 7.6183
      vertex -13.6781 7.51442 7.6183
    endloop
  endfacet
  facet normal -0.98914 0 -0.146978
    outer loop
      vertex -12.3579 10.5504 6.16173
      vertex -12.3817 -10.4183 6.3219
      vertex -12.3817 10.4183 6.3219
    endloop
  endfacet
  facet normal -0.98914 0 -0.146978
    outer loop
      vertex -12.3817 -10.4183 6.3219
      vertex -12.3579 10.5504 6.16173
      vertex -12.3579 -10.5504 6.16173
    endloop
  endfacet
  facet normal -0.146901 -0.000127739 -0.989151
    outer loop
      vertex -13.8383 -7.19226 7.64205
      vertex -13.6781 -7.51442 7.6183
      vertex -13.7653 -7.35772 7.63123
    endloop
  endfacet
  facet normal -0.146649 0 -0.989189
    outer loop
      vertex -13.6781 -7.51442 7.6183
      vertex -13.8383 -7.19226 7.64205
      vertex -13.6781 7.51442 7.6183
    endloop
  endfacet
  facet normal -0.146649 -0 -0.989189
    outer loop
      vertex -13.8383 7.19226 7.64205
      vertex -13.6781 7.51442 7.6183
      vertex -13.8383 -7.19226 7.64205
    endloop
  endfacet
  facet normal -0.146901 0.000127739 -0.989151
    outer loop
      vertex -13.6781 7.51442 7.6183
      vertex -13.8383 7.19226 7.64205
      vertex -13.7653 7.35772 7.63123
    endloop
  endfacet
  facet normal -0.941448 0 0.337158
    outer loop
      vertex -12.4756 10.9449 5.36857
      vertex -12.421 -10.9043 5.52103
      vertex -12.421 10.9043 5.52103
    endloop
  endfacet
  facet normal -0.941448 0 0.337158
    outer loop
      vertex -12.421 -10.9043 5.52103
      vertex -12.4756 10.9449 5.36857
      vertex -12.4756 -10.9449 5.36857
    endloop
  endfacet
  facet normal -0.740778 0 -0.67175
    outer loop
      vertex -12.7245 9.44866 7.04675
      vertex -12.8333 -9.21263 7.16673
      vertex -12.8333 9.21263 7.16673
    endloop
  endfacet
  facet normal -0.740778 0 -0.67175
    outer loop
      vertex -12.8333 -9.21263 7.16673
      vertex -12.7245 9.44866 7.04675
      vertex -12.7245 -9.44866 7.04675
    endloop
  endfacet
  facet normal 0.903983 -0 0.427568
    outer loop
      vertex -15.5244 -5.86853 5.36857
      vertex -15.4879 6.07223 5.2914
      vertex -15.5244 5.86853 5.36857
    endloop
  endfacet
  facet normal 0.903983 -0 0.427568
    outer loop
      vertex -15.4879 -6.07223 5.2914
      vertex -15.4879 6.07223 5.2914
      vertex -15.5244 -5.86853 5.36857
    endloop
  endfacet
  facet normal 0.90416 0 0.427193
    outer loop
      vertex -15.4879 6.07223 5.2914
      vertex -15.4879 -6.07223 5.2914
      vertex -15.4552 6.25489 5.22219
    endloop
  endfacet
  facet normal 0.90416 0 0.427193
    outer loop
      vertex -15.4552 6.25489 5.22219
      vertex -15.4879 -6.07223 5.2914
      vertex -15.4552 -6.25489 5.22219
    endloop
  endfacet
  facet normal -0.59588 0 0.803073
    outer loop
      vertex -13.0833 10.7639 4.62807
      vertex -12.9533 -10.8436 4.72453
      vertex -12.9533 10.8436 4.72453
    endloop
  endfacet
  facet normal -0.59588 0 0.803073
    outer loop
      vertex -12.9533 -10.8436 4.72453
      vertex -13.0833 10.7639 4.62807
      vertex -13.0833 -10.7639 4.62807
    endloop
  endfacet
  facet normal 0.970095 -0 0.242725
    outer loop
      vertex -15.6183 -5.19825 5.6781
      vertex -15.579 5.51518 5.52103
      vertex -15.6183 5.19825 5.6781
    endloop
  endfacet
  facet normal 0.970095 0 0.242725
    outer loop
      vertex -15.579 5.51518 5.52103
      vertex -15.6183 -5.19825 5.6781
      vertex -15.579 -5.51518 5.52103
    endloop
  endfacet
  facet normal -0.904067 0 0.427391
    outer loop
      vertex -12.5448 10.9653 5.22219
      vertex -12.4756 -10.9449 5.36857
      vertex -12.4756 10.9449 5.36857
    endloop
  endfacet
  facet normal -0.904067 0 0.427391
    outer loop
      vertex -12.4756 -10.9449 5.36857
      vertex -12.5448 10.9653 5.22219
      vertex -12.5448 -10.9653 5.22219
    endloop
  endfacet
  facet normal 0.98914 0 -0.146978
    outer loop
      vertex -15.6183 -4.20005 6.3219
      vertex -15.6421 4.39782 6.16173
      vertex -15.6183 4.20005 6.3219
    endloop
  endfacet
  facet normal 0.98914 0 -0.146978
    outer loop
      vertex -15.6421 4.39782 6.16173
      vertex -15.6183 -4.20005 6.3219
      vertex -15.6421 -4.39782 6.16173
    endloop
  endfacet
  facet normal 0.242971 0 0.970033
    outer loop
      vertex -14.479 8.93896 4.42105
      vertex -14.3219 -9.23499 4.3817
      vertex -14.3219 9.23499 4.3817
    endloop
  endfacet
  facet normal 0.242971 0 0.970033
    outer loop
      vertex -14.3219 -9.23499 4.3817
      vertex -14.479 8.93896 4.42105
      vertex -14.479 -8.93896 4.42105
    endloop
  endfacet
  facet normal 0.941448 0 -0.337158
    outer loop
      vertex -15.5244 -4.00942 6.63143
      vertex -15.579 4.07017 6.47897
      vertex -15.5244 4.00942 6.63143
    endloop
  endfacet
  facet normal 0.941448 0 -0.337158
    outer loop
      vertex -15.579 4.07017 6.47897
      vertex -15.5244 -4.00942 6.63143
      vertex -15.579 -4.07017 6.47897
    endloop
  endfacet
  facet normal -0.998809 0 0.0487887
    outer loop
      vertex -12.3579 10.7642 5.83827
      vertex -12.35 -10.6661 6
      vertex -12.35 10.6661 6
    endloop
  endfacet
  facet normal -0.998809 0 0.0487887
    outer loop
      vertex -12.35 -10.6661 6
      vertex -12.3579 10.7642 5.83827
      vertex -12.3579 -10.7642 5.83827
    endloop
  endfacet
  facet normal -0.671486 0 0.741018
    outer loop
      vertex -12.9533 10.8436 4.72453
      vertex -12.8333 -10.9041 4.83327
      vertex -12.8333 10.9041 4.83327
    endloop
  endfacet
  facet normal -0.671486 0 0.741018
    outer loop
      vertex -12.8333 -10.9041 4.83327
      vertex -12.9533 10.8436 4.72453
      vertex -12.9533 -10.8436 4.72453
    endloop
  endfacet
  facet normal 0.904056 0 -0.427414
    outer loop
      vertex -15.4552 4.01838 6.7778
      vertex -15.5244 -4.00942 6.63143
      vertex -15.5244 4.00942 6.63143
    endloop
  endfacet
  facet normal 0.904056 0 -0.427414
    outer loop
      vertex -15.5244 -4.00942 6.63143
      vertex -15.4552 4.01838 6.7778
      vertex -15.4552 -4.01838 6.7778
    endloop
  endfacet
  facet normal 0.668968 -0.00237145 -0.743287
    outer loop
      vertex -15.1667 -4.45938 7.16673
      vertex -15.0467 -4.69082 7.27547
      vertex -15.1132 -4.58453 7.21528
    endloop
  endfacet
  facet normal 0.671486 0 -0.741018
    outer loop
      vertex -15.0467 -4.69082 7.27547
      vertex -15.1667 -4.45938 7.16673
      vertex -15.0467 4.69082 7.27547
    endloop
  endfacet
  facet normal 0.671486 0 -0.741018
    outer loop
      vertex -15.1667 4.45938 7.16673
      vertex -15.0467 4.69082 7.27547
      vertex -15.1667 -4.45938 7.16673
    endloop
  endfacet
  facet normal 0.668968 0.00237145 -0.743287
    outer loop
      vertex -15.0467 4.69082 7.27547
      vertex -15.1667 4.45938 7.16673
      vertex -15.1132 4.58453 7.21528
    endloop
  endfacet
  facet normal 0.740778 0 -0.67175
    outer loop
      vertex -15.1667 4.45938 7.16673
      vertex -15.2755 -4.24445 7.04675
      vertex -15.2755 4.24445 7.04675
    endloop
  endfacet
  facet normal 0.740778 0 -0.67175
    outer loop
      vertex -15.2755 -4.24445 7.04675
      vertex -15.1667 4.45938 7.16673
      vertex -15.1667 -4.45938 7.16673
    endloop
  endfacet
  facet normal -0.337002 0 -0.941504
    outer loop
      vertex -13.521 -7.81045 7.57895
      vertex -13.3686 8.11191 7.5244
      vertex -13.3686 -8.11191 7.5244
    endloop
  endfacet
  facet normal -0.337002 0 -0.941504
    outer loop
      vertex -13.3686 8.11191 7.5244
      vertex -13.521 -7.81045 7.57895
      vertex -13.521 7.81045 7.57895
    endloop
  endfacet
  facet normal -0.514087 0 -0.857738
    outer loop
      vertex -13.2222 -8.41591 7.45517
      vertex -13.0833 8.7195 7.37192
      vertex -13.0833 -8.7195 7.37192
    endloop
  endfacet
  facet normal -0.514087 0 -0.857738
    outer loop
      vertex -13.0833 8.7195 7.37192
      vertex -13.2222 -8.41591 7.45517
      vertex -13.2222 8.41591 7.45517
    endloop
  endfacet
  facet normal -0.857586 0 -0.514341
    outer loop
      vertex -12.5448 9.89137 6.7778
      vertex -12.6281 -9.67563 6.91669
      vertex -12.6281 9.67563 6.91669
    endloop
  endfacet
  facet normal -0.857586 0 -0.514341
    outer loop
      vertex -12.6281 -9.67563 6.91669
      vertex -12.5448 9.89137 6.7778
      vertex -12.5448 -9.89137 6.7778
    endloop
  endfacet
  facet normal -0.0183543 0.362713 0.93172
    outer loop
      vertex -15.3719 6.60624 5.08331
      vertex -15.2755 6.94521 4.95325
      vertex -15.3494 6.68552 5.05289
    endloop
  endfacet
  facet normal 0.803382 -0 0.595464
    outer loop
      vertex -15.3719 -6.60624 5.08331
      vertex -15.2755 6.94521 4.95325
      vertex -15.3719 6.60624 5.08331
    endloop
  endfacet
  facet normal 0.803964 -1.16786e-05 0.594678
    outer loop
      vertex -15.3494 -6.68552 5.05289
      vertex -15.2755 6.94521 4.95325
      vertex -15.3719 -6.60624 5.08331
    endloop
  endfacet
  facet normal 0.8032 0 0.595709
    outer loop
      vertex -15.2755 6.94521 4.95325
      vertex -15.3494 -6.68552 5.05289
      vertex -15.2755 -6.94521 4.95325
    endloop
  endfacet
  facet normal 0.858896 -0.00119174 0.512149
    outer loop
      vertex -15.4552 6.25489 5.22219
      vertex -15.3719 6.60624 5.08331
      vertex -15.428 6.39049 5.17689
    endloop
  endfacet
  facet normal 0.857569 -0 0.514369
    outer loop
      vertex -15.4552 -6.25489 5.22219
      vertex -15.3719 6.60624 5.08331
      vertex -15.4552 6.25489 5.22219
    endloop
  endfacet
  facet normal 0.858896 0.00119174 0.512149
    outer loop
      vertex -15.3719 -6.60624 5.08331
      vertex -15.4552 -6.25489 5.22219
      vertex -15.428 -6.39049 5.17689
    endloop
  endfacet
  facet normal 0.857569 0 0.514369
    outer loop
      vertex -15.4552 -6.25489 5.22219
      vertex -15.3719 -6.60624 5.08331
      vertex -15.3719 6.60624 5.08331
    endloop
  endfacet
  facet normal 0.427494 0 -0.904018
    outer loop
      vertex -14.7778 -5.20568 7.45517
      vertex -14.6314 5.52356 7.5244
      vertex -14.6314 -5.52356 7.5244
    endloop
  endfacet
  facet normal 0.427494 0 -0.904018
    outer loop
      vertex -14.6314 5.52356 7.5244
      vertex -14.7778 -5.20568 7.45517
      vertex -14.7778 5.20568 7.45517
    endloop
  endfacet
  facet normal -0.14671 0 0.98918
    outer loop
      vertex -13.8383 9.95062 4.35794
      vertex -13.6781 -10.1489 4.3817
      vertex -13.6781 10.1489 4.3817
    endloop
  endfacet
  facet normal -0.14671 0 0.98918
    outer loop
      vertex -13.6781 -10.1489 4.3817
      vertex -13.8383 9.95062 4.35794
      vertex -13.8383 -9.95062 4.35794
    endloop
  endfacet
  facet normal 0.671486 0 0.741018
    outer loop
      vertex -15.1667 7.29969 4.83327
      vertex -15.0467 -7.66627 4.72453
      vertex -15.0467 7.66627 4.72453
    endloop
  endfacet
  facet normal 0.671486 0 0.741018
    outer loop
      vertex -15.0467 -7.66627 4.72453
      vertex -15.1667 7.29969 4.83327
      vertex -15.1667 -7.29969 4.83327
    endloop
  endfacet
  facet normal -0.0490442 0 0.998797
    outer loop
      vertex -14 9.73848 4.35
      vertex -13.8383 -9.95062 4.35794
      vertex -13.8383 9.95062 4.35794
    endloop
  endfacet
  facet normal -0.0490442 0 0.998797
    outer loop
      vertex -13.8383 -9.95062 4.35794
      vertex -14 9.73848 4.35
      vertex -14 -9.73848 4.35
    endloop
  endfacet
  facet normal 0.857586 0 -0.514341
    outer loop
      vertex -15.3719 4.09698 6.91669
      vertex -15.4552 -4.01838 6.7778
      vertex -15.4552 4.01838 6.7778
    endloop
  endfacet
  facet normal 0.857586 0 -0.514341
    outer loop
      vertex -15.4552 -4.01838 6.7778
      vertex -15.3719 4.09698 6.91669
      vertex -15.3719 -4.09698 6.91669
    endloop
  endfacet
  facet normal -0.0491058 0 -0.998794
    outer loop
      vertex -14 -6.84206 7.65
      vertex -13.8383 7.19226 7.64205
      vertex -13.8383 -7.19226 7.64205
    endloop
  endfacet
  facet normal -0.0491058 0 -0.998794
    outer loop
      vertex -13.8383 7.19226 7.64205
      vertex -14 -6.84206 7.65
      vertex -14 6.84206 7.65
    endloop
  endfacet
  facet normal -0.583784 0.00963267 -0.811852
    outer loop
      vertex -13.0833 -8.7195 7.37192
      vertex -12.9533 -8.96982 7.27547
      vertex -13.0758 -8.73694 7.36632
    endloop
  endfacet
  facet normal -0.59584 0 -0.803103
    outer loop
      vertex -12.9533 -8.96982 7.27547
      vertex -13.0833 -8.7195 7.37192
      vertex -12.9533 8.96982 7.27547
    endloop
  endfacet
  facet normal -0.59584 -0 -0.803103
    outer loop
      vertex -13.0833 8.7195 7.37192
      vertex -12.9533 8.96982 7.27547
      vertex -13.0833 -8.7195 7.37192
    endloop
  endfacet
  facet normal -0.583784 -0.00963267 -0.811852
    outer loop
      vertex -12.9533 8.96982 7.27547
      vertex -13.0833 8.7195 7.37192
      vertex -13.0758 8.73694 7.36632
    endloop
  endfacet
  facet normal 0.98914 -0 0.146978
    outer loop
      vertex -15.6421 -4.9208 5.83827
      vertex -15.6183 5.19825 5.6781
      vertex -15.6421 4.9208 5.83827
    endloop
  endfacet
  facet normal 0.98914 0 0.146978
    outer loop
      vertex -15.6183 5.19825 5.6781
      vertex -15.6421 -4.9208 5.83827
      vertex -15.6183 -5.19825 5.6781
    endloop
  endfacet
  facet normal -0.904056 0 -0.427414
    outer loop
      vertex -12.4756 10.0938 6.63143
      vertex -12.5448 -9.89137 6.7778
      vertex -12.5448 9.89137 6.7778
    endloop
  endfacet
  facet normal -0.904056 0 -0.427414
    outer loop
      vertex -12.5448 -9.89137 6.7778
      vertex -12.4756 10.0938 6.63143
      vertex -12.4756 -10.0938 6.63143
    endloop
  endfacet
  facet normal -0.970095 0 -0.242725
    outer loop
      vertex -12.3817 10.4183 6.3219
      vertex -12.421 -10.2711 6.47897
      vertex -12.421 10.2711 6.47897
    endloop
  endfacet
  facet normal -0.970095 0 -0.242725
    outer loop
      vertex -12.421 -10.2711 6.47897
      vertex -12.3817 10.4183 6.3219
      vertex -12.3817 -10.4183 6.3219
    endloop
  endfacet
  facet normal -0.427534 0 -0.903999
    outer loop
      vertex -13.2658 -8.32536 7.47579
      vertex -13.2222 8.41591 7.45517
      vertex -13.2222 -8.41591 7.45517
    endloop
  endfacet
  facet normal -0.427534 0 -0.903999
    outer loop
      vertex -13.2658 -8.32536 7.47579
      vertex -13.2658 8.32536 7.47579
      vertex -13.2222 8.41591 7.45517
    endloop
  endfacet
  facet normal -0.427478 0 -0.904026
    outer loop
      vertex -13.3686 -8.11191 7.5244
      vertex -13.2658 8.32536 7.47579
      vertex -13.2658 -8.32536 7.47579
    endloop
  endfacet
  facet normal -0.427478 0 -0.904026
    outer loop
      vertex -13.2658 8.32536 7.47579
      vertex -13.3686 -8.11191 7.5244
      vertex -13.3686 8.11191 7.5244
    endloop
  endfacet
  facet normal -0.970095 0 0.242725
    outer loop
      vertex -12.421 10.9043 5.52103
      vertex -12.3817 -10.8439 5.6781
      vertex -12.3817 10.8439 5.6781
    endloop
  endfacet
  facet normal -0.970095 0 0.242725
    outer loop
      vertex -12.3817 -10.8439 5.6781
      vertex -12.421 10.9043 5.52103
      vertex -12.421 -10.9043 5.52103
    endloop
  endfacet
  facet normal -0.242971 0 0.970033
    outer loop
      vertex -13.6781 10.1489 4.3817
      vertex -13.521 -10.3313 4.42105
      vertex -13.521 10.3313 4.42105
    endloop
  endfacet
  facet normal -0.242971 0 0.970033
    outer loop
      vertex -13.521 -10.3313 4.42105
      vertex -13.6781 10.1489 4.3817
      vertex -13.6781 -10.1489 4.3817
    endloop
  endfacet
  facet normal 0.243948 0.00051487 -0.969788
    outer loop
      vertex -14.479 -5.87777 7.57895
      vertex -14.3219 -6.19438 7.6183
      vertex -14.4374 -5.98018 7.58936
    endloop
  endfacet
  facet normal 0.242971 0 -0.970033
    outer loop
      vertex -14.3219 -6.19438 7.6183
      vertex -14.479 -5.87777 7.57895
      vertex -14.3219 6.19438 7.6183
    endloop
  endfacet
  facet normal 0.242971 0 -0.970033
    outer loop
      vertex -14.479 5.87777 7.57895
      vertex -14.3219 6.19438 7.6183
      vertex -14.479 -5.87777 7.57895
    endloop
  endfacet
  facet normal 0.243948 -0.00051487 -0.969788
    outer loop
      vertex -14.3219 6.19438 7.6183
      vertex -14.479 5.87777 7.57895
      vertex -14.4374 5.98018 7.58936
    endloop
  endfacet
  facet normal -0.737154 0 0.675725
    outer loop
      vertex -12.8333 -10.9041 4.83327
      vertex -12.8311 10.9049 4.83567
      vertex -12.8333 10.9041 4.83327
    endloop
  endfacet
  facet normal -0.740852 8.19379e-07 0.671668
    outer loop
      vertex -12.8333 -10.9041 4.83327
      vertex -12.7245 10.9448 4.95325
      vertex -12.8311 10.9049 4.83567
    endloop
  endfacet
  facet normal -0.737161 -3.97954e-05 0.675717
    outer loop
      vertex -12.8311 -10.9049 4.83567
      vertex -12.7245 10.9448 4.95325
      vertex -12.8333 -10.9041 4.83327
    endloop
  endfacet
  facet normal -0.740852 0 0.671669
    outer loop
      vertex -12.7245 10.9448 4.95325
      vertex -12.8311 -10.9049 4.83567
      vertex -12.7245 -10.9448 4.95325
    endloop
  endfacet
  facet normal -0.98914 0 0.146978
    outer loop
      vertex -12.3817 10.8439 5.6781
      vertex -12.3579 -10.7642 5.83827
      vertex -12.3579 10.7642 5.83827
    endloop
  endfacet
  facet normal -0.98914 0 0.146978
    outer loop
      vertex -12.3579 -10.7642 5.83827
      vertex -12.3817 10.8439 5.6781
      vertex -12.3817 -10.8439 5.6781
    endloop
  endfacet
  facet normal 0.591441 0.00245511 0.806345
    outer loop
      vertex -15.0467 7.66627 4.72453
      vertex -14.9167 8.0299 4.62807
      vertex -14.9367 7.98381 4.64288
    endloop
  endfacet
  facet normal 0.59588 0 0.803073
    outer loop
      vertex -14.9167 8.0299 4.62807
      vertex -15.0467 7.66627 4.72453
      vertex -14.9167 -8.0299 4.62807
    endloop
  endfacet
  facet normal 0.59588 -0 0.803073
    outer loop
      vertex -15.0467 -7.66627 4.72453
      vertex -14.9167 -8.0299 4.62807
      vertex -15.0467 7.66627 4.72453
    endloop
  endfacet
  facet normal 0.591441 -0.00245511 0.806345
    outer loop
      vertex -14.9167 -8.0299 4.62807
      vertex -15.0467 -7.66627 4.72453
      vertex -14.9367 -7.98381 4.64288
    endloop
  endfacet
  facet normal 0.941448 -0 0.337158
    outer loop
      vertex -15.579 -5.51518 5.52103
      vertex -15.5244 5.86853 5.36857
      vertex -15.579 5.51518 5.52103
    endloop
  endfacet
  facet normal 0.941448 0 0.337158
    outer loop
      vertex -15.5244 5.86853 5.36857
      vertex -15.579 -5.51518 5.52103
      vertex -15.5244 -5.86853 5.36857
    endloop
  endfacet
  facet normal 0.99899 -0.00245789 0.0448579
    outer loop
      vertex -15.65 4.66157 6
      vertex -15.6421 4.9208 5.83827
      vertex -15.6479 4.74675 5.9579
    endloop
  endfacet
  facet normal 0.998809 -0 0.0487887
    outer loop
      vertex -15.65 -4.66157 6
      vertex -15.6421 4.9208 5.83827
      vertex -15.65 4.66157 6
    endloop
  endfacet
  facet normal 0.99899 0.00245789 0.0448579
    outer loop
      vertex -15.6421 -4.9208 5.83827
      vertex -15.65 -4.66157 6
      vertex -15.6479 -4.74675 5.9579
    endloop
  endfacet
  facet normal 0.998809 0 0.0487887
    outer loop
      vertex -15.65 -4.66157 6
      vertex -15.6421 -4.9208 5.83827
      vertex -15.6421 4.9208 5.83827
    endloop
  endfacet
  facet normal 0.0492114 0 0.998788
    outer loop
      vertex -14.0343 9.69093 4.35169
      vertex -14 -9.73848 4.35
      vertex -14 9.73848 4.35
    endloop
  endfacet
  facet normal 0.0492114 0 0.998788
    outer loop
      vertex -14.0343 9.69093 4.35169
      vertex -14.0343 -9.69093 4.35169
      vertex -14 -9.73848 4.35
    endloop
  endfacet
  facet normal 0.0489992 0 0.998799
    outer loop
      vertex -14.1617 9.51449 4.35794
      vertex -14.0343 -9.69093 4.35169
      vertex -14.0343 9.69093 4.35169
    endloop
  endfacet
  facet normal 0.0489992 0 0.998799
    outer loop
      vertex -14.0343 -9.69093 4.35169
      vertex -14.1617 9.51449 4.35794
      vertex -14.1617 -9.51449 4.35794
    endloop
  endfacet
  facet normal -0.803382 0 0.595464
    outer loop
      vertex -12.7245 -10.9448 4.95325
      vertex -12.6281 10.9652 5.08331
      vertex -12.7245 10.9448 4.95325
    endloop
  endfacet
  facet normal -0.803382 0 0.595464
    outer loop
      vertex -12.6281 10.9652 5.08331
      vertex -12.7245 -10.9448 4.95325
      vertex -12.6281 -10.9652 5.08331
    endloop
  endfacet
  facet normal 0.107919 -0.811046 -0.574942
    outer loop
      vertex -12.35 10.6661 6
      vertex -12.3579 10.5504 6.16173
      vertex -12.3539 10.6096 6.07897
    endloop
  endfacet
  facet normal -0.998809 0 -0.0487887
    outer loop
      vertex -12.35 10.6661 6
      vertex -12.3579 -10.5504 6.16173
      vertex -12.3579 10.5504 6.16173
    endloop
  endfacet
  facet normal -0.998834 3.89474e-06 -0.048279
    outer loop
      vertex -12.35 10.6661 6
      vertex -12.3539 -10.6096 6.07897
      vertex -12.3579 -10.5504 6.16173
    endloop
  endfacet
  facet normal -0.998783 0 -0.0493257
    outer loop
      vertex -12.3539 -10.6096 6.07897
      vertex -12.35 10.6661 6
      vertex -12.35 -10.6661 6
    endloop
  endfacet
  facet normal 0.740778 -0 0.67175
    outer loop
      vertex -15.2755 -6.94521 4.95325
      vertex -15.1667 7.29969 4.83327
      vertex -15.2755 6.94521 4.95325
    endloop
  endfacet
  facet normal 0.740778 0 0.67175
    outer loop
      vertex -15.1667 7.29969 4.83327
      vertex -15.2755 -6.94521 4.95325
      vertex -15.1667 -7.29969 4.83327
    endloop
  endfacet
  facet normal 0.00237145 0.668968 -0.743287
    outer loop
      vertex 4.45938 -15.1667 7.16673
      vertex 4.69082 -15.0467 7.27547
      vertex 4.58453 -15.1132 7.21528
    endloop
  endfacet
  facet normal 0 0.671486 -0.741018
    outer loop
      vertex -4.45938 -15.1667 7.16673
      vertex 4.69082 -15.0467 7.27547
      vertex 4.45938 -15.1667 7.16673
    endloop
  endfacet
  facet normal -0.00237145 0.668968 -0.743287
    outer loop
      vertex -4.69082 -15.0467 7.27547
      vertex -4.45938 -15.1667 7.16673
      vertex -4.58453 -15.1132 7.21528
    endloop
  endfacet
  facet normal 0 0.671486 -0.741018
    outer loop
      vertex -4.45938 -15.1667 7.16673
      vertex -4.69082 -15.0467 7.27547
      vertex 4.69082 -15.0467 7.27547
    endloop
  endfacet
  facet normal 0 0.427494 0.904018
    outer loop
      vertex 8.6375 -14.6314 4.4756
      vertex -8.3335 -14.7778 4.54483
      vertex 8.3335 -14.7778 4.54483
    endloop
  endfacet
  facet normal 0 0.427494 0.904018
    outer loop
      vertex -8.3335 -14.7778 4.54483
      vertex 8.6375 -14.6314 4.4756
      vertex -8.6375 -14.6314 4.4756
    endloop
  endfacet
  facet normal 0 0.803382 -0.595464
    outer loop
      vertex 4.09698 -15.3719 6.91669
      vertex -4.24445 -15.2755 7.04675
      vertex 4.24445 -15.2755 7.04675
    endloop
  endfacet
  facet normal 0 0.803382 -0.595464
    outer loop
      vertex -4.24445 -15.2755 7.04675
      vertex 4.09698 -15.3719 6.91669
      vertex -4.09698 -15.3719 6.91669
    endloop
  endfacet
  facet normal 0 0.998809 -0.0487887
    outer loop
      vertex 4.66157 -15.65 6
      vertex -4.39782 -15.6421 6.16173
      vertex 4.39782 -15.6421 6.16173
    endloop
  endfacet
  facet normal 0 0.998809 -0.0487887
    outer loop
      vertex -4.39782 -15.6421 6.16173
      vertex 4.66157 -15.65 6
      vertex -4.66157 -15.65 6
    endloop
  endfacet
  facet normal 0 0.970095 -0.242725
    outer loop
      vertex 4.20005 -15.6183 6.3219
      vertex -4.07017 -15.579 6.47897
      vertex 4.07017 -15.579 6.47897
    endloop
  endfacet
  facet normal 0 0.970095 -0.242725
    outer loop
      vertex -4.07017 -15.579 6.47897
      vertex 4.20005 -15.6183 6.3219
      vertex -4.20005 -15.6183 6.3219
    endloop
  endfacet
  facet normal 0 -0.671278 -0.741205
    outer loop
      vertex -8.96982 -12.9533 7.27547
      vertex 9.12351 -12.8773 7.20664
      vertex 8.96982 -12.9533 7.27547
    endloop
  endfacet
  facet normal 4.35405e-06 -0.671848 -0.740689
    outer loop
      vertex -8.96982 -12.9533 7.27547
      vertex 9.21263 -12.8333 7.16673
      vertex 9.12351 -12.8773 7.20664
    endloop
  endfacet
  facet normal -2.45602e-06 -0.671281 -0.741203
    outer loop
      vertex -9.12351 -12.8773 7.20664
      vertex 9.21263 -12.8333 7.16673
      vertex -8.96982 -12.9533 7.27547
    endloop
  endfacet
  facet normal -0 -0.671843 -0.740694
    outer loop
      vertex 9.21263 -12.8333 7.16673
      vertex -9.12351 -12.8773 7.20664
      vertex -9.21263 -12.8333 7.16673
    endloop
  endfacet
  facet normal 0 -0.857569 0.514369
    outer loop
      vertex -10.9652 -12.6281 5.08331
      vertex 10.9653 -12.5448 5.22219
      vertex -10.9653 -12.5448 5.22219
    endloop
  endfacet
  facet normal 0 -0.857569 0.514369
    outer loop
      vertex 10.9653 -12.5448 5.22219
      vertex -10.9652 -12.6281 5.08331
      vertex 10.9652 -12.6281 5.08331
    endloop
  endfacet
  facet normal -0.00154936 0.149363 0.988781
    outer loop
      vertex 9.51449 -14.1617 4.35794
      vertex 9.24885 -14.3142 4.38056
      vertex 9.47888 -14.1861 4.36157
    endloop
  endfacet
  facet normal -0.00469197 0.154713 0.987948
    outer loop
      vertex 9.51449 -14.1617 4.35794
      vertex 9.23499 -14.3219 4.3817
      vertex 9.24885 -14.3142 4.38056
    endloop
  endfacet
  facet normal 0 0.14671 0.98918
    outer loop
      vertex 9.51449 -14.1617 4.35794
      vertex -9.23499 -14.3219 4.3817
      vertex 9.23499 -14.3219 4.3817
    endloop
  endfacet
  facet normal 2.18639e-06 0.146459 0.989217
    outer loop
      vertex 9.51449 -14.1617 4.35794
      vertex -9.24885 -14.3142 4.38056
      vertex -9.23499 -14.3219 4.3817
    endloop
  endfacet
  facet normal -0 0.146723 0.989178
    outer loop
      vertex -9.51449 -14.1617 4.35794
      vertex -9.24885 -14.3142 4.38056
      vertex 9.51449 -14.1617 4.35794
    endloop
  endfacet
  facet normal 0.00154936 0.149363 0.988781
    outer loop
      vertex -9.24885 -14.3142 4.38056
      vertex -9.51449 -14.1617 4.35794
      vertex -9.47888 -14.1861 4.36157
    endloop
  endfacet
  facet normal 0 -0.941448 0.337158
    outer loop
      vertex -10.9449 -12.4756 5.36857
      vertex 10.9043 -12.421 5.52103
      vertex -10.9043 -12.421 5.52103
    endloop
  endfacet
  facet normal 0 -0.941448 0.337158
    outer loop
      vertex 10.9043 -12.421 5.52103
      vertex -10.9449 -12.4756 5.36857
      vertex 10.9449 -12.4756 5.36857
    endloop
  endfacet
  facet normal 0 0.514087 -0.857738
    outer loop
      vertex -4.92721 -14.9167 7.37192
      vertex 5.20568 -14.7778 7.45517
      vertex 4.92721 -14.9167 7.37192
    endloop
  endfacet
  facet normal 0 0.514087 -0.857738
    outer loop
      vertex 5.20568 -14.7778 7.45517
      vertex -4.92721 -14.9167 7.37192
      vertex -5.20568 -14.7778 7.45517
    endloop
  endfacet
  facet normal -0.00797351 -0.508867 0.860808
    outer loop
      vertex 10.7639 -13.0833 4.62807
      vertex 10.642 -13.2222 4.54483
      vertex 10.7515 -13.1008 4.61761
    endloop
  endfacet
  facet normal 0 -0.514042 0.857765
    outer loop
      vertex 10.7639 -13.0833 4.62807
      vertex -10.642 -13.2222 4.54483
      vertex 10.642 -13.2222 4.54483
    endloop
  endfacet
  facet normal 0 -0.514042 0.857765
    outer loop
      vertex -10.7639 -13.0833 4.62807
      vertex -10.642 -13.2222 4.54483
      vertex 10.7639 -13.0833 4.62807
    endloop
  endfacet
  facet normal 0.00797351 -0.508867 0.860808
    outer loop
      vertex -10.642 -13.2222 4.54483
      vertex -10.7639 -13.0833 4.62807
      vertex -10.7515 -13.1008 4.61761
    endloop
  endfacet
  facet normal 0 0.514042 0.857765
    outer loop
      vertex 8.3335 -14.7778 4.54483
      vertex -8.0299 -14.9167 4.62807
      vertex 8.0299 -14.9167 4.62807
    endloop
  endfacet
  facet normal 0 0.514042 0.857765
    outer loop
      vertex -8.0299 -14.9167 4.62807
      vertex 8.3335 -14.7778 4.54483
      vertex -8.3335 -14.7778 4.54483
    endloop
  endfacet
  facet normal 0 0.0491058 -0.998794
    outer loop
      vertex -6.50837 -14.1617 7.64205
      vertex 6.84206 -14 7.65
      vertex 6.50837 -14.1617 7.64205
    endloop
  endfacet
  facet normal 0 0.0491058 -0.998794
    outer loop
      vertex 6.84206 -14 7.65
      vertex -6.50837 -14.1617 7.64205
      vertex -6.84206 -14 7.65
    endloop
  endfacet
  facet normal 0 0.146761 -0.989172
    outer loop
      vertex -6.19438 -14.3219 7.6183
      vertex 6.38658 -14.2239 7.63284
      vertex 6.19438 -14.3219 7.6183
    endloop
  endfacet
  facet normal 0 0.146761 -0.989172
    outer loop
      vertex -6.38658 -14.2239 7.63284
      vertex 6.38658 -14.2239 7.63284
      vertex -6.19438 -14.3219 7.6183
    endloop
  endfacet
  facet normal 0 0.146474 -0.989215
    outer loop
      vertex 6.38658 -14.2239 7.63284
      vertex -6.38658 -14.2239 7.63284
      vertex 6.50837 -14.1617 7.64205
    endloop
  endfacet
  facet normal 0 0.146474 -0.989215
    outer loop
      vertex 6.50837 -14.1617 7.64205
      vertex -6.38658 -14.2239 7.63284
      vertex -6.50837 -14.1617 7.64205
    endloop
  endfacet
  facet normal 0 0.336939 -0.941526
    outer loop
      vertex -5.52356 -14.6314 7.5244
      vertex 5.56491 -14.6136 7.53077
      vertex 5.52356 -14.6314 7.5244
    endloop
  endfacet
  facet normal 0 0.336939 -0.941526
    outer loop
      vertex -5.56491 -14.6136 7.53077
      vertex 5.56491 -14.6136 7.53077
      vertex -5.52356 -14.6314 7.5244
    endloop
  endfacet
  facet normal 0 0.33701 -0.941501
    outer loop
      vertex 5.56491 -14.6136 7.53077
      vertex -5.56491 -14.6136 7.53077
      vertex 5.87777 -14.479 7.57895
    endloop
  endfacet
  facet normal 0 0.33701 -0.941501
    outer loop
      vertex 5.87777 -14.479 7.57895
      vertex -5.56491 -14.6136 7.53077
      vertex -5.87777 -14.479 7.57895
    endloop
  endfacet
  facet normal 0 -0.427494 0.904018
    outer loop
      vertex 10.642 -13.2222 4.54483
      vertex -10.4963 -13.3686 4.4756
      vertex 10.4963 -13.3686 4.4756
    endloop
  endfacet
  facet normal 0 -0.427494 0.904018
    outer loop
      vertex -10.4963 -13.3686 4.4756
      vertex 10.642 -13.2222 4.54483
      vertex -10.642 -13.2222 4.54483
    endloop
  endfacet
  facet normal 0 -0.242971 -0.970033
    outer loop
      vertex -7.51442 -13.6781 7.6183
      vertex 7.81045 -13.521 7.57895
      vertex 7.51442 -13.6781 7.6183
    endloop
  endfacet
  facet normal -0 -0.242971 -0.970033
    outer loop
      vertex 7.81045 -13.521 7.57895
      vertex -7.51442 -13.6781 7.6183
      vertex -7.81045 -13.521 7.57895
    endloop
  endfacet
  facet normal 0 -0.803382 -0.595464
    outer loop
      vertex -9.67563 -12.6281 6.91669
      vertex 9.44866 -12.7245 7.04675
      vertex -9.44866 -12.7245 7.04675
    endloop
  endfacet
  facet normal 0 -0.803382 -0.595464
    outer loop
      vertex 9.44866 -12.7245 7.04675
      vertex -9.67563 -12.6281 6.91669
      vertex 9.67563 -12.6281 6.91669
    endloop
  endfacet
  facet normal 0 0.337002 0.941504
    outer loop
      vertex 8.93896 -14.479 4.42105
      vertex -8.6375 -14.6314 4.4756
      vertex 8.6375 -14.6314 4.4756
    endloop
  endfacet
  facet normal 0 0.337002 0.941504
    outer loop
      vertex -8.6375 -14.6314 4.4756
      vertex 8.93896 -14.479 4.42105
      vertex -8.93896 -14.479 4.42105
    endloop
  endfacet
  facet normal 0 -0.98914 -0.146978
    outer loop
      vertex -10.5504 -12.3579 6.16173
      vertex 10.4183 -12.3817 6.3219
      vertex -10.4183 -12.3817 6.3219
    endloop
  endfacet
  facet normal 0 -0.98914 -0.146978
    outer loop
      vertex 10.4183 -12.3817 6.3219
      vertex -10.5504 -12.3579 6.16173
      vertex 10.5504 -12.3579 6.16173
    endloop
  endfacet
  facet normal 0.000127739 -0.146901 -0.989151
    outer loop
      vertex 7.19226 -13.8383 7.64205
      vertex 7.51442 -13.6781 7.6183
      vertex 7.35772 -13.7653 7.63123
    endloop
  endfacet
  facet normal 0 -0.146649 -0.989189
    outer loop
      vertex -7.19226 -13.8383 7.64205
      vertex 7.51442 -13.6781 7.6183
      vertex 7.19226 -13.8383 7.64205
    endloop
  endfacet
  facet normal -0.000127739 -0.146901 -0.989151
    outer loop
      vertex -7.51442 -13.6781 7.6183
      vertex -7.19226 -13.8383 7.64205
      vertex -7.35772 -13.7653 7.63123
    endloop
  endfacet
  facet normal 0 -0.146649 -0.989189
    outer loop
      vertex -7.19226 -13.8383 7.64205
      vertex -7.51442 -13.6781 7.6183
      vertex 7.51442 -13.6781 7.6183
    endloop
  endfacet
  facet normal -0.00119174 0.858896 0.512149
    outer loop
      vertex 6.60624 -15.3719 5.08331
      vertex 6.25489 -15.4552 5.22219
      vertex 6.39049 -15.428 5.17689
    endloop
  endfacet
  facet normal 0 0.857569 0.514369
    outer loop
      vertex 6.25489 -15.4552 5.22219
      vertex 6.60624 -15.3719 5.08331
      vertex -6.25489 -15.4552 5.22219
    endloop
  endfacet
  facet normal -0 0.857569 0.514369
    outer loop
      vertex -6.60624 -15.3719 5.08331
      vertex -6.25489 -15.4552 5.22219
      vertex 6.60624 -15.3719 5.08331
    endloop
  endfacet
  facet normal 0.00119174 0.858896 0.512149
    outer loop
      vertex -6.25489 -15.4552 5.22219
      vertex -6.60624 -15.3719 5.08331
      vertex -6.39049 -15.428 5.17689
    endloop
  endfacet
  facet normal 0 -0.98914 0.146978
    outer loop
      vertex -10.8439 -12.3817 5.6781
      vertex 10.7642 -12.3579 5.83827
      vertex -10.7642 -12.3579 5.83827
    endloop
  endfacet
  facet normal 0 -0.98914 0.146978
    outer loop
      vertex 10.7642 -12.3579 5.83827
      vertex -10.8439 -12.3817 5.6781
      vertex 10.8439 -12.3817 5.6781
    endloop
  endfacet
  facet normal 0 -0.740778 -0.67175
    outer loop
      vertex -9.44866 -12.7245 7.04675
      vertex 9.21263 -12.8333 7.16673
      vertex -9.21263 -12.8333 7.16673
    endloop
  endfacet
  facet normal 0 -0.740778 -0.67175
    outer loop
      vertex 9.21263 -12.8333 7.16673
      vertex -9.44866 -12.7245 7.04675
      vertex 9.44866 -12.7245 7.04675
    endloop
  endfacet
  facet normal 0 0.970095 0.242725
    outer loop
      vertex 5.51518 -15.579 5.52103
      vertex -5.19825 -15.6183 5.6781
      vertex 5.19825 -15.6183 5.6781
    endloop
  endfacet
  facet normal 0 0.970095 0.242725
    outer loop
      vertex -5.19825 -15.6183 5.6781
      vertex 5.51518 -15.579 5.52103
      vertex -5.51518 -15.579 5.52103
    endloop
  endfacet
  facet normal 0 -0.904067 0.427391
    outer loop
      vertex -10.9653 -12.5448 5.22219
      vertex 10.9449 -12.4756 5.36857
      vertex -10.9449 -12.4756 5.36857
    endloop
  endfacet
  facet normal 0 -0.904067 0.427391
    outer loop
      vertex 10.9449 -12.4756 5.36857
      vertex -10.9653 -12.5448 5.22219
      vertex 10.9653 -12.5448 5.22219
    endloop
  endfacet
  facet normal 0 0.98914 -0.146978
    outer loop
      vertex 4.39782 -15.6421 6.16173
      vertex -4.20005 -15.6183 6.3219
      vertex 4.20005 -15.6183 6.3219
    endloop
  endfacet
  facet normal 0 0.98914 -0.146978
    outer loop
      vertex -4.20005 -15.6183 6.3219
      vertex 4.39782 -15.6421 6.16173
      vertex -4.39782 -15.6421 6.16173
    endloop
  endfacet
  facet normal 0 0.242971 0.970033
    outer loop
      vertex 9.23499 -14.3219 4.3817
      vertex -8.93896 -14.479 4.42105
      vertex 8.93896 -14.479 4.42105
    endloop
  endfacet
  facet normal 0 0.242971 0.970033
    outer loop
      vertex -8.93896 -14.479 4.42105
      vertex 9.23499 -14.3219 4.3817
      vertex -9.23499 -14.3219 4.3817
    endloop
  endfacet
  facet normal 0 0.941448 -0.337158
    outer loop
      vertex 4.07017 -15.579 6.47897
      vertex -4.00942 -15.5244 6.63143
      vertex 4.00942 -15.5244 6.63143
    endloop
  endfacet
  facet normal 0 0.941448 -0.337158
    outer loop
      vertex -4.00942 -15.5244 6.63143
      vertex 4.07017 -15.579 6.47897
      vertex -4.07017 -15.579 6.47897
    endloop
  endfacet
  facet normal 0 -0.59588 0.803073
    outer loop
      vertex 10.8436 -12.9533 4.72453
      vertex -10.7639 -13.0833 4.62807
      vertex 10.7639 -13.0833 4.62807
    endloop
  endfacet
  facet normal 0 -0.59588 0.803073
    outer loop
      vertex -10.7639 -13.0833 4.62807
      vertex 10.8436 -12.9533 4.72453
      vertex -10.8436 -12.9533 4.72453
    endloop
  endfacet
  facet normal 0 0.904056 -0.427414
    outer loop
      vertex 4.00942 -15.5244 6.63143
      vertex -4.01838 -15.4552 6.7778
      vertex 4.01838 -15.4552 6.7778
    endloop
  endfacet
  facet normal 0 0.904056 -0.427414
    outer loop
      vertex -4.01838 -15.4552 6.7778
      vertex 4.00942 -15.5244 6.63143
      vertex -4.00942 -15.5244 6.63143
    endloop
  endfacet
  facet normal 0 -0.337002 0.941504
    outer loop
      vertex 10.4963 -13.3686 4.4756
      vertex -10.3313 -13.521 4.42105
      vertex 10.3313 -13.521 4.42105
    endloop
  endfacet
  facet normal 0 -0.337002 0.941504
    outer loop
      vertex -10.3313 -13.521 4.42105
      vertex 10.4963 -13.3686 4.4756
      vertex -10.4963 -13.3686 4.4756
    endloop
  endfacet
  facet normal 0 0.740778 -0.67175
    outer loop
      vertex 4.24445 -15.2755 7.04675
      vertex -4.45938 -15.1667 7.16673
      vertex 4.45938 -15.1667 7.16673
    endloop
  endfacet
  facet normal 0 0.740778 -0.67175
    outer loop
      vertex -4.45938 -15.1667 7.16673
      vertex 4.24445 -15.2755 7.04675
      vertex -4.24445 -15.2755 7.04675
    endloop
  endfacet
  facet normal 0 -0.514087 -0.857738
    outer loop
      vertex -8.41591 -13.2222 7.45517
      vertex 8.7195 -13.0833 7.37192
      vertex 8.41591 -13.2222 7.45517
    endloop
  endfacet
  facet normal -0 -0.514087 -0.857738
    outer loop
      vertex 8.7195 -13.0833 7.37192
      vertex -8.41591 -13.2222 7.45517
      vertex -8.7195 -13.0833 7.37192
    endloop
  endfacet
  facet normal 0 0.59584 -0.803103
    outer loop
      vertex -4.69082 -15.0467 7.27547
      vertex 4.92721 -14.9167 7.37192
      vertex 4.69082 -15.0467 7.27547
    endloop
  endfacet
  facet normal 0 0.59584 -0.803103
    outer loop
      vertex 4.92721 -14.9167 7.37192
      vertex -4.69082 -15.0467 7.27547
      vertex -4.92721 -14.9167 7.37192
    endloop
  endfacet
  facet normal 0 -0.857586 -0.514341
    outer loop
      vertex -9.89137 -12.5448 6.7778
      vertex 9.67563 -12.6281 6.91669
      vertex -9.67563 -12.6281 6.91669
    endloop
  endfacet
  facet normal 0 -0.857586 -0.514341
    outer loop
      vertex 9.67563 -12.6281 6.91669
      vertex -9.89137 -12.5448 6.7778
      vertex 9.89137 -12.5448 6.7778
    endloop
  endfacet
  facet normal 0 0.803978 0.594659
    outer loop
      vertex 6.68552 -15.3494 5.05289
      vertex -6.60624 -15.3719 5.08331
      vertex 6.60624 -15.3719 5.08331
    endloop
  endfacet
  facet normal 0 0.803978 0.594659
    outer loop
      vertex 6.68552 -15.3494 5.05289
      vertex -6.68552 -15.3494 5.05289
      vertex -6.60624 -15.3719 5.08331
    endloop
  endfacet
  facet normal 0 0.8032 0.595709
    outer loop
      vertex 6.94521 -15.2755 4.95325
      vertex -6.68552 -15.3494 5.05289
      vertex 6.68552 -15.3494 5.05289
    endloop
  endfacet
  facet normal 0 0.8032 0.595709
    outer loop
      vertex -6.68552 -15.3494 5.05289
      vertex 6.94521 -15.2755 4.95325
      vertex -6.94521 -15.2755 4.95325
    endloop
  endfacet
  facet normal 0 0.427494 -0.904018
    outer loop
      vertex -5.20568 -14.7778 7.45517
      vertex 5.52356 -14.6314 7.5244
      vertex 5.20568 -14.7778 7.45517
    endloop
  endfacet
  facet normal 0 0.427494 -0.904018
    outer loop
      vertex 5.52356 -14.6314 7.5244
      vertex -5.20568 -14.7778 7.45517
      vertex -5.52356 -14.6314 7.5244
    endloop
  endfacet
  facet normal -0.00963267 -0.583784 -0.811852
    outer loop
      vertex 8.7195 -13.0833 7.37192
      vertex 8.96982 -12.9533 7.27547
      vertex 8.73694 -13.0758 7.36632
    endloop
  endfacet
  facet normal 0 -0.59584 -0.803103
    outer loop
      vertex -8.7195 -13.0833 7.37192
      vertex 8.96982 -12.9533 7.27547
      vertex 8.7195 -13.0833 7.37192
    endloop
  endfacet
  facet normal 0.00963267 -0.583784 -0.811852
    outer loop
      vertex -8.96982 -12.9533 7.27547
      vertex -8.7195 -13.0833 7.37192
      vertex -8.73694 -13.0758 7.36632
    endloop
  endfacet
  facet normal 0 -0.59584 -0.803103
    outer loop
      vertex -8.7195 -13.0833 7.37192
      vertex -8.96982 -12.9533 7.27547
      vertex 8.96982 -12.9533 7.27547
    endloop
  endfacet
  facet normal 0 0.671486 0.741018
    outer loop
      vertex 7.66627 -15.0467 4.72453
      vertex -7.29969 -15.1667 4.83327
      vertex 7.29969 -15.1667 4.83327
    endloop
  endfacet
  facet normal 0 0.671486 0.741018
    outer loop
      vertex -7.29969 -15.1667 4.83327
      vertex 7.66627 -15.0467 4.72453
      vertex -7.66627 -15.0467 4.72453
    endloop
  endfacet
  facet normal 0 -0.0490442 0.998797
    outer loop
      vertex 9.95062 -13.8383 4.35794
      vertex -9.73848 -14 4.35
      vertex 9.73848 -14 4.35
    endloop
  endfacet
  facet normal 0 -0.0490442 0.998797
    outer loop
      vertex -9.73848 -14 4.35
      vertex 9.95062 -13.8383 4.35794
      vertex -9.95062 -13.8383 4.35794
    endloop
  endfacet
  facet normal 0 0.857586 -0.514341
    outer loop
      vertex 4.01838 -15.4552 6.7778
      vertex -4.09698 -15.3719 6.91669
      vertex 4.09698 -15.3719 6.91669
    endloop
  endfacet
  facet normal 0 0.857586 -0.514341
    outer loop
      vertex -4.09698 -15.3719 6.91669
      vertex 4.01838 -15.4552 6.7778
      vertex -4.01838 -15.4552 6.7778
    endloop
  endfacet
  facet normal 0 -0.998809 0.0487887
    outer loop
      vertex -10.7642 -12.3579 5.83827
      vertex 10.6661 -12.35 6
      vertex -10.6661 -12.35 6
    endloop
  endfacet
  facet normal 0 -0.998809 0.0487887
    outer loop
      vertex 10.6661 -12.35 6
      vertex -10.7642 -12.3579 5.83827
      vertex 10.7642 -12.3579 5.83827
    endloop
  endfacet
  facet normal 0 -0.0491058 -0.998794
    outer loop
      vertex -6.84206 -14 7.65
      vertex 7.19226 -13.8383 7.64205
      vertex 6.84206 -14 7.65
    endloop
  endfacet
  facet normal -0 -0.0491058 -0.998794
    outer loop
      vertex 7.19226 -13.8383 7.64205
      vertex -6.84206 -14 7.65
      vertex -7.19226 -13.8383 7.64205
    endloop
  endfacet
  facet normal 0 0.98914 0.146978
    outer loop
      vertex 5.19825 -15.6183 5.6781
      vertex -4.9208 -15.6421 5.83827
      vertex 4.9208 -15.6421 5.83827
    endloop
  endfacet
  facet normal 0 0.98914 0.146978
    outer loop
      vertex -4.9208 -15.6421 5.83827
      vertex 5.19825 -15.6183 5.6781
      vertex -5.19825 -15.6183 5.6781
    endloop
  endfacet
  facet normal 0 -0.803382 0.595464
    outer loop
      vertex -10.9448 -12.7245 4.95325
      vertex 10.9652 -12.6281 5.08331
      vertex -10.9652 -12.6281 5.08331
    endloop
  endfacet
  facet normal 0 -0.803382 0.595464
    outer loop
      vertex 10.9652 -12.6281 5.08331
      vertex -10.9448 -12.7245 4.95325
      vertex 10.9448 -12.7245 4.95325
    endloop
  endfacet
  facet normal 0 -0.904056 -0.427414
    outer loop
      vertex -10.0938 -12.4756 6.63143
      vertex 9.89137 -12.5448 6.7778
      vertex -9.89137 -12.5448 6.7778
    endloop
  endfacet
  facet normal 0 -0.904056 -0.427414
    outer loop
      vertex 9.89137 -12.5448 6.7778
      vertex -10.0938 -12.4756 6.63143
      vertex 10.0938 -12.4756 6.63143
    endloop
  endfacet
  facet normal 0 -0.970095 -0.242725
    outer loop
      vertex -10.4183 -12.3817 6.3219
      vertex 10.2711 -12.421 6.47897
      vertex -10.2711 -12.421 6.47897
    endloop
  endfacet
  facet normal 0 -0.970095 -0.242725
    outer loop
      vertex 10.2711 -12.421 6.47897
      vertex -10.4183 -12.3817 6.3219
      vertex 10.4183 -12.3817 6.3219
    endloop
  endfacet
  facet normal 0 -0.337002 -0.941504
    outer loop
      vertex -7.81045 -13.521 7.57895
      vertex 8.11191 -13.3686 7.5244
      vertex 7.81045 -13.521 7.57895
    endloop
  endfacet
  facet normal -0 -0.337002 -0.941504
    outer loop
      vertex 8.11191 -13.3686 7.5244
      vertex -7.81045 -13.521 7.57895
      vertex -8.11191 -13.3686 7.5244
    endloop
  endfacet
  facet normal 0.156865 0.136796 0.9781
    outer loop
      vertex 8.11191 -13.3686 7.5244
      vertex 8.41591 -13.2222 7.45517
      vertex 8.32536 -13.2658 7.47579
    endloop
  endfacet
  facet normal 0 -0.427494 -0.904018
    outer loop
      vertex -8.11191 -13.3686 7.5244
      vertex 8.41591 -13.2222 7.45517
      vertex 8.11191 -13.3686 7.5244
    endloop
  endfacet
  facet normal -1.77638e-07 -0.427478 -0.904026
    outer loop
      vertex -8.32536 -13.2658 7.47579
      vertex 8.41591 -13.2222 7.45517
      vertex -8.11191 -13.3686 7.5244
    endloop
  endfacet
  facet normal -0 -0.427534 -0.903999
    outer loop
      vertex 8.41591 -13.2222 7.45517
      vertex -8.32536 -13.2658 7.47579
      vertex -8.41591 -13.2222 7.45517
    endloop
  endfacet
  facet normal 0 -0.970095 0.242725
    outer loop
      vertex -10.9043 -12.421 5.52103
      vertex 10.8439 -12.3817 5.6781
      vertex -10.8439 -12.3817 5.6781
    endloop
  endfacet
  facet normal 0 -0.970095 0.242725
    outer loop
      vertex 10.8439 -12.3817 5.6781
      vertex -10.9043 -12.421 5.52103
      vertex 10.9043 -12.421 5.52103
    endloop
  endfacet
  facet normal 0 -0.242971 0.970033
    outer loop
      vertex 10.3313 -13.521 4.42105
      vertex -10.1489 -13.6781 4.3817
      vertex 10.1489 -13.6781 4.3817
    endloop
  endfacet
  facet normal 0 -0.242971 0.970033
    outer loop
      vertex -10.1489 -13.6781 4.3817
      vertex 10.3313 -13.521 4.42105
      vertex -10.3313 -13.521 4.42105
    endloop
  endfacet
  facet normal 0 -0.740852 0.671669
    outer loop
      vertex -10.9049 -12.8311 4.83567
      vertex 10.9448 -12.7245 4.95325
      vertex -10.9448 -12.7245 4.95325
    endloop
  endfacet
  facet normal 0 -0.740852 0.671669
    outer loop
      vertex -10.9049 -12.8311 4.83567
      vertex 10.9049 -12.8311 4.83567
      vertex 10.9448 -12.7245 4.95325
    endloop
  endfacet
  facet normal 0 -0.737154 0.675725
    outer loop
      vertex -10.9041 -12.8333 4.83327
      vertex 10.9049 -12.8311 4.83567
      vertex -10.9049 -12.8311 4.83567
    endloop
  endfacet
  facet normal 0 -0.737154 0.675725
    outer loop
      vertex 10.9049 -12.8311 4.83567
      vertex -10.9041 -12.8333 4.83327
      vertex 10.9041 -12.8333 4.83327
    endloop
  endfacet
  facet normal 0 -0.671486 0.741018
    outer loop
      vertex 10.9041 -12.8333 4.83327
      vertex -10.8436 -12.9533 4.72453
      vertex 10.8436 -12.9533 4.72453
    endloop
  endfacet
  facet normal 0 -0.671486 0.741018
    outer loop
      vertex -10.8436 -12.9533 4.72453
      vertex 10.9041 -12.8333 4.83327
      vertex -10.9041 -12.8333 4.83327
    endloop
  endfacet
  facet normal 0 0.903983 0.427568
    outer loop
      vertex 6.07223 -15.4879 5.2914
      vertex -5.86853 -15.5244 5.36857
      vertex 5.86853 -15.5244 5.36857
    endloop
  endfacet
  facet normal 0 0.903983 0.427568
    outer loop
      vertex 6.07223 -15.4879 5.2914
      vertex -6.07223 -15.4879 5.2914
      vertex -5.86853 -15.5244 5.36857
    endloop
  endfacet
  facet normal 0 0.90416 0.427193
    outer loop
      vertex 6.25489 -15.4552 5.22219
      vertex -6.07223 -15.4879 5.2914
      vertex 6.07223 -15.4879 5.2914
    endloop
  endfacet
  facet normal 0 0.90416 0.427193
    outer loop
      vertex -6.07223 -15.4879 5.2914
      vertex 6.25489 -15.4552 5.22219
      vertex -6.25489 -15.4552 5.22219
    endloop
  endfacet
  facet normal -0.00051487 0.243948 -0.969788
    outer loop
      vertex 5.87777 -14.479 7.57895
      vertex 6.19438 -14.3219 7.6183
      vertex 5.98018 -14.4374 7.58936
    endloop
  endfacet
  facet normal 0 0.242971 -0.970033
    outer loop
      vertex -5.87777 -14.479 7.57895
      vertex 6.19438 -14.3219 7.6183
      vertex 5.87777 -14.479 7.57895
    endloop
  endfacet
  facet normal 0.00051487 0.243948 -0.969788
    outer loop
      vertex -6.19438 -14.3219 7.6183
      vertex -5.87777 -14.479 7.57895
      vertex -5.98018 -14.4374 7.58936
    endloop
  endfacet
  facet normal 0 0.242971 -0.970033
    outer loop
      vertex -5.87777 -14.479 7.57895
      vertex -6.19438 -14.3219 7.6183
      vertex 6.19438 -14.3219 7.6183
    endloop
  endfacet
  facet normal 0.00245511 0.591441 0.806345
    outer loop
      vertex 8.0299 -14.9167 4.62807
      vertex 7.66627 -15.0467 4.72453
      vertex 7.98381 -14.9367 4.64288
    endloop
  endfacet
  facet normal 0 0.59588 0.803073
    outer loop
      vertex 8.0299 -14.9167 4.62807
      vertex -7.66627 -15.0467 4.72453
      vertex 7.66627 -15.0467 4.72453
    endloop
  endfacet
  facet normal -0 0.59588 0.803073
    outer loop
      vertex -8.0299 -14.9167 4.62807
      vertex -7.66627 -15.0467 4.72453
      vertex 8.0299 -14.9167 4.62807
    endloop
  endfacet
  facet normal -0.00245511 0.591441 0.806345
    outer loop
      vertex -7.66627 -15.0467 4.72453
      vertex -8.0299 -14.9167 4.62807
      vertex -7.98381 -14.9367 4.64288
    endloop
  endfacet
  facet normal 0 0.941448 0.337158
    outer loop
      vertex 5.86853 -15.5244 5.36857
      vertex -5.51518 -15.579 5.52103
      vertex 5.51518 -15.579 5.52103
    endloop
  endfacet
  facet normal 0 0.941448 0.337158
    outer loop
      vertex -5.51518 -15.579 5.52103
      vertex 5.86853 -15.5244 5.36857
      vertex -5.86853 -15.5244 5.36857
    endloop
  endfacet
  facet normal -0.00245789 0.99899 0.0448579
    outer loop
      vertex 4.9208 -15.6421 5.83827
      vertex 4.66157 -15.65 6
      vertex 4.74675 -15.6479 5.9579
    endloop
  endfacet
  facet normal 0 0.998809 0.0487887
    outer loop
      vertex 4.66157 -15.65 6
      vertex 4.9208 -15.6421 5.83827
      vertex -4.66157 -15.65 6
    endloop
  endfacet
  facet normal -0 0.998809 0.0487887
    outer loop
      vertex -4.9208 -15.6421 5.83827
      vertex -4.66157 -15.65 6
      vertex 4.9208 -15.6421 5.83827
    endloop
  endfacet
  facet normal 0.00245789 0.99899 0.0448579
    outer loop
      vertex -4.66157 -15.65 6
      vertex -4.9208 -15.6421 5.83827
      vertex -4.74675 -15.6479 5.9579
    endloop
  endfacet
  facet normal 0.00888854 -0.938085 -0.34629
    outer loop
      vertex -10.2711 -12.421 6.47897
      vertex -10.0938 -12.4756 6.63143
      vertex -10.2105 -12.4416 6.53633
    endloop
  endfacet
  facet normal 0 -0.941448 -0.337158
    outer loop
      vertex -10.0938 -12.4756 6.63143
      vertex -10.2711 -12.421 6.47897
      vertex 10.0938 -12.4756 6.63143
    endloop
  endfacet
  facet normal -0 -0.941448 -0.337158
    outer loop
      vertex 10.2711 -12.421 6.47897
      vertex 10.0938 -12.4756 6.63143
      vertex -10.2711 -12.421 6.47897
    endloop
  endfacet
  facet normal -0.00888854 -0.938085 -0.34629
    outer loop
      vertex 10.0938 -12.4756 6.63143
      vertex 10.2711 -12.421 6.47897
      vertex 10.2105 -12.4416 6.53633
    endloop
  endfacet
  facet normal -0.151839 0.162456 -0.974963
    outer loop
      vertex 9.73848 -14 4.35
      vertex 9.51449 -14.1617 4.35794
      vertex 9.69093 -14.0343 4.35169
    endloop
  endfacet
  facet normal 0 0.0490442 0.998797
    outer loop
      vertex 9.73848 -14 4.35
      vertex -9.51449 -14.1617 4.35794
      vertex 9.51449 -14.1617 4.35794
    endloop
  endfacet
  facet normal 3.74747e-07 0.0489997 0.998799
    outer loop
      vertex 9.73848 -14 4.35
      vertex -9.69093 -14.0343 4.35169
      vertex -9.51449 -14.1617 4.35794
    endloop
  endfacet
  facet normal 0 0.0492114 0.998788
    outer loop
      vertex -9.69093 -14.0343 4.35169
      vertex 9.73848 -14 4.35
      vertex -9.73848 -14 4.35
    endloop
  endfacet
  facet normal 0 -0.14671 0.98918
    outer loop
      vertex 10.1489 -13.6781 4.3817
      vertex -9.95062 -13.8383 4.35794
      vertex 9.95062 -13.8383 4.35794
    endloop
  endfacet
  facet normal 0 -0.14671 0.98918
    outer loop
      vertex -9.95062 -13.8383 4.35794
      vertex 10.1489 -13.6781 4.3817
      vertex -10.1489 -13.6781 4.3817
    endloop
  endfacet
  facet normal 0 -0.998834 -0.0482762
    outer loop
      vertex -10.6096 -12.3539 6.07897
      vertex 10.5504 -12.3579 6.16173
      vertex -10.5504 -12.3579 6.16173
    endloop
  endfacet
  facet normal 0 -0.998834 -0.0482762
    outer loop
      vertex -10.6096 -12.3539 6.07897
      vertex 10.6096 -12.3539 6.07897
      vertex 10.5504 -12.3579 6.16173
    endloop
  endfacet
  facet normal 0 -0.998783 -0.0493257
    outer loop
      vertex -10.6661 -12.35 6
      vertex 10.6096 -12.3539 6.07897
      vertex -10.6096 -12.3539 6.07897
    endloop
  endfacet
  facet normal 0 -0.998783 -0.0493257
    outer loop
      vertex 10.6096 -12.3539 6.07897
      vertex -10.6661 -12.35 6
      vertex 10.6661 -12.35 6
    endloop
  endfacet
  facet normal 0 0.740778 0.67175
    outer loop
      vertex 7.29969 -15.1667 4.83327
      vertex -6.94521 -15.2755 4.95325
      vertex 6.94521 -15.2755 4.95325
    endloop
  endfacet
  facet normal 0 0.740778 0.67175
    outer loop
      vertex -6.94521 -15.2755 4.95325
      vertex 7.29969 -15.1667 4.83327
      vertex -7.29969 -15.1667 4.83327
    endloop
  endfacet
  facet normal -0.989178 -0.146722 0
    outer loop
      vertex 6.96629 0.686119 0
      vertex 6.8655 1.36563 90
      vertex 6.8655 1.36563 0
    endloop
  endfacet
  facet normal -0.989178 -0.146722 0
    outer loop
      vertex 6.8655 1.36563 90
      vertex 6.96629 0.686119 0
      vertex 6.96629 0.686119 90
    endloop
  endfacet
  facet normal -0.998795 -0.0490722 0
    outer loop
      vertex 7 0 0
      vertex 6.96629 0.686119 90
      vertex 6.96629 0.686119 0
    endloop
  endfacet
  facet normal -0.998795 -0.0490722 0
    outer loop
      vertex 6.96629 0.686119 90
      vertex 7 0 0
      vertex 7 0 90
    endloop
  endfacet
  facet normal -0.970029 -0.242988 0
    outer loop
      vertex 6.8655 1.36563 0
      vertex 6.69858 2.03199 90
      vertex 6.69858 2.03199 0
    endloop
  endfacet
  facet normal -0.970029 -0.242988 0
    outer loop
      vertex 6.69858 2.03199 90
      vertex 6.8655 1.36563 0
      vertex 6.8655 1.36563 90
    endloop
  endfacet
  facet normal -0.427554 0.90399 0
    outer loop
      vertex 3.29978 -6.17345 0
      vertex 2.67878 -6.46716 90
      vertex 3.29978 -6.17345 90
    endloop
  endfacet
  facet normal -0.427554 0.90399 0
    outer loop
      vertex 2.67878 -6.46716 90
      vertex 3.29978 -6.17345 0
      vertex 2.67878 -6.46716 0
    endloop
  endfacet
  facet normal 0.0490722 -0.998795 0
    outer loop
      vertex -0.686119 6.96629 0
      vertex 0 7 90
      vertex -0.686119 6.96629 90
    endloop
  endfacet
  facet normal 0.0490722 -0.998795 0
    outer loop
      vertex 0 7 90
      vertex -0.686119 6.96629 0
      vertex 0 7 0
    endloop
  endfacet
  facet normal 0.427554 -0.90399 0
    outer loop
      vertex -3.29978 6.17345 0
      vertex -2.67878 6.46716 90
      vertex -3.29978 6.17345 90
    endloop
  endfacet
  facet normal 0.427554 -0.90399 0
    outer loop
      vertex -2.67878 6.46716 90
      vertex -3.29978 6.17345 0
      vertex -2.67878 6.46716 0
    endloop
  endfacet
  facet normal -0.740959 -0.67155 0
    outer loop
      vertex 5.41107 4.44075 0
      vertex 4.94975 4.94975 90
      vertex 4.94975 4.94975 0
    endloop
  endfacet
  facet normal -0.740959 -0.67155 0
    outer loop
      vertex 4.94975 4.94975 90
      vertex 5.41107 4.44075 0
      vertex 5.41107 4.44075 90
    endloop
  endfacet
  facet normal 0.146722 0.989178 -0
    outer loop
      vertex -0.686119 -6.96629 0
      vertex -1.36563 -6.8655 90
      vertex -0.686119 -6.96629 90
    endloop
  endfacet
  facet normal 0.146722 0.989178 0
    outer loop
      vertex -1.36563 -6.8655 90
      vertex -0.686119 -6.96629 0
      vertex -1.36563 -6.8655 0
    endloop
  endfacet
  facet normal -0.427554 -0.90399 0
    outer loop
      vertex 2.67878 6.46716 0
      vertex 3.29978 6.17345 90
      vertex 2.67878 6.46716 90
    endloop
  endfacet
  facet normal -0.427554 -0.90399 -0
    outer loop
      vertex 3.29978 6.17345 90
      vertex 2.67878 6.46716 0
      vertex 3.29978 6.17345 0
    endloop
  endfacet
  facet normal 0.146722 -0.989178 0
    outer loop
      vertex -1.36563 6.8655 0
      vertex -0.686119 6.96629 90
      vertex -1.36563 6.8655 90
    endloop
  endfacet
  facet normal 0.146722 -0.989178 0
    outer loop
      vertex -0.686119 6.96629 90
      vertex -1.36563 6.8655 0
      vertex -0.686119 6.96629 0
    endloop
  endfacet
  facet normal -0.242988 0.970029 0
    outer loop
      vertex 2.03199 -6.69858 0
      vertex 1.36563 -6.8655 90
      vertex 2.03199 -6.69858 90
    endloop
  endfacet
  facet normal -0.242988 0.970029 0
    outer loop
      vertex 1.36563 -6.8655 90
      vertex 2.03199 -6.69858 0
      vertex 1.36563 -6.8655 0
    endloop
  endfacet
  facet normal 0.595706 -0.803203 0
    outer loop
      vertex -4.44075 5.41107 0
      vertex -3.88899 5.82029 90
      vertex -4.44075 5.41107 90
    endloop
  endfacet
  facet normal 0.595706 -0.803203 0
    outer loop
      vertex -3.88899 5.82029 90
      vertex -4.44075 5.41107 0
      vertex -3.88899 5.82029 0
    endloop
  endfacet
  facet normal 0.90399 -0.427554 0
    outer loop
      vertex -6.46716 2.67878 90
      vertex -6.17345 3.29978 0
      vertex -6.17345 3.29978 90
    endloop
  endfacet
  facet normal 0.90399 -0.427554 0
    outer loop
      vertex -6.17345 3.29978 0
      vertex -6.46716 2.67878 90
      vertex -6.46716 2.67878 0
    endloop
  endfacet
  facet normal 0.427554 0.90399 -0
    outer loop
      vertex -2.67878 -6.46716 0
      vertex -3.29978 -6.17345 90
      vertex -2.67878 -6.46716 90
    endloop
  endfacet
  facet normal 0.427554 0.90399 0
    outer loop
      vertex -3.29978 -6.17345 90
      vertex -2.67878 -6.46716 0
      vertex -3.29978 -6.17345 0
    endloop
  endfacet
  facet normal -0.336883 0.941546 0
    outer loop
      vertex 2.67878 -6.46716 0
      vertex 2.03199 -6.69858 90
      vertex 2.67878 -6.46716 90
    endloop
  endfacet
  facet normal -0.336883 0.941546 0
    outer loop
      vertex 2.03199 -6.69858 90
      vertex 2.67878 -6.46716 0
      vertex 2.03199 -6.69858 0
    endloop
  endfacet
  facet normal 0.595706 0.803203 -0
    outer loop
      vertex -3.88899 -5.82029 0
      vertex -4.44075 -5.41107 90
      vertex -3.88899 -5.82029 90
    endloop
  endfacet
  facet normal 0.595706 0.803203 0
    outer loop
      vertex -4.44075 -5.41107 90
      vertex -3.88899 -5.82029 0
      vertex -4.44075 -5.41107 0
    endloop
  endfacet
  facet normal 0.90399 0.427554 0
    outer loop
      vertex -6.17345 -3.29978 90
      vertex -6.46716 -2.67878 0
      vertex -6.46716 -2.67878 90
    endloop
  endfacet
  facet normal 0.90399 0.427554 0
    outer loop
      vertex -6.46716 -2.67878 0
      vertex -6.17345 -3.29978 90
      vertex -6.17345 -3.29978 0
    endloop
  endfacet
  facet normal -0.514104 -0.857728 0
    outer loop
      vertex 3.29978 6.17345 0
      vertex 3.88899 5.82029 90
      vertex 3.29978 6.17345 90
    endloop
  endfacet
  facet normal -0.514104 -0.857728 -0
    outer loop
      vertex 3.88899 5.82029 90
      vertex 3.29978 6.17345 0
      vertex 3.88899 5.82029 0
    endloop
  endfacet
  facet normal -0.595706 0.803203 0
    outer loop
      vertex 4.44075 -5.41107 0
      vertex 3.88899 -5.82029 90
      vertex 4.44075 -5.41107 90
    endloop
  endfacet
  facet normal -0.595706 0.803203 0
    outer loop
      vertex 3.88899 -5.82029 90
      vertex 4.44075 -5.41107 0
      vertex 3.88899 -5.82029 0
    endloop
  endfacet
  facet normal 0.998795 0.0490722 0
    outer loop
      vertex -6.96629 -0.686119 90
      vertex -7 0 0
      vertex -7 0 90
    endloop
  endfacet
  facet normal 0.998795 0.0490722 0
    outer loop
      vertex -7 0 0
      vertex -6.96629 -0.686119 90
      vertex -6.96629 -0.686119 0
    endloop
  endfacet
  facet normal -0.595706 -0.803203 0
    outer loop
      vertex 3.88899 5.82029 0
      vertex 4.44075 5.41107 90
      vertex 3.88899 5.82029 90
    endloop
  endfacet
  facet normal -0.595706 -0.803203 -0
    outer loop
      vertex 4.44075 5.41107 90
      vertex 3.88899 5.82029 0
      vertex 4.44075 5.41107 0
    endloop
  endfacet
  facet normal -0.970029 0.242988 0
    outer loop
      vertex 6.69858 -2.03199 0
      vertex 6.8655 -1.36563 90
      vertex 6.8655 -1.36563 0
    endloop
  endfacet
  facet normal -0.970029 0.242988 0
    outer loop
      vertex 6.8655 -1.36563 90
      vertex 6.69858 -2.03199 0
      vertex 6.69858 -2.03199 90
    endloop
  endfacet
  facet normal 0.941546 0.336883 0
    outer loop
      vertex -6.46716 -2.67878 90
      vertex -6.69858 -2.03199 0
      vertex -6.69858 -2.03199 90
    endloop
  endfacet
  facet normal 0.941546 0.336883 0
    outer loop
      vertex -6.69858 -2.03199 0
      vertex -6.46716 -2.67878 90
      vertex -6.46716 -2.67878 0
    endloop
  endfacet
  facet normal -0.242988 -0.970029 0
    outer loop
      vertex 1.36563 6.8655 0
      vertex 2.03199 6.69858 90
      vertex 1.36563 6.8655 90
    endloop
  endfacet
  facet normal -0.242988 -0.970029 -0
    outer loop
      vertex 2.03199 6.69858 90
      vertex 1.36563 6.8655 0
      vertex 2.03199 6.69858 0
    endloop
  endfacet
  facet normal 0.740959 -0.67155 0
    outer loop
      vertex -5.41107 4.44075 90
      vertex -4.94975 4.94975 0
      vertex -4.94975 4.94975 90
    endloop
  endfacet
  facet normal 0.740959 -0.67155 0
    outer loop
      vertex -4.94975 4.94975 0
      vertex -5.41107 4.44075 90
      vertex -5.41107 4.44075 0
    endloop
  endfacet
  facet normal -0.0490722 0.998795 0
    outer loop
      vertex 0.686119 -6.96629 0
      vertex 0 -7 90
      vertex 0.686119 -6.96629 90
    endloop
  endfacet
  facet normal -0.0490722 0.998795 0
    outer loop
      vertex 0 -7 90
      vertex 0.686119 -6.96629 0
      vertex 0 -7 0
    endloop
  endfacet
  facet normal -0.803203 -0.595706 0
    outer loop
      vertex 5.82029 3.88899 0
      vertex 5.41107 4.44075 90
      vertex 5.41107 4.44075 0
    endloop
  endfacet
  facet normal -0.803203 -0.595706 0
    outer loop
      vertex 5.41107 4.44075 90
      vertex 5.82029 3.88899 0
      vertex 5.82029 3.88899 90
    endloop
  endfacet
  facet normal 0.970029 0.242988 0
    outer loop
      vertex -6.69858 -2.03199 90
      vertex -6.8655 -1.36563 0
      vertex -6.8655 -1.36563 90
    endloop
  endfacet
  facet normal 0.970029 0.242988 0
    outer loop
      vertex -6.8655 -1.36563 0
      vertex -6.69858 -2.03199 90
      vertex -6.69858 -2.03199 0
    endloop
  endfacet
  facet normal -0.989178 0.146722 0
    outer loop
      vertex 6.8655 -1.36563 0
      vertex 6.96629 -0.686119 90
      vertex 6.96629 -0.686119 0
    endloop
  endfacet
  facet normal -0.989178 0.146722 0
    outer loop
      vertex 6.96629 -0.686119 90
      vertex 6.8655 -1.36563 0
      vertex 6.8655 -1.36563 90
    endloop
  endfacet
  facet normal -0.514104 0.857728 0
    outer loop
      vertex 3.88899 -5.82029 0
      vertex 3.29978 -6.17345 90
      vertex 3.88899 -5.82029 90
    endloop
  endfacet
  facet normal -0.514104 0.857728 0
    outer loop
      vertex 3.29978 -6.17345 90
      vertex 3.88899 -5.82029 0
      vertex 3.29978 -6.17345 0
    endloop
  endfacet
  facet normal 0.941546 -0.336883 0
    outer loop
      vertex -6.69858 2.03199 90
      vertex -6.46716 2.67878 0
      vertex -6.46716 2.67878 90
    endloop
  endfacet
  facet normal 0.941546 -0.336883 0
    outer loop
      vertex -6.46716 2.67878 0
      vertex -6.69858 2.03199 90
      vertex -6.69858 2.03199 0
    endloop
  endfacet
  facet normal -0.67155 -0.740959 0
    outer loop
      vertex 4.44075 5.41107 0
      vertex 4.94975 4.94975 90
      vertex 4.44075 5.41107 90
    endloop
  endfacet
  facet normal -0.67155 -0.740959 -0
    outer loop
      vertex 4.94975 4.94975 90
      vertex 4.44075 5.41107 0
      vertex 4.94975 4.94975 0
    endloop
  endfacet
  facet normal 0.989178 -0.146722 0
    outer loop
      vertex -6.96629 0.686119 90
      vertex -6.8655 1.36563 0
      vertex -6.8655 1.36563 90
    endloop
  endfacet
  facet normal 0.989178 -0.146722 0
    outer loop
      vertex -6.8655 1.36563 0
      vertex -6.96629 0.686119 90
      vertex -6.96629 0.686119 0
    endloop
  endfacet
  facet normal -0.90399 0.427554 0
    outer loop
      vertex 6.17345 -3.29978 0
      vertex 6.46716 -2.67878 90
      vertex 6.46716 -2.67878 0
    endloop
  endfacet
  facet normal -0.90399 0.427554 0
    outer loop
      vertex 6.46716 -2.67878 90
      vertex 6.17345 -3.29978 0
      vertex 6.17345 -3.29978 90
    endloop
  endfacet
  facet normal -0.336883 -0.941546 0
    outer loop
      vertex 2.03199 6.69858 0
      vertex 2.67878 6.46716 90
      vertex 2.03199 6.69858 90
    endloop
  endfacet
  facet normal -0.336883 -0.941546 -0
    outer loop
      vertex 2.67878 6.46716 90
      vertex 2.03199 6.69858 0
      vertex 2.67878 6.46716 0
    endloop
  endfacet
  facet normal -0.998795 0.0490722 0
    outer loop
      vertex 6.96629 -0.686119 0
      vertex 7 0 90
      vertex 7 0 0
    endloop
  endfacet
  facet normal -0.998795 0.0490722 0
    outer loop
      vertex 7 0 90
      vertex 6.96629 -0.686119 0
      vertex 6.96629 -0.686119 90
    endloop
  endfacet
  facet normal -0.146722 0.989178 0
    outer loop
      vertex 1.36563 -6.8655 0
      vertex 0.686119 -6.96629 90
      vertex 1.36563 -6.8655 90
    endloop
  endfacet
  facet normal -0.146722 0.989178 0
    outer loop
      vertex 0.686119 -6.96629 90
      vertex 1.36563 -6.8655 0
      vertex 0.686119 -6.96629 0
    endloop
  endfacet
  facet normal -0.941546 -0.336883 0
    outer loop
      vertex 6.69858 2.03199 0
      vertex 6.46716 2.67878 90
      vertex 6.46716 2.67878 0
    endloop
  endfacet
  facet normal -0.941546 -0.336883 0
    outer loop
      vertex 6.46716 2.67878 90
      vertex 6.69858 2.03199 0
      vertex 6.69858 2.03199 90
    endloop
  endfacet
  facet normal -0.803203 0.595706 0
    outer loop
      vertex 5.41107 -4.44075 0
      vertex 5.82029 -3.88899 90
      vertex 5.82029 -3.88899 0
    endloop
  endfacet
  facet normal -0.803203 0.595706 0
    outer loop
      vertex 5.82029 -3.88899 90
      vertex 5.41107 -4.44075 0
      vertex 5.41107 -4.44075 90
    endloop
  endfacet
  facet normal -0.857728 0.514104 0
    outer loop
      vertex 5.82029 -3.88899 0
      vertex 6.17345 -3.29978 90
      vertex 6.17345 -3.29978 0
    endloop
  endfacet
  facet normal -0.857728 0.514104 0
    outer loop
      vertex 6.17345 -3.29978 90
      vertex 5.82029 -3.88899 0
      vertex 5.82029 -3.88899 90
    endloop
  endfacet
  facet normal 0.242988 -0.970029 0
    outer loop
      vertex -2.03199 6.69858 0
      vertex -1.36563 6.8655 90
      vertex -2.03199 6.69858 90
    endloop
  endfacet
  facet normal 0.242988 -0.970029 0
    outer loop
      vertex -1.36563 6.8655 90
      vertex -2.03199 6.69858 0
      vertex -1.36563 6.8655 0
    endloop
  endfacet
  facet normal -0.941546 0.336883 0
    outer loop
      vertex 6.46716 -2.67878 0
      vertex 6.69858 -2.03199 90
      vertex 6.69858 -2.03199 0
    endloop
  endfacet
  facet normal -0.941546 0.336883 0
    outer loop
      vertex 6.69858 -2.03199 90
      vertex 6.46716 -2.67878 0
      vertex 6.46716 -2.67878 90
    endloop
  endfacet
  facet normal -0.0490722 -0.998795 0
    outer loop
      vertex 0 7 0
      vertex 0.686119 6.96629 90
      vertex 0 7 90
    endloop
  endfacet
  facet normal -0.0490722 -0.998795 -0
    outer loop
      vertex 0.686119 6.96629 90
      vertex 0 7 0
      vertex 0.686119 6.96629 0
    endloop
  endfacet
  facet normal 0.514104 -0.857728 0
    outer loop
      vertex -3.88899 5.82029 0
      vertex -3.29978 6.17345 90
      vertex -3.88899 5.82029 90
    endloop
  endfacet
  facet normal 0.514104 -0.857728 0
    outer loop
      vertex -3.29978 6.17345 90
      vertex -3.88899 5.82029 0
      vertex -3.29978 6.17345 0
    endloop
  endfacet
  facet normal -0.90399 -0.427554 0
    outer loop
      vertex 6.46716 2.67878 0
      vertex 6.17345 3.29978 90
      vertex 6.17345 3.29978 0
    endloop
  endfacet
  facet normal -0.90399 -0.427554 0
    outer loop
      vertex 6.17345 3.29978 90
      vertex 6.46716 2.67878 0
      vertex 6.46716 2.67878 90
    endloop
  endfacet
  facet normal -0.146722 -0.989178 0
    outer loop
      vertex 0.686119 6.96629 0
      vertex 1.36563 6.8655 90
      vertex 0.686119 6.96629 90
    endloop
  endfacet
  facet normal -0.146722 -0.989178 -0
    outer loop
      vertex 1.36563 6.8655 90
      vertex 0.686119 6.96629 0
      vertex 1.36563 6.8655 0
    endloop
  endfacet
  facet normal 0.242988 0.970029 -0
    outer loop
      vertex -1.36563 -6.8655 0
      vertex -2.03199 -6.69858 90
      vertex -1.36563 -6.8655 90
    endloop
  endfacet
  facet normal 0.242988 0.970029 0
    outer loop
      vertex -2.03199 -6.69858 90
      vertex -1.36563 -6.8655 0
      vertex -2.03199 -6.69858 0
    endloop
  endfacet
  facet normal 0.857728 0.514104 0
    outer loop
      vertex -5.82029 -3.88899 90
      vertex -6.17345 -3.29978 0
      vertex -6.17345 -3.29978 90
    endloop
  endfacet
  facet normal 0.857728 0.514104 0
    outer loop
      vertex -6.17345 -3.29978 0
      vertex -5.82029 -3.88899 90
      vertex -5.82029 -3.88899 0
    endloop
  endfacet
  facet normal -0.857728 -0.514104 0
    outer loop
      vertex 6.17345 3.29978 0
      vertex 5.82029 3.88899 90
      vertex 5.82029 3.88899 0
    endloop
  endfacet
  facet normal -0.857728 -0.514104 0
    outer loop
      vertex 5.82029 3.88899 90
      vertex 6.17345 3.29978 0
      vertex 6.17345 3.29978 90
    endloop
  endfacet
  facet normal 0.336883 -0.941546 0
    outer loop
      vertex -2.67878 6.46716 0
      vertex -2.03199 6.69858 90
      vertex -2.67878 6.46716 90
    endloop
  endfacet
  facet normal 0.336883 -0.941546 0
    outer loop
      vertex -2.03199 6.69858 90
      vertex -2.67878 6.46716 0
      vertex -2.03199 6.69858 0
    endloop
  endfacet
  facet normal 0.740959 0.67155 0
    outer loop
      vertex -4.94975 -4.94975 90
      vertex -5.41107 -4.44075 0
      vertex -5.41107 -4.44075 90
    endloop
  endfacet
  facet normal 0.740959 0.67155 0
    outer loop
      vertex -5.41107 -4.44075 0
      vertex -4.94975 -4.94975 90
      vertex -4.94975 -4.94975 0
    endloop
  endfacet
  facet normal 0.67155 -0.740959 0
    outer loop
      vertex -4.94975 4.94975 0
      vertex -4.44075 5.41107 90
      vertex -4.94975 4.94975 90
    endloop
  endfacet
  facet normal 0.67155 -0.740959 0
    outer loop
      vertex -4.44075 5.41107 90
      vertex -4.94975 4.94975 0
      vertex -4.44075 5.41107 0
    endloop
  endfacet
  facet normal 0.514104 0.857728 -0
    outer loop
      vertex -3.29978 -6.17345 0
      vertex -3.88899 -5.82029 90
      vertex -3.29978 -6.17345 90
    endloop
  endfacet
  facet normal 0.514104 0.857728 0
    outer loop
      vertex -3.88899 -5.82029 90
      vertex -3.29978 -6.17345 0
      vertex -3.88899 -5.82029 0
    endloop
  endfacet
  facet normal 0.970029 -0.242988 0
    outer loop
      vertex -6.8655 1.36563 90
      vertex -6.69858 2.03199 0
      vertex -6.69858 2.03199 90
    endloop
  endfacet
  facet normal 0.970029 -0.242988 0
    outer loop
      vertex -6.69858 2.03199 0
      vertex -6.8655 1.36563 90
      vertex -6.8655 1.36563 0
    endloop
  endfacet
  facet normal 0.803203 0.595706 0
    outer loop
      vertex -5.41107 -4.44075 90
      vertex -5.82029 -3.88899 0
      vertex -5.82029 -3.88899 90
    endloop
  endfacet
  facet normal 0.803203 0.595706 0
    outer loop
      vertex -5.82029 -3.88899 0
      vertex -5.41107 -4.44075 90
      vertex -5.41107 -4.44075 0
    endloop
  endfacet
  facet normal 0.989178 0.146722 0
    outer loop
      vertex -6.8655 -1.36563 90
      vertex -6.96629 -0.686119 0
      vertex -6.96629 -0.686119 90
    endloop
  endfacet
  facet normal 0.989178 0.146722 0
    outer loop
      vertex -6.96629 -0.686119 0
      vertex -6.8655 -1.36563 90
      vertex -6.8655 -1.36563 0
    endloop
  endfacet
  facet normal 0.67155 0.740959 -0
    outer loop
      vertex -4.44075 -5.41107 0
      vertex -4.94975 -4.94975 90
      vertex -4.44075 -5.41107 90
    endloop
  endfacet
  facet normal 0.67155 0.740959 0
    outer loop
      vertex -4.94975 -4.94975 90
      vertex -4.44075 -5.41107 0
      vertex -4.94975 -4.94975 0
    endloop
  endfacet
  facet normal 0.803203 -0.595706 0
    outer loop
      vertex -5.82029 3.88899 90
      vertex -5.41107 4.44075 0
      vertex -5.41107 4.44075 90
    endloop
  endfacet
  facet normal 0.803203 -0.595706 0
    outer loop
      vertex -5.41107 4.44075 0
      vertex -5.82029 3.88899 90
      vertex -5.82029 3.88899 0
    endloop
  endfacet
  facet normal 0.857728 -0.514104 0
    outer loop
      vertex -6.17345 3.29978 90
      vertex -5.82029 3.88899 0
      vertex -5.82029 3.88899 90
    endloop
  endfacet
  facet normal 0.857728 -0.514104 0
    outer loop
      vertex -5.82029 3.88899 0
      vertex -6.17345 3.29978 90
      vertex -6.17345 3.29978 0
    endloop
  endfacet
  facet normal 0.0490722 0.998795 -0
    outer loop
      vertex 0 -7 0
      vertex -0.686119 -6.96629 90
      vertex 0 -7 90
    endloop
  endfacet
  facet normal 0.0490722 0.998795 0
    outer loop
      vertex -0.686119 -6.96629 90
      vertex 0 -7 0
      vertex -0.686119 -6.96629 0
    endloop
  endfacet
  facet normal 0.998795 -0.0490722 0
    outer loop
      vertex -7 0 90
      vertex -6.96629 0.686119 0
      vertex -6.96629 0.686119 90
    endloop
  endfacet
  facet normal 0.998795 -0.0490722 0
    outer loop
      vertex -6.96629 0.686119 0
      vertex -7 0 90
      vertex -7 0 0
    endloop
  endfacet
  facet normal 0.336883 0.941546 -0
    outer loop
      vertex -2.03199 -6.69858 0
      vertex -2.67878 -6.46716 90
      vertex -2.03199 -6.69858 90
    endloop
  endfacet
  facet normal 0.336883 0.941546 0
    outer loop
      vertex -2.67878 -6.46716 90
      vertex -2.03199 -6.69858 0
      vertex -2.67878 -6.46716 0
    endloop
  endfacet
  facet normal -0.740959 0.67155 0
    outer loop
      vertex 4.94975 -4.94975 0
      vertex 5.41107 -4.44075 90
      vertex 5.41107 -4.44075 0
    endloop
  endfacet
  facet normal -0.740959 0.67155 0
    outer loop
      vertex 5.41107 -4.44075 90
      vertex 4.94975 -4.94975 0
      vertex 4.94975 -4.94975 90
    endloop
  endfacet
  facet normal -0.67155 0.740959 0
    outer loop
      vertex 4.94975 -4.94975 0
      vertex 4.44075 -5.41107 90
      vertex 4.94975 -4.94975 90
    endloop
  endfacet
  facet normal -0.67155 0.740959 0
    outer loop
      vertex 4.44075 -5.41107 90
      vertex 4.94975 -4.94975 0
      vertex 4.44075 -5.41107 0
    endloop
  endfacet
endsolid OpenSCAD_Model
